stage,layer,matrix,pair,perturbed_coordinates,loss_plus,loss_minus,abs_y
initial,0,W_in,0,16,2.97046160697937,2.9795174598693848,0.009055852890014648
initial,0,W_in,1,16,3.000309467315674,2.982762575149536,0.017546892166137695
initial,0,W_in,2,16,3.0408241748809814,3.0368690490722656,0.00395512580871582
initial,0,W_in,3,16,2.7704014778137207,2.7507190704345703,0.01968240737915039
initial,0,W_in,4,16,3.0078959465026855,3.0143017768859863,0.006405830383300781
initial,0,W_in,5,16,2.900608539581299,2.891099214553833,0.00950932502746582
initial,0,W_in,6,16,2.942117691040039,2.9578418731689453,0.01572418212890625
initial,0,W_in,7,16,2.8679919242858887,2.887117624282837,0.019125699996948242
initial,0,W_in,8,16,2.80527400970459,2.816967487335205,0.011693477630615234
initial,0,W_in,9,16,2.8438363075256348,2.8618929386138916,0.018056631088256836
initial,0,W_in,10,16,2.9321107864379883,2.928327798843384,0.003782987594604492
initial,0,W_in,11,16,2.815704107284546,2.829712390899658,0.014008283615112305
initial,0,W_in,12,16,3.062002420425415,3.0662155151367188,0.004213094711303711
initial,0,W_in,13,16,2.7880563735961914,2.8087170124053955,0.0206606388092041
initial,0,W_in,14,16,2.688304901123047,2.6988613605499268,0.010556459426879883
initial,0,W_in,15,16,2.6793699264526367,2.675051212310791,0.004318714141845703
initial,0,W_in,16,16,2.693469524383545,2.699326753616333,0.005857229232788086
initial,0,W_in,17,16,2.933743476867676,2.940810203552246,0.0070667266845703125
initial,0,W_in,18,16,3.019181966781616,3.021432876586914,0.0022509098052978516
initial,0,W_in,19,16,2.8806941509246826,2.8865268230438232,0.005832672119140625
initial,0,W_in,20,16,3.0390443801879883,3.028012990951538,0.011031389236450195
initial,0,W_in,21,16,2.7881722450256348,2.800579786300659,0.012407541275024414
initial,0,W_in,22,16,3.122110605239868,3.1315622329711914,0.009451627731323242
initial,0,W_in,23,16,2.899582862854004,2.8905720710754395,0.009010791778564453
initial,0,W_in,24,16,3.0552306175231934,3.041344165802002,0.013886451721191406
initial,0,W_in,25,16,2.8674874305725098,2.8600993156433105,0.007388114929199219
initial,0,W_in,26,16,2.9019694328308105,2.906207799911499,0.0042383670806884766
initial,0,W_in,27,16,2.84969425201416,2.8538527488708496,0.004158496856689453
initial,0,W_in,28,16,3.068234443664551,3.1044278144836426,0.0361933708190918
initial,0,W_in,29,16,2.7597782611846924,2.7647433280944824,0.004965066909790039
initial,0,W_in,30,16,2.7633814811706543,2.776808023452759,0.013426542282104492
initial,0,W_in,31,16,3.1172409057617188,3.114938259124756,0.0023026466369628906
initial,0,W_in,32,16,2.8905701637268066,2.872609853744507,0.017960309982299805
initial,0,W_in,33,16,3.0147502422332764,3.054840326309204,0.040090084075927734
initial,0,W_in,34,16,3.034508228302002,3.02299427986145,0.011513948440551758
initial,0,W_in,35,16,2.796607255935669,2.8077328205108643,0.011125564575195312
initial,0,W_in,36,16,2.760770797729492,2.7921504974365234,0.03137969970703125
initial,0,W_in,37,16,3.007755994796753,3.005174398422241,0.0025815963745117188
initial,0,W_in,38,16,2.9294564723968506,2.958989381790161,0.029532909393310547
initial,0,W_in,39,16,2.6355090141296387,2.6276848316192627,0.007824182510375977
initial,0,W_in,40,16,2.794316291809082,2.7928929328918457,0.0014233589172363281
initial,0,W_in,41,16,2.931875705718994,2.9388914108276367,0.007015705108642578
initial,0,W_in,42,16,2.979473352432251,2.9701693058013916,0.009304046630859375
initial,0,W_in,43,16,2.8199729919433594,2.8161633014678955,0.003809690475463867
initial,0,W_in,44,16,2.6921820640563965,2.657616138458252,0.03456592559814453
initial,0,W_in,45,16,2.965566873550415,2.9656496047973633,8.273124694824219e-05
initial,0,W_in,46,16,2.915766954421997,2.918848991394043,0.0030820369720458984
initial,0,W_in,47,16,2.738260269165039,2.721564531326294,0.016695737838745117
initial,0,W_in,48,16,2.8710999488830566,2.847816228866577,0.023283720016479492
initial,0,W_in,49,16,2.7858424186706543,2.7841711044311523,0.0016713142395019531
initial,0,W_in,50,16,2.7616028785705566,2.761671543121338,6.866455078125e-05
initial,0,W_in,51,16,2.8122386932373047,2.7961974143981934,0.016041278839111328
initial,0,W_in,52,16,3.101186752319336,3.0709776878356934,0.030209064483642578
initial,0,W_in,53,16,2.9838247299194336,3.003289222717285,0.019464492797851562
initial,0,W_in,54,16,2.8941376209259033,2.9011178016662598,0.006980180740356445
initial,0,W_in,55,16,3.0276479721069336,3.0354583263397217,0.007810354232788086
initial,0,W_in,56,16,2.955552101135254,2.959667682647705,0.004115581512451172
initial,0,W_in,57,16,3.0407063961029053,3.0377049446105957,0.0030014514923095703
initial,0,W_in,58,16,3.0365827083587646,3.008687734603882,0.027894973754882812
initial,0,W_in,59,16,2.8792881965637207,2.8891994953155518,0.009911298751831055
initial,0,W_in,60,16,2.7100682258605957,2.709895372390747,0.0001728534698486328
initial,0,W_in,61,16,3.012282133102417,3.0223395824432373,0.010057449340820312
initial,0,W_in,62,16,2.869109630584717,2.868192195892334,0.0009174346923828125
initial,0,W_in,63,16,2.9199604988098145,2.9241762161254883,0.004215717315673828
initial,1,block0.W1,0,16,2.9625182151794434,2.960177421569824,0.0023407936096191406
initial,1,block0.W1,1,16,2.801745891571045,2.7971324920654297,0.004613399505615234
initial,1,block0.W1,2,16,2.8834266662597656,2.874419927597046,0.009006738662719727
initial,1,block0.W1,3,16,3.046079158782959,3.0416157245635986,0.0044634342193603516
initial,1,block0.W1,4,16,2.94547963142395,2.946794033050537,0.001314401626586914
initial,1,block0.W1,5,16,2.7031686305999756,2.704353094100952,0.0011844635009765625
initial,1,block0.W1,6,16,2.9636685848236084,2.9702210426330566,0.006552457809448242
initial,1,block0.W1,7,16,2.723949432373047,2.7161662578582764,0.007783174514770508
initial,1,block0.W1,8,16,2.9149270057678223,2.921079635620117,0.006152629852294922
initial,1,block0.W1,9,16,2.873547315597534,2.8827433586120605,0.009196043014526367
initial,1,block0.W1,10,16,2.788891077041626,2.7921342849731445,0.0032432079315185547
initial,1,block0.W1,11,16,3.0451042652130127,3.041749954223633,0.003354310989379883
initial,1,block0.W1,12,16,2.7873361110687256,2.7930233478546143,0.005687236785888672
initial,1,block0.W1,13,16,2.898404836654663,2.905003547668457,0.006598711013793945
initial,1,block0.W1,14,16,2.85896372795105,2.8612871170043945,0.0023233890533447266
initial,1,block0.W1,15,16,3.0279245376586914,3.024958848953247,0.002965688705444336
initial,1,block0.W1,16,16,2.8610358238220215,2.8447155952453613,0.016320228576660156
initial,1,block0.W1,17,16,2.8278281688690186,2.8249595165252686,0.00286865234375
initial,1,block0.W1,18,16,2.9171268939971924,2.915708541870117,0.0014183521270751953
initial,1,block0.W1,19,16,2.786715269088745,2.7818922996520996,0.004822969436645508
initial,1,block0.W1,20,16,2.9770190715789795,2.97786021232605,0.0008411407470703125
initial,1,block0.W1,21,16,2.5178322792053223,2.508273124694824,0.009559154510498047
initial,1,block0.W1,22,16,2.833881139755249,2.830150842666626,0.003730297088623047
initial,1,block0.W1,23,16,2.838670253753662,2.8425941467285156,0.003923892974853516
initial,1,block0.W1,24,16,2.9493043422698975,2.9631102085113525,0.013805866241455078
initial,1,block0.W1,25,16,2.6953372955322266,2.686760902404785,0.008576393127441406
initial,1,block0.W1,26,16,2.90450119972229,2.920239210128784,0.01573801040649414
initial,1,block0.W1,27,16,2.771024227142334,2.7595016956329346,0.011522531509399414
initial,1,block0.W1,28,16,2.9460110664367676,2.955007314682007,0.008996248245239258
initial,1,block0.W1,29,16,2.889991283416748,2.8789548873901367,0.011036396026611328
initial,1,block0.W1,30,16,2.8859169483184814,2.8645615577697754,0.021355390548706055
initial,1,block0.W1,31,16,2.7751541137695312,2.773226499557495,0.0019276142120361328
initial,1,block0.W1,32,16,2.9948837757110596,2.9925663471221924,0.0023174285888671875
initial,1,block0.W1,33,16,2.8434200286865234,2.8406105041503906,0.0028095245361328125
initial,1,block0.W1,34,16,2.8811962604522705,2.8598482608795166,0.021347999572753906
initial,1,block0.W1,35,16,2.8549764156341553,2.8439245223999023,0.01105189323425293
initial,1,block0.W1,36,16,3.043098211288452,3.036397695541382,0.0067005157470703125
initial,1,block0.W1,37,16,2.993244171142578,2.9924936294555664,0.0007505416870117188
initial,1,block0.W1,38,16,2.6993885040283203,2.689692974090576,0.00969552993774414
initial,1,block0.W1,39,16,2.8963913917541504,2.875833749771118,0.020557641983032227
initial,1,block0.W1,40,16,2.7191219329833984,2.719043016433716,7.891654968261719e-05
initial,1,block0.W1,41,16,2.934136152267456,2.9401845932006836,0.006048440933227539
initial,1,block0.W1,42,16,2.9632492065429688,2.9640953540802,0.0008461475372314453
initial,1,block0.W1,43,16,3.0168051719665527,3.026745319366455,0.009940147399902344
initial,1,block0.W1,44,16,2.848201274871826,2.855099678039551,0.006898403167724609
initial,1,block0.W1,45,16,2.7595598697662354,2.7616403102874756,0.0020804405212402344
initial,1,block0.W1,46,16,2.911292552947998,2.9071238040924072,0.00416874885559082
initial,1,block0.W1,47,16,2.804670572280884,2.8045578002929688,0.00011277198791503906
initial,1,block0.W1,48,16,2.873037815093994,2.8758597373962402,0.0028219223022460938
initial,1,block0.W1,49,16,2.989945411682129,2.9635140895843506,0.02643132209777832
initial,1,block0.W1,50,16,3.1357548236846924,3.145141839981079,0.009387016296386719
initial,1,block0.W1,51,16,2.6761903762817383,2.6872949600219727,0.011104583740234375
initial,1,block0.W1,52,16,2.7177138328552246,2.7290616035461426,0.011347770690917969
initial,1,block0.W1,53,16,3.069718360900879,3.0787346363067627,0.009016275405883789
initial,1,block0.W1,54,16,2.9158992767333984,2.920945405960083,0.00504612922668457
initial,1,block0.W1,55,16,3.0732507705688477,3.073834180831909,0.0005834102630615234
initial,1,block0.W1,56,16,2.652576208114624,2.656038284301758,0.003462076187133789
initial,1,block0.W1,57,16,3.0260348320007324,3.022749662399292,0.0032851696014404297
initial,1,block0.W1,58,16,2.7792625427246094,2.7696309089660645,0.009631633758544922
initial,1,block0.W1,59,16,2.931400775909424,2.9367096424102783,0.005308866500854492
initial,1,block0.W1,60,16,2.933368444442749,2.93019700050354,0.0031714439392089844
initial,1,block0.W1,61,16,2.8978469371795654,2.8943142890930176,0.0035326480865478516
initial,1,block0.W1,62,16,2.9621095657348633,2.9549546241760254,0.007154941558837891
initial,1,block0.W1,63,16,3.104851484298706,3.095322847366333,0.009528636932373047
initial,2,block0.W2,0,16,2.823042631149292,2.83231520652771,0.009272575378417969
initial,2,block0.W2,1,16,2.7993617057800293,2.783107280731201,0.016254425048828125
initial,2,block0.W2,2,16,2.9217329025268555,2.919766426086426,0.0019664764404296875
initial,2,block0.W2,3,16,3.060368776321411,3.0787508487701416,0.01838207244873047
initial,2,block0.W2,4,16,2.7954514026641846,2.7999069690704346,0.00445556640625
initial,2,block0.W2,5,16,2.795201301574707,2.796617031097412,0.0014157295227050781
initial,2,block0.W2,6,16,2.831754684448242,2.8302054405212402,0.0015492439270019531
initial,2,block0.W2,7,16,2.8786990642547607,2.880129337310791,0.0014302730560302734
initial,2,block0.W2,8,16,3.025608777999878,3.0392005443573,0.013591766357421875
initial,2,block0.W2,9,16,2.8737354278564453,2.875882148742676,0.0021467208862304688
initial,2,block0.W2,10,16,2.660478353500366,2.655669689178467,0.004808664321899414
initial,2,block0.W2,11,16,2.7545952796936035,2.761974334716797,0.007379055023193359
initial,2,block0.W2,12,16,2.710479736328125,2.699639320373535,0.010840415954589844
initial,2,block0.W2,13,16,3.024513006210327,3.0131192207336426,0.01139378547668457
initial,2,block0.W2,14,16,2.9002909660339355,2.9027180671691895,0.0024271011352539062
initial,2,block0.W2,15,16,2.990814447402954,2.9913041591644287,0.0004897117614746094
initial,2,block0.W2,16,16,2.898374319076538,2.9148592948913574,0.016484975814819336
initial,2,block0.W2,17,16,3.058868169784546,3.049381971359253,0.009486198425292969
initial,2,block0.W2,18,16,3.0034611225128174,3.026526927947998,0.023065805435180664
initial,2,block0.W2,19,16,2.9439752101898193,2.9369566440582275,0.007018566131591797
initial,2,block0.W2,20,16,3.0605878829956055,3.0303795337677,0.030208349227905273
initial,2,block0.W2,21,16,2.9402377605438232,2.9305858612060547,0.009651899337768555
initial,2,block0.W2,22,16,2.8356332778930664,2.8407609462738037,0.005127668380737305
initial,2,block0.W2,23,16,2.8767945766448975,2.8989243507385254,0.02212977409362793
initial,2,block0.W2,24,16,2.773617744445801,2.7809500694274902,0.007332324981689453
initial,2,block0.W2,25,16,2.8563179969787598,2.861290454864502,0.0049724578857421875
initial,2,block0.W2,26,16,3.005347967147827,2.9808108806610107,0.024537086486816406
initial,2,block0.W2,27,16,2.9930124282836914,3.0110220909118652,0.018009662628173828
initial,2,block0.W2,28,16,2.915778160095215,2.887913703918457,0.027864456176757812
initial,2,block0.W2,29,16,2.8809409141540527,2.88281512260437,0.0018742084503173828
initial,2,block0.W2,30,16,2.932143211364746,2.916551113128662,0.015592098236083984
initial,2,block0.W2,31,16,2.9155216217041016,2.898555040359497,0.016966581344604492
initial,2,block0.W2,32,16,2.8545033931732178,2.8291072845458984,0.025396108627319336
initial,2,block0.W2,33,16,3.102229356765747,3.0926434993743896,0.009585857391357422
initial,2,block0.W2,34,16,2.8181087970733643,2.812476396560669,0.0056324005126953125
initial,2,block0.W2,35,16,2.946225643157959,2.9713821411132812,0.025156497955322266
initial,2,block0.W2,36,16,2.6680338382720947,2.661553144454956,0.006480693817138672
initial,2,block0.W2,37,16,2.6712751388549805,2.6749613285064697,0.003686189651489258
initial,2,block0.W2,38,16,2.8965675830841064,2.902015447616577,0.005447864532470703
initial,2,block0.W2,39,16,2.7342631816864014,2.7472751140594482,0.013011932373046875
initial,2,block0.W2,40,16,3.0744895935058594,3.0825393199920654,0.008049726486206055
initial,2,block0.W2,41,16,2.9202141761779785,2.907724380493164,0.012489795684814453
initial,2,block0.W2,42,16,2.6845223903656006,2.6826446056365967,0.0018777847290039062
initial,2,block0.W2,43,16,2.9158613681793213,2.918731927871704,0.0028705596923828125
initial,2,block0.W2,44,16,2.9950945377349854,3.002626895904541,0.007532358169555664
initial,2,block0.W2,45,16,2.7172834873199463,2.7267208099365234,0.009437322616577148
initial,2,block0.W2,46,16,2.904026985168457,2.907803535461426,0.00377655029296875
initial,2,block0.W2,47,16,2.6785590648651123,2.6645543575286865,0.014004707336425781
initial,2,block0.W2,48,16,2.933122396469116,2.9225499629974365,0.010572433471679688
initial,2,block0.W2,49,16,2.841271162033081,2.8377456665039062,0.0035254955291748047
initial,2,block0.W2,50,16,2.984060287475586,2.9905261993408203,0.006465911865234375
initial,2,block0.W2,51,16,3.099682569503784,3.0834271907806396,0.01625537872314453
initial,2,block0.W2,52,16,2.777132511138916,2.770145893096924,0.0069866180419921875
initial,2,block0.W2,53,16,2.654975652694702,2.6700279712677,0.015052318572998047
initial,2,block0.W2,54,16,2.970093250274658,2.9574902057647705,0.012603044509887695
initial,2,block0.W2,55,16,2.856336832046509,2.8641304969787598,0.0077936649322509766
initial,2,block0.W2,56,16,2.773334264755249,2.7776832580566406,0.0043489933013916016
initial,2,block0.W2,57,16,2.887434959411621,2.865051746368408,0.02238321304321289
initial,2,block0.W2,58,16,2.96022367477417,2.9736063480377197,0.013382673263549805
initial,2,block0.W2,59,16,2.881660223007202,2.8718466758728027,0.009813547134399414
initial,2,block0.W2,60,16,3.020580291748047,3.0187880992889404,0.0017921924591064453
initial,2,block0.W2,61,16,2.801840305328369,2.837092876434326,0.03525257110595703
initial,2,block0.W2,62,16,3.0629358291625977,3.0453882217407227,0.017547607421875
initial,2,block0.W2,63,16,2.748674154281616,2.7535147666931152,0.0048406124114990234
initial,3,block1.W1,0,16,2.8485164642333984,2.8426434993743896,0.005872964859008789
initial,3,block1.W1,1,16,2.8257524967193604,2.8318021297454834,0.006049633026123047
initial,3,block1.W1,2,16,2.48460054397583,2.478442430496216,0.006158113479614258
initial,3,block1.W1,3,16,2.8253567218780518,2.8089189529418945,0.016437768936157227
initial,3,block1.W1,4,16,2.953420639038086,2.9563586711883545,0.0029380321502685547
initial,3,block1.W1,5,16,2.8803579807281494,2.889389753341675,0.00903177261352539
initial,3,block1.W1,6,16,3.070225715637207,3.0663771629333496,0.003848552703857422
initial,3,block1.W1,7,16,2.835371971130371,2.8282408714294434,0.007131099700927734
initial,3,block1.W1,8,16,2.6687564849853516,2.668663740158081,9.274482727050781e-05
initial,3,block1.W1,9,16,2.796383857727051,2.798340082168579,0.0019562244415283203
initial,3,block1.W1,10,16,2.784196376800537,2.774958610534668,0.00923776626586914
initial,3,block1.W1,11,16,2.7953782081604004,2.787379026412964,0.007999181747436523
initial,3,block1.W1,12,16,2.8726110458374023,2.8612289428710938,0.011382102966308594
initial,3,block1.W1,13,16,2.8280441761016846,2.8385796546936035,0.010535478591918945
initial,3,block1.W1,14,16,2.7228715419769287,2.7279586791992188,0.005087137222290039
initial,3,block1.W1,15,16,2.9455504417419434,2.945988893508911,0.00043845176696777344
initial,3,block1.W1,16,16,2.6987228393554688,2.6918275356292725,0.006895303726196289
initial,3,block1.W1,17,16,2.9051690101623535,2.9074618816375732,0.0022928714752197266
initial,3,block1.W1,18,16,2.846395254135132,2.8540561199188232,0.007660865783691406
initial,3,block1.W1,19,16,2.945141315460205,2.9482879638671875,0.003146648406982422
initial,3,block1.W1,20,16,2.794100284576416,2.7966151237487793,0.0025148391723632812
initial,3,block1.W1,21,16,2.9006733894348145,2.8931422233581543,0.007531166076660156
initial,3,block1.W1,22,16,2.7911667823791504,2.792030096054077,0.0008633136749267578
initial,3,block1.W1,23,16,2.961378812789917,2.960174798965454,0.0012040138244628906
initial,3,block1.W1,24,16,2.969343423843384,2.9774205684661865,0.008077144622802734
initial,3,block1.W1,25,16,2.5928714275360107,2.599064588546753,0.0061931610107421875
initial,3,block1.W1,26,16,3.013350486755371,3.0183145999908447,0.004964113235473633
initial,3,block1.W1,27,16,2.9415011405944824,2.941103219985962,0.0003979206085205078
initial,3,block1.W1,28,16,2.7822892665863037,2.7829487323760986,0.0006594657897949219
initial,3,block1.W1,29,16,2.8425605297088623,2.859621047973633,0.017060518264770508
initial,3,block1.W1,30,16,2.60648775100708,2.6038339138031006,0.002653837203979492
initial,3,block1.W1,31,16,2.736419916152954,2.754364490509033,0.0179445743560791
initial,3,block1.W1,32,16,2.7958967685699463,2.804647922515869,0.008751153945922852
initial,3,block1.W1,33,16,2.7721140384674072,2.7802047729492188,0.008090734481811523
initial,3,block1.W1,34,16,2.9090428352355957,2.9030537605285645,0.00598907470703125
initial,3,block1.W1,35,16,3.0258090496063232,3.021967649459839,0.003841400146484375
initial,3,block1.W1,36,16,2.8472447395324707,2.8449337482452393,0.0023109912872314453
initial,3,block1.W1,37,16,2.7213785648345947,2.7248291969299316,0.003450632095336914
initial,3,block1.W1,38,16,3.1017613410949707,3.104278087615967,0.0025167465209960938
initial,3,block1.W1,39,16,3.102202892303467,3.1127631664276123,0.010560274124145508
initial,3,block1.W1,40,16,2.89755916595459,2.887436866760254,0.010122299194335938
initial,3,block1.W1,41,16,2.848660469055176,2.8283472061157227,0.020313262939453125
initial,3,block1.W1,42,16,2.7735867500305176,2.7681100368499756,0.005476713180541992
initial,3,block1.W1,43,16,2.7981085777282715,2.7889420986175537,0.009166479110717773
initial,3,block1.W1,44,16,2.781405448913574,2.7835288047790527,0.0021233558654785156
initial,3,block1.W1,45,16,2.9160878658294678,2.9251928329467773,0.00910496711730957
initial,3,block1.W1,46,16,2.8694283962249756,2.8649508953094482,0.004477500915527344
initial,3,block1.W1,47,16,2.8867228031158447,2.877026081085205,0.009696722030639648
initial,3,block1.W1,48,16,2.729647397994995,2.7105393409729004,0.019108057022094727
initial,3,block1.W1,49,16,2.750828742980957,2.7459163665771484,0.004912376403808594
initial,3,block1.W1,50,16,2.956589698791504,2.9520225524902344,0.004567146301269531
initial,3,block1.W1,51,16,2.9806032180786133,2.979079484939575,0.001523733139038086
initial,3,block1.W1,52,16,2.789452314376831,2.789217710494995,0.0002346038818359375
initial,3,block1.W1,53,16,2.6455299854278564,2.6581010818481445,0.012571096420288086
initial,3,block1.W1,54,16,2.9233319759368896,2.9180078506469727,0.005324125289916992
initial,3,block1.W1,55,16,2.7847647666931152,2.7763710021972656,0.00839376449584961
initial,3,block1.W1,56,16,2.7047221660614014,2.7086405754089355,0.00391840934753418
initial,3,block1.W1,57,16,2.9570930004119873,2.9591686725616455,0.002075672149658203
initial,3,block1.W1,58,16,2.8940370082855225,2.886744976043701,0.007292032241821289
initial,3,block1.W1,59,16,2.7889578342437744,2.7857778072357178,0.0031800270080566406
initial,3,block1.W1,60,16,3.051074504852295,3.0433361530303955,0.007738351821899414
initial,3,block1.W1,61,16,3.1115331649780273,3.113084554672241,0.0015513896942138672
initial,3,block1.W1,62,16,2.601048707962036,2.5989396572113037,0.002109050750732422
initial,3,block1.W1,63,16,3.010566473007202,3.019303798675537,0.008737325668334961
initial,4,block1.W2,0,16,2.935265064239502,2.923741102218628,0.011523962020874023
initial,4,block1.W2,1,16,2.7833104133605957,2.781374216079712,0.001936197280883789
initial,4,block1.W2,2,16,3.065380334854126,3.071749448776245,0.006369113922119141
initial,4,block1.W2,3,16,2.898855209350586,2.90108060836792,0.0022253990173339844
initial,4,block1.W2,4,16,2.8137524127960205,2.8240203857421875,0.010267972946166992
initial,4,block1.W2,5,16,3.0296480655670166,3.0305399894714355,0.0008919239044189453
initial,4,block1.W2,6,16,2.9886131286621094,2.986119508743286,0.002493619918823242
initial,4,block1.W2,7,16,2.688016891479492,2.6711182594299316,0.016898632049560547
initial,4,block1.W2,8,16,3.0945887565612793,3.094992160797119,0.00040340423583984375
initial,4,block1.W2,9,16,2.9399638175964355,2.9374840259552,0.0024797916412353516
initial,4,block1.W2,10,16,2.9564669132232666,2.951535224914551,0.00493168830871582
initial,4,block1.W2,11,16,2.7745678424835205,2.776620626449585,0.002052783966064453
initial,4,block1.W2,12,16,2.7749030590057373,2.7850685119628906,0.01016545295715332
initial,4,block1.W2,13,16,2.711627721786499,2.714787483215332,0.003159761428833008
initial,4,block1.W2,14,16,2.645812511444092,2.6385035514831543,0.0073089599609375
initial,4,block1.W2,15,16,2.8341851234436035,2.8495304584503174,0.015345335006713867
initial,4,block1.W2,16,16,2.7712154388427734,2.7715604305267334,0.00034499168395996094
initial,4,block1.W2,17,16,2.9142537117004395,2.9326117038726807,0.01835799217224121
initial,4,block1.W2,18,16,2.7477633953094482,2.754692316055298,0.006928920745849609
initial,4,block1.W2,19,16,2.675874948501587,2.6830313205718994,0.0071563720703125
initial,4,block1.W2,20,16,2.8228139877319336,2.8278629779815674,0.005048990249633789
initial,4,block1.W2,21,16,2.523892879486084,2.523728370666504,0.00016450881958007812
initial,4,block1.W2,22,16,3.0605149269104004,3.0711278915405273,0.010612964630126953
initial,4,block1.W2,23,16,2.9785778522491455,2.970979690551758,0.007598161697387695
initial,4,block1.W2,24,16,2.8390491008758545,2.8459484577178955,0.006899356842041016
initial,4,block1.W2,25,16,2.591583490371704,2.59171462059021,0.00013113021850585938
initial,4,block1.W2,26,16,2.754739999771118,2.7564921379089355,0.0017521381378173828
initial,4,block1.W2,27,16,2.790053129196167,2.7826504707336426,0.007402658462524414
initial,4,block1.W2,28,16,2.987227439880371,2.9734299182891846,0.013797521591186523
initial,4,block1.W2,29,16,2.7802765369415283,2.7838971614837646,0.003620624542236328
initial,4,block1.W2,30,16,2.9045703411102295,2.891394853591919,0.013175487518310547
initial,4,block1.W2,31,16,3.0593435764312744,3.054267168045044,0.005076408386230469
initial,4,block1.W2,32,16,2.8912999629974365,2.8911867141723633,0.00011324882507324219
initial,4,block1.W2,33,16,2.922999143600464,2.9234278202056885,0.0004286766052246094
initial,4,block1.W2,34,16,3.09055757522583,3.0950474739074707,0.004489898681640625
initial,4,block1.W2,35,16,2.7690374851226807,2.766824722290039,0.0022127628326416016
initial,4,block1.W2,36,16,2.8356518745422363,2.8352184295654297,0.0004334449768066406
initial,4,block1.W2,37,16,2.7263171672821045,2.7286605834960938,0.002343416213989258
initial,4,block1.W2,38,16,3.041116714477539,3.0312867164611816,0.009829998016357422
initial,4,block1.W2,39,16,2.8859760761260986,2.890455722808838,0.004479646682739258
initial,4,block1.W2,40,16,2.9837663173675537,2.9855096340179443,0.001743316650390625
initial,4,block1.W2,41,16,2.870434284210205,2.864677667617798,0.0057566165924072266
initial,4,block1.W2,42,16,2.7559702396392822,2.7529709339141846,0.0029993057250976562
initial,4,block1.W2,43,16,2.779376745223999,2.7819325923919678,0.00255584716796875
initial,4,block1.W2,44,16,2.7978696823120117,2.796076774597168,0.00179290771484375
initial,4,block1.W2,45,16,2.98874831199646,2.9830172061920166,0.005731105804443359
initial,4,block1.W2,46,16,2.900881767272949,2.8970699310302734,0.0038118362426757812
initial,4,block1.W2,47,16,3.084315776824951,3.0811681747436523,0.003147602081298828
initial,4,block1.W2,48,16,3.0061938762664795,3.004525899887085,0.0016679763793945312
initial,4,block1.W2,49,16,2.7375993728637695,2.749868392944336,0.012269020080566406
initial,4,block1.W2,50,16,2.9763574600219727,2.971889019012451,0.004468441009521484
initial,4,block1.W2,51,16,2.8955368995666504,2.893380641937256,0.0021562576293945312
initial,4,block1.W2,52,16,2.9104132652282715,2.915283203125,0.004869937896728516
initial,4,block1.W2,53,16,2.895920515060425,2.903059720993042,0.0071392059326171875
initial,4,block1.W2,54,16,2.853971004486084,2.8635447025299072,0.009573698043823242
initial,4,block1.W2,55,16,2.7198336124420166,2.707738161087036,0.012095451354980469
initial,4,block1.W2,56,16,2.64959979057312,2.646766424179077,0.0028333663940429688
initial,4,block1.W2,57,16,2.8272793292999268,2.8310539722442627,0.0037746429443359375
initial,4,block1.W2,58,16,2.7929232120513916,2.7943825721740723,0.001459360122680664
initial,4,block1.W2,59,16,2.972184658050537,2.979931354522705,0.007746696472167969
initial,4,block1.W2,60,16,2.901651620864868,2.8912742137908936,0.01037740707397461
initial,4,block1.W2,61,16,2.92339825630188,2.9237442016601562,0.0003459453582763672
initial,4,block1.W2,62,16,2.8926403522491455,2.8878445625305176,0.00479578971862793
initial,4,block1.W2,63,16,2.778820753097534,2.7848262786865234,0.006005525588989258
initial,5,block2.W1,0,16,3.0970664024353027,3.08654522895813,0.010521173477172852
initial,5,block2.W1,1,16,2.7906436920166016,2.793016195297241,0.0023725032806396484
initial,5,block2.W1,2,16,3.0661401748657227,3.053161859512329,0.012978315353393555
initial,5,block2.W1,3,16,2.8613429069519043,2.8607828617095947,0.0005600452423095703
initial,5,block2.W1,4,16,2.5608015060424805,2.550786256790161,0.010015249252319336
initial,5,block2.W1,5,16,2.8161873817443848,2.8176562786102295,0.0014688968658447266
initial,5,block2.W1,6,16,2.836822509765625,2.845731019973755,0.008908510208129883
initial,5,block2.W1,7,16,2.871664524078369,2.8798255920410156,0.008161067962646484
initial,5,block2.W1,8,16,2.752272605895996,2.7639968395233154,0.011724233627319336
initial,5,block2.W1,9,16,2.7823362350463867,2.789184331893921,0.00684809684753418
initial,5,block2.W1,10,16,2.6607542037963867,2.661104917526245,0.00035071372985839844
initial,5,block2.W1,11,16,2.5828053951263428,2.5886242389678955,0.005818843841552734
initial,5,block2.W1,12,16,2.9500906467437744,2.9499435424804688,0.00014710426330566406
initial,5,block2.W1,13,16,3.0436666011810303,3.0543196201324463,0.010653018951416016
initial,5,block2.W1,14,16,2.710446834564209,2.7079293727874756,0.0025174617767333984
initial,5,block2.W1,15,16,2.907712697982788,2.9091997146606445,0.0014870166778564453
initial,5,block2.W1,16,16,2.848527193069458,2.8410298824310303,0.007497310638427734
initial,5,block2.W1,17,16,2.927004098892212,2.91719126701355,0.00981283187866211
initial,5,block2.W1,18,16,2.6966686248779297,2.6952719688415527,0.0013966560363769531
initial,5,block2.W1,19,16,2.8665578365325928,2.8658180236816406,0.0007398128509521484
initial,5,block2.W1,20,16,2.992260217666626,2.9836554527282715,0.008604764938354492
initial,5,block2.W1,21,16,2.8860390186309814,2.8814311027526855,0.0046079158782958984
initial,5,block2.W1,22,16,2.945648193359375,2.9544124603271484,0.008764266967773438
initial,5,block2.W1,23,16,2.928179979324341,2.928948402404785,0.0007684230804443359
initial,5,block2.W1,24,16,2.6730687618255615,2.666903018951416,0.006165742874145508
initial,5,block2.W1,25,16,3.0626041889190674,3.064439296722412,0.0018351078033447266
initial,5,block2.W1,26,16,3.062544822692871,3.0553081035614014,0.0072367191314697266
initial,5,block2.W1,27,16,2.7126574516296387,2.707951545715332,0.004705905914306641
initial,5,block2.W1,28,16,2.8073923587799072,2.8072657585144043,0.0001266002655029297
initial,5,block2.W1,29,16,2.8919005393981934,2.8789453506469727,0.012955188751220703
initial,5,block2.W1,30,16,2.999894380569458,2.991813898086548,0.008080482482910156
initial,5,block2.W1,31,16,2.801276445388794,2.803703546524048,0.0024271011352539062
initial,5,block2.W1,32,16,2.839967727661133,2.8359415531158447,0.004026174545288086
initial,5,block2.W1,33,16,2.8683390617370605,2.8675358295440674,0.0008032321929931641
initial,5,block2.W1,34,16,2.867912530899048,2.8550965785980225,0.01281595230102539
initial,5,block2.W1,35,16,2.976130247116089,2.9799768924713135,0.0038466453552246094
initial,5,block2.W1,36,16,2.936427354812622,2.942579746246338,0.00615239143371582
initial,5,block2.W1,37,16,2.9738142490386963,2.9813663959503174,0.007552146911621094
initial,5,block2.W1,38,16,2.966465950012207,2.9621386528015137,0.004327297210693359
initial,5,block2.W1,39,16,2.910036563873291,2.9085638523101807,0.0014727115631103516
initial,5,block2.W1,40,16,2.7363522052764893,2.7350997924804688,0.0012524127960205078
initial,5,block2.W1,41,16,2.8420560359954834,2.833937883377075,0.008118152618408203
initial,5,block2.W1,42,16,2.896555185317993,2.902277946472168,0.005722761154174805
initial,5,block2.W1,43,16,2.987410306930542,2.988877058029175,0.0014667510986328125
initial,5,block2.W1,44,16,2.9392786026000977,2.9437947273254395,0.004516124725341797
initial,5,block2.W1,45,16,2.8073184490203857,2.799123525619507,0.008194923400878906
initial,5,block2.W1,46,16,2.7762343883514404,2.7761342525482178,0.00010013580322265625
initial,5,block2.W1,47,16,3.0127978324890137,3.0001745223999023,0.012623310089111328
initial,5,block2.W1,48,16,2.7374746799468994,2.7385644912719727,0.0010898113250732422
initial,5,block2.W1,49,16,2.904492139816284,2.9093711376190186,0.004878997802734375
initial,5,block2.W1,50,16,2.924755096435547,2.912609100341797,0.01214599609375
initial,5,block2.W1,51,16,2.899439811706543,2.897223949432373,0.002215862274169922
initial,5,block2.W1,52,16,2.96561336517334,2.958421468734741,0.007191896438598633
initial,5,block2.W1,53,16,2.6653292179107666,2.663007974624634,0.0023212432861328125
initial,5,block2.W1,54,16,2.482322931289673,2.4909720420837402,0.008649110794067383
initial,5,block2.W1,55,16,2.967108726501465,2.964550256729126,0.002558469772338867
initial,5,block2.W1,56,16,2.9373512268066406,2.9366235733032227,0.0007276535034179688
initial,5,block2.W1,57,16,2.8576860427856445,2.8594295978546143,0.0017435550689697266
initial,5,block2.W1,58,16,2.9220995903015137,2.9249236583709717,0.002824068069458008
initial,5,block2.W1,59,16,2.7839760780334473,2.776823043823242,0.007153034210205078
initial,5,block2.W1,60,16,2.5621588230133057,2.561306953430176,0.0008518695831298828
initial,5,block2.W1,61,16,2.9434094429016113,2.9450199604034424,0.0016105175018310547
initial,5,block2.W1,62,16,2.8483612537384033,2.852250099182129,0.003888845443725586
initial,5,block2.W1,63,16,2.909301519393921,2.900770902633667,0.008530616760253906
initial,6,block2.W2,0,16,2.70475435256958,2.7101712226867676,0.0054168701171875
initial,6,block2.W2,1,16,3.2037742137908936,3.205320358276367,0.0015461444854736328
initial,6,block2.W2,2,16,2.791985034942627,2.8180689811706543,0.026083946228027344
initial,6,block2.W2,3,16,2.9584009647369385,2.9691600799560547,0.010759115219116211
initial,6,block2.W2,4,16,2.823763847351074,2.8193304538726807,0.004433393478393555
initial,6,block2.W2,5,16,3.0116286277770996,3.026155471801758,0.014526844024658203
initial,6,block2.W2,6,16,2.83998966217041,2.83721661567688,0.0027730464935302734
initial,6,block2.W2,7,16,2.8129825592041016,2.8158228397369385,0.002840280532836914
initial,6,block2.W2,8,16,3.0934736728668213,3.0972375869750977,0.003763914108276367
initial,6,block2.W2,9,16,2.944873332977295,2.9546620845794678,0.009788751602172852
initial,6,block2.W2,10,16,2.981297731399536,2.9686832427978516,0.01261448860168457
initial,6,block2.W2,11,16,2.8871989250183105,2.8857452869415283,0.0014536380767822266
initial,6,block2.W2,12,16,3.0516021251678467,3.0440778732299805,0.007524251937866211
initial,6,block2.W2,13,16,2.9605400562286377,2.9506969451904297,0.009843111038208008
initial,6,block2.W2,14,16,2.7384870052337646,2.7354087829589844,0.0030782222747802734
initial,6,block2.W2,15,16,3.1582021713256836,3.16316819190979,0.004966020584106445
initial,6,block2.W2,16,16,2.9288430213928223,2.923811435699463,0.005031585693359375
initial,6,block2.W2,17,16,2.8127779960632324,2.815521001815796,0.0027430057525634766
initial,6,block2.W2,18,16,3.079371929168701,3.0737080574035645,0.005663871765136719
initial,6,block2.W2,19,16,2.7337751388549805,2.723015546798706,0.010759592056274414
initial,6,block2.W2,20,16,2.7591910362243652,2.7601325511932373,0.0009415149688720703
initial,6,block2.W2,21,16,3.1028952598571777,3.106171131134033,0.0032758712768554688
initial,6,block2.W2,22,16,2.711195707321167,2.70678973197937,0.004405975341796875
initial,6,block2.W2,23,16,2.9217569828033447,2.934056520462036,0.012299537658691406
initial,6,block2.W2,24,16,2.7449119091033936,2.7407009601593018,0.004210948944091797
initial,6,block2.W2,25,16,3.017815113067627,3.028980016708374,0.01116490364074707
initial,6,block2.W2,26,16,2.8841421604156494,2.8772308826446533,0.006911277770996094
initial,6,block2.W2,27,16,2.7717766761779785,2.7724640369415283,0.0006873607635498047
initial,6,block2.W2,28,16,2.7892792224884033,2.790635824203491,0.0013566017150878906
initial,6,block2.W2,29,16,2.6103243827819824,2.618886947631836,0.008562564849853516
initial,6,block2.W2,30,16,2.7976768016815186,2.787151575088501,0.010525226593017578
initial,6,block2.W2,31,16,2.719395160675049,2.714756965637207,0.004638195037841797
initial,6,block2.W2,32,16,3.0592832565307617,3.054856061935425,0.004427194595336914
initial,6,block2.W2,33,16,2.9009757041931152,2.9025399684906006,0.0015642642974853516
initial,6,block2.W2,34,16,3.0027105808258057,3.0143375396728516,0.011626958847045898
initial,6,block2.W2,35,16,2.946451425552368,2.9236903190612793,0.022761106491088867
initial,6,block2.W2,36,16,2.6936936378479004,2.7037649154663086,0.010071277618408203
initial,6,block2.W2,37,16,2.8081905841827393,2.803556442260742,0.00463414192199707
initial,6,block2.W2,38,16,2.8284435272216797,2.8218839168548584,0.006559610366821289
initial,6,block2.W2,39,16,3.0113425254821777,3.0078012943267822,0.003541231155395508
initial,6,block2.W2,40,16,2.5180177688598633,2.520900011062622,0.002882242202758789
initial,6,block2.W2,41,16,3.027160167694092,3.028639793395996,0.0014796257019042969
initial,6,block2.W2,42,16,2.7246928215026855,2.7304041385650635,0.00571131706237793
initial,6,block2.W2,43,16,2.8690528869628906,2.877706289291382,0.008653402328491211
initial,6,block2.W2,44,16,3.0346157550811768,3.038689136505127,0.004073381423950195
initial,6,block2.W2,45,16,2.9494943618774414,2.9416632652282715,0.007831096649169922
initial,6,block2.W2,46,16,2.980180263519287,2.9833881855010986,0.0032079219818115234
initial,6,block2.W2,47,16,2.958404064178467,2.9567465782165527,0.0016574859619140625
initial,6,block2.W2,48,16,2.971174716949463,2.974524974822998,0.0033502578735351562
initial,6,block2.W2,49,16,2.832136631011963,2.83270263671875,0.0005660057067871094
initial,6,block2.W2,50,16,2.830300807952881,2.8282034397125244,0.0020973682403564453
initial,6,block2.W2,51,16,2.989100217819214,2.9765682220458984,0.01253199577331543
initial,6,block2.W2,52,16,2.917719841003418,2.9209470748901367,0.00322723388671875
initial,6,block2.W2,53,16,2.7737159729003906,2.771592378616333,0.002123594284057617
initial,6,block2.W2,54,16,2.7080931663513184,2.7068753242492676,0.0012178421020507812
initial,6,block2.W2,55,16,2.951953172683716,2.9597277641296387,0.0077745914459228516
initial,6,block2.W2,56,16,2.7411251068115234,2.72735595703125,0.013769149780273438
initial,6,block2.W2,57,16,2.855400800704956,2.878887891769409,0.023487091064453125
initial,6,block2.W2,58,16,3.0593464374542236,3.067059278488159,0.007712841033935547
initial,6,block2.W2,59,16,2.840554714202881,2.842046022415161,0.0014913082122802734
initial,6,block2.W2,60,16,2.730319023132324,2.735919952392578,0.005600929260253906
initial,6,block2.W2,61,16,2.856091022491455,2.856374979019165,0.00028395652770996094
initial,6,block2.W2,62,16,2.7381482124328613,2.743140935897827,0.00499272346496582
initial,6,block2.W2,63,16,2.697471857070923,2.6990113258361816,0.001539468765258789
initial,7,block3.W1,0,16,3.101698637008667,3.1059465408325195,0.004247903823852539
initial,7,block3.W1,1,16,2.8454275131225586,2.8621487617492676,0.016721248626708984
initial,7,block3.W1,2,16,2.7574098110198975,2.754262685775757,0.003147125244140625
initial,7,block3.W1,3,16,2.6896650791168213,2.6955089569091797,0.0058438777923583984
initial,7,block3.W1,4,16,2.780319929122925,2.7777369022369385,0.002583026885986328
initial,7,block3.W1,5,16,2.9688591957092285,2.9750802516937256,0.00622105598449707
initial,7,block3.W1,6,16,2.946373701095581,2.944976329803467,0.0013973712921142578
initial,7,block3.W1,7,16,2.730496406555176,2.7246155738830566,0.005880832672119141
initial,7,block3.W1,8,16,2.7480204105377197,2.7526283264160156,0.0046079158782958984
initial,7,block3.W1,9,16,2.9220077991485596,2.9337780475616455,0.011770248413085938
initial,7,block3.W1,10,16,3.0473382472991943,3.0390756130218506,0.00826263427734375
initial,7,block3.W1,11,16,2.884599208831787,2.8908400535583496,0.0062408447265625
initial,7,block3.W1,12,16,2.740159034729004,2.7412259578704834,0.0010669231414794922
initial,7,block3.W1,13,16,2.7610011100769043,2.7684178352355957,0.007416725158691406
initial,7,block3.W1,14,16,2.9037578105926514,2.9065651893615723,0.0028073787689208984
initial,7,block3.W1,15,16,3.001331329345703,2.9946417808532715,0.006689548492431641
initial,7,block3.W1,16,16,2.791454315185547,2.7877674102783203,0.0036869049072265625
initial,7,block3.W1,17,16,2.8899264335632324,2.8861758708953857,0.0037505626678466797
initial,7,block3.W1,18,16,2.8815362453460693,2.869905948638916,0.01163029670715332
initial,7,block3.W1,19,16,2.838486433029175,2.835618495941162,0.0028679370880126953
initial,7,block3.W1,20,16,2.9559242725372314,2.953380584716797,0.0025436878204345703
initial,7,block3.W1,21,16,2.7321865558624268,2.74135684967041,0.009170293807983398
initial,7,block3.W1,22,16,2.7556114196777344,2.7574939727783203,0.0018825531005859375
initial,7,block3.W1,23,16,2.781526803970337,2.779094934463501,0.0024318695068359375
initial,7,block3.W1,24,16,3.1205995082855225,3.1154556274414062,0.005143880844116211
initial,7,block3.W1,25,16,2.8594727516174316,2.867164134979248,0.007691383361816406
initial,7,block3.W1,26,16,3.134162664413452,3.138247489929199,0.00408482551574707
initial,7,block3.W1,27,16,2.943101406097412,2.9323413372039795,0.010760068893432617
initial,7,block3.W1,28,16,2.9211788177490234,2.9192278385162354,0.001950979232788086
initial,7,block3.W1,29,16,2.9430878162384033,2.9534175395965576,0.010329723358154297
initial,7,block3.W1,30,16,2.862849473953247,2.8749630451202393,0.012113571166992188
initial,7,block3.W1,31,16,2.914515256881714,2.9143593311309814,0.00015592575073242188
initial,7,block3.W1,32,16,2.9711358547210693,2.9753849506378174,0.004249095916748047
initial,7,block3.W1,33,16,2.7025718688964844,2.713972330093384,0.011400461196899414
initial,7,block3.W1,34,16,2.8600172996520996,2.860239267349243,0.0002219676971435547
initial,7,block3.W1,35,16,2.8439507484436035,2.8446617126464844,0.0007109642028808594
initial,7,block3.W1,36,16,2.8357810974121094,2.833646535873413,0.002134561538696289
initial,7,block3.W1,37,16,2.9556427001953125,2.9540133476257324,0.0016293525695800781
initial,7,block3.W1,38,16,2.7916958332061768,2.7941582202911377,0.0024623870849609375
initial,7,block3.W1,39,16,2.653531789779663,2.64778470993042,0.005747079849243164
initial,7,block3.W1,40,16,2.799872398376465,2.800114870071411,0.00024247169494628906
initial,7,block3.W1,41,16,3.008665084838867,3.0089426040649414,0.00027751922607421875
initial,7,block3.W1,42,16,3.057565212249756,3.062805414199829,0.005240201950073242
initial,7,block3.W1,43,16,2.915462017059326,2.9073057174682617,0.008156299591064453
initial,7,block3.W1,44,16,2.8181276321411133,2.814850091934204,0.0032775402069091797
initial,7,block3.W1,45,16,2.7865827083587646,2.7824153900146484,0.004167318344116211
initial,7,block3.W1,46,16,2.9234490394592285,2.924800395965576,0.0013513565063476562
initial,7,block3.W1,47,16,2.8977243900299072,2.900808095932007,0.0030837059020996094
initial,7,block3.W1,48,16,3.074772357940674,3.0870397090911865,0.012267351150512695
initial,7,block3.W1,49,16,3.044987201690674,3.048640251159668,0.0036530494689941406
initial,7,block3.W1,50,16,2.944580078125,2.94714093208313,0.002560853958129883
initial,7,block3.W1,51,16,2.956366539001465,2.946192979812622,0.010173559188842773
initial,7,block3.W1,52,16,2.749997138977051,2.757432222366333,0.0074350833892822266
initial,7,block3.W1,53,16,2.8791563510894775,2.87685227394104,0.0023040771484375
initial,7,block3.W1,54,16,2.9420108795166016,2.9385247230529785,0.003486156463623047
initial,7,block3.W1,55,16,3.034501075744629,3.0367493629455566,0.0022482872009277344
initial,7,block3.W1,56,16,3.0078465938568115,3.012363910675049,0.004517316818237305
initial,7,block3.W1,57,16,2.837594747543335,2.8440840244293213,0.006489276885986328
initial,7,block3.W1,58,16,2.7523834705352783,2.7498786449432373,0.0025048255920410156
initial,7,block3.W1,59,16,2.7651772499084473,2.7629926204681396,0.002184629440307617
initial,7,block3.W1,60,16,2.871450901031494,2.860417127609253,0.011033773422241211
initial,7,block3.W1,61,16,2.8345770835876465,2.8328006267547607,0.0017764568328857422
initial,7,block3.W1,62,16,2.956200361251831,2.963895559310913,0.007695198059082031
initial,7,block3.W1,63,16,3.006404399871826,3.0140271186828613,0.007622718811035156
initial,8,block3.W2,0,16,2.984217643737793,2.9722073078155518,0.012010335922241211
initial,8,block3.W2,1,16,3.015150785446167,3.014019727706909,0.0011310577392578125
initial,8,block3.W2,2,16,2.9806768894195557,2.9770684242248535,0.0036084651947021484
initial,8,block3.W2,3,16,2.641777276992798,2.6437623500823975,0.0019850730895996094
initial,8,block3.W2,4,16,2.884087324142456,2.890744924545288,0.006657600402832031
initial,8,block3.W2,5,16,3.0706675052642822,3.0764331817626953,0.005765676498413086
initial,8,block3.W2,6,16,2.8110196590423584,2.7920186519622803,0.019001007080078125
initial,8,block3.W2,7,16,3.2709996700286865,3.2672953605651855,0.0037043094635009766
initial,8,block3.W2,8,16,2.867607593536377,2.872518539428711,0.004910945892333984
initial,8,block3.W2,9,16,2.71970534324646,2.7152552604675293,0.004450082778930664
initial,8,block3.W2,10,16,2.8104145526885986,2.8151700496673584,0.004755496978759766
initial,8,block3.W2,11,16,2.831861734390259,2.8330330848693848,0.0011713504791259766
initial,8,block3.W2,12,16,2.8698060512542725,2.864072799682617,0.0057332515716552734
initial,8,block3.W2,13,16,2.9602534770965576,2.9534926414489746,0.006760835647583008
initial,8,block3.W2,14,16,2.6383121013641357,2.645263910293579,0.006951808929443359
initial,8,block3.W2,15,16,2.9228827953338623,2.9189341068267822,0.003948688507080078
initial,8,block3.W2,16,16,2.8865349292755127,2.8938591480255127,0.00732421875
initial,8,block3.W2,17,16,2.842496871948242,2.8357784748077393,0.00671839714050293
initial,8,block3.W2,18,16,2.8356430530548096,2.836235284805298,0.0005922317504882812
initial,8,block3.W2,19,16,3.083616018295288,3.085134744644165,0.0015187263488769531
initial,8,block3.W2,20,16,2.680506944656372,2.685964822769165,0.005457878112792969
initial,8,block3.W2,21,16,2.916743040084839,2.9170830249786377,0.0003399848937988281
initial,8,block3.W2,22,16,2.6842777729034424,2.67551589012146,0.008761882781982422
initial,8,block3.W2,23,16,2.9782748222351074,2.9821717739105225,0.003896951675415039
initial,8,block3.W2,24,16,2.6464011669158936,2.6521682739257812,0.005767107009887695
initial,8,block3.W2,25,16,3.00052547454834,2.9935953617095947,0.006930112838745117
initial,8,block3.W2,26,16,2.7113640308380127,2.7140660285949707,0.002701997756958008
initial,8,block3.W2,27,16,3.1123547554016113,3.103036642074585,0.009318113327026367
initial,8,block3.W2,28,16,2.817477226257324,2.817721366882324,0.000244140625
initial,8,block3.W2,29,16,2.9869415760040283,3.001176118850708,0.014234542846679688
initial,8,block3.W2,30,16,2.6609091758728027,2.6579020023345947,0.003007173538208008
initial,8,block3.W2,31,16,2.903337001800537,2.909226655960083,0.0058896541595458984
initial,8,block3.W2,32,16,2.8890888690948486,2.890869379043579,0.0017805099487304688
initial,8,block3.W2,33,16,2.893803834915161,2.8914194107055664,0.0023844242095947266
initial,8,block3.W2,34,16,2.952430009841919,2.948981523513794,0.003448486328125
initial,8,block3.W2,35,16,2.9262728691101074,2.9355030059814453,0.00923013687133789
initial,8,block3.W2,36,16,2.8325088024139404,2.8206002712249756,0.011908531188964844
initial,8,block3.W2,37,16,2.746499538421631,2.7501089572906494,0.0036094188690185547
initial,8,block3.W2,38,16,2.8299002647399902,2.821690320968628,0.008209943771362305
initial,8,block3.W2,39,16,2.9877662658691406,3.009080171585083,0.021313905715942383
initial,8,block3.W2,40,16,3.0788357257843018,3.080798387527466,0.0019626617431640625
initial,8,block3.W2,41,16,2.871077299118042,2.8808114528656006,0.009734153747558594
initial,8,block3.W2,42,16,2.7842328548431396,2.7780814170837402,0.006151437759399414
initial,8,block3.W2,43,16,2.8017828464508057,2.8017399311065674,4.291534423828125e-05
initial,8,block3.W2,44,16,2.914025068283081,2.919557809829712,0.005532741546630859
initial,8,block3.W2,45,16,3.0764946937561035,3.0732221603393555,0.003272533416748047
initial,8,block3.W2,46,16,2.6455025672912598,2.6555845737457275,0.010082006454467773
initial,8,block3.W2,47,16,2.9784128665924072,2.97670841217041,0.0017044544219970703
initial,8,block3.W2,48,16,2.7313241958618164,2.741401195526123,0.01007699966430664
initial,8,block3.W2,49,16,2.620256185531616,2.613572835922241,0.006683349609375
initial,8,block3.W2,50,16,2.6820430755615234,2.68501353263855,0.002970457077026367
initial,8,block3.W2,51,16,2.735900640487671,2.741891622543335,0.0059909820556640625
initial,8,block3.W2,52,16,2.928694248199463,2.928680658340454,1.3589859008789062e-05
initial,8,block3.W2,53,16,2.9526498317718506,2.957277774810791,0.00462794303894043
initial,8,block3.W2,54,16,2.9048011302948,2.89711332321167,0.007687807083129883
initial,8,block3.W2,55,16,2.917095422744751,2.9275100231170654,0.010414600372314453
initial,8,block3.W2,56,16,2.6711997985839844,2.6766722202301025,0.005472421646118164
initial,8,block3.W2,57,16,2.840284824371338,2.8374478816986084,0.002836942672729492
initial,8,block3.W2,58,16,2.9069302082061768,2.8990232944488525,0.007906913757324219
initial,8,block3.W2,59,16,2.75831937789917,2.7535147666931152,0.0048046112060546875
initial,8,block3.W2,60,16,2.9279656410217285,2.9236857891082764,0.0042798519134521484
initial,8,block3.W2,61,16,2.8600521087646484,2.857201337814331,0.002850770950317383
initial,8,block3.W2,62,16,2.7452614307403564,2.7566440105438232,0.011382579803466797
initial,8,block3.W2,63,16,3.002544641494751,3.006026029586792,0.0034813880920410156
initial,9,block4.W1,0,16,2.710129976272583,2.709468364715576,0.0006616115570068359
initial,9,block4.W1,1,16,2.9446167945861816,2.9384469985961914,0.006169795989990234
initial,9,block4.W1,2,16,2.717301845550537,2.716585397720337,0.0007164478302001953
initial,9,block4.W1,3,16,2.808993339538574,2.812803030014038,0.003809690475463867
initial,9,block4.W1,4,16,2.9512276649475098,2.949690341949463,0.001537322998046875
initial,9,block4.W1,5,16,3.0019102096557617,3.0076446533203125,0.005734443664550781
initial,9,block4.W1,6,16,3.0635337829589844,3.058197498321533,0.005336284637451172
initial,9,block4.W1,7,16,3.0432028770446777,3.047964096069336,0.004761219024658203
initial,9,block4.W1,8,16,2.7055954933166504,2.6980972290039062,0.007498264312744141
initial,9,block4.W1,9,16,2.876002073287964,2.879518985748291,0.0035169124603271484
initial,9,block4.W1,10,16,2.682748794555664,2.6899240016937256,0.0071752071380615234
initial,9,block4.W1,11,16,3.1072864532470703,3.1030490398406982,0.00423741340637207
initial,9,block4.W1,12,16,2.7564709186553955,2.7472293376922607,0.009241580963134766
initial,9,block4.W1,13,16,2.855699300765991,2.8638834953308105,0.008184194564819336
initial,9,block4.W1,14,16,2.875837802886963,2.868543863296509,0.0072939395904541016
initial,9,block4.W1,15,16,3.105457067489624,3.105403423309326,5.364418029785156e-05
initial,9,block4.W1,16,16,2.704514980316162,2.6996870040893555,0.004827976226806641
initial,9,block4.W1,17,16,2.78818678855896,2.7896084785461426,0.0014216899871826172
initial,9,block4.W1,18,16,2.7840750217437744,2.785849094390869,0.0017740726470947266
initial,9,block4.W1,19,16,2.6895785331726074,2.6885595321655273,0.0010190010070800781
initial,9,block4.W1,20,16,2.9233624935150146,2.916008472442627,0.007354021072387695
initial,9,block4.W1,21,16,2.7562808990478516,2.750087261199951,0.006193637847900391
initial,9,block4.W1,22,16,2.7530171871185303,2.755276918411255,0.0022597312927246094
initial,9,block4.W1,23,16,2.907580852508545,2.908600091934204,0.0010192394256591797
initial,9,block4.W1,24,16,2.6850767135620117,2.6830437183380127,0.0020329952239990234
initial,9,block4.W1,25,16,2.993130683898926,2.992189884185791,0.0009407997131347656
initial,9,block4.W1,26,16,2.7842941284179688,2.786210298538208,0.0019161701202392578
initial,9,block4.W1,27,16,2.782104730606079,2.782068967819214,3.5762786865234375e-05
initial,9,block4.W1,28,16,2.824329376220703,2.8252296447753906,0.0009002685546875
initial,9,block4.W1,29,16,2.7923195362091064,2.787032127380371,0.0052874088287353516
initial,9,block4.W1,30,16,2.85367488861084,2.863957405090332,0.010282516479492188
initial,9,block4.W1,31,16,2.8600988388061523,2.8663148880004883,0.0062160491943359375
initial,9,block4.W1,32,16,2.914365291595459,2.9132885932922363,0.0010766983032226562
initial,9,block4.W1,33,16,2.6640427112579346,2.6663641929626465,0.002321481704711914
initial,9,block4.W1,34,16,3.163581132888794,3.158527374267578,0.00505375862121582
initial,9,block4.W1,35,16,3.0146002769470215,3.0112435817718506,0.0033566951751708984
initial,9,block4.W1,36,16,2.7052464485168457,2.705401659011841,0.0001552104949951172
initial,9,block4.W1,37,16,2.8235883712768555,2.81680965423584,0.006778717041015625
initial,9,block4.W1,38,16,2.7403900623321533,2.7349579334259033,0.00543212890625
initial,9,block4.W1,39,16,2.7868967056274414,2.792386770248413,0.00549006462097168
initial,9,block4.W1,40,16,2.7016313076019287,2.7000391483306885,0.0015921592712402344
initial,9,block4.W1,41,16,2.8674118518829346,2.8699917793273926,0.002579927444458008
initial,9,block4.W1,42,16,2.8117005825042725,2.8149948120117188,0.003294229507446289
initial,9,block4.W1,43,16,2.9199507236480713,2.923038959503174,0.003088235855102539
initial,9,block4.W1,44,16,2.8091025352478027,2.806248426437378,0.0028541088104248047
initial,9,block4.W1,45,16,3.013993978500366,3.011443614959717,0.002550363540649414
initial,9,block4.W1,46,16,2.789071798324585,2.7819836139678955,0.007088184356689453
initial,9,block4.W1,47,16,2.7682840824127197,2.7642629146575928,0.004021167755126953
initial,9,block4.W1,48,16,2.7743194103240967,2.7751266956329346,0.0008072853088378906
initial,9,block4.W1,49,16,2.901435136795044,2.897953987121582,0.003481149673461914
initial,9,block4.W1,50,16,2.9081122875213623,2.9179847240448,0.0098724365234375
initial,9,block4.W1,51,16,2.736510992050171,2.734119176864624,0.002391815185546875
initial,9,block4.W1,52,16,2.8343122005462646,2.83733868598938,0.0030264854431152344
initial,9,block4.W1,53,16,3.0022408962249756,2.9941704273223877,0.00807046890258789
initial,9,block4.W1,54,16,2.8161911964416504,2.8149445056915283,0.0012466907501220703
initial,9,block4.W1,55,16,2.9424655437469482,2.9401631355285645,0.002302408218383789
initial,9,block4.W1,56,16,2.8225462436676025,2.8179357051849365,0.004610538482666016
initial,9,block4.W1,57,16,2.8161280155181885,2.8187167644500732,0.0025887489318847656
initial,9,block4.W1,58,16,2.8608388900756836,2.868960380554199,0.008121490478515625
initial,9,block4.W1,59,16,2.836395025253296,2.8253824710845947,0.011012554168701172
initial,9,block4.W1,60,16,2.947983503341675,2.9528722763061523,0.004888772964477539
initial,9,block4.W1,61,16,2.870572805404663,2.8707120418548584,0.0001392364501953125
initial,9,block4.W1,62,16,2.983816385269165,2.9810640811920166,0.0027523040771484375
initial,9,block4.W1,63,16,2.9054689407348633,2.904331922531128,0.0011370182037353516
initial,10,block4.W2,0,16,2.9896411895751953,2.9943883419036865,0.004747152328491211
initial,10,block4.W2,1,16,2.844412088394165,2.8447117805480957,0.00029969215393066406
initial,10,block4.W2,2,16,3.0216190814971924,3.0011956691741943,0.020423412322998047
initial,10,block4.W2,3,16,2.9328200817108154,2.9284465312957764,0.0043735504150390625
initial,10,block4.W2,4,16,2.9412667751312256,2.946662664413452,0.0053958892822265625
initial,10,block4.W2,5,16,2.79132080078125,2.793109893798828,0.001789093017578125
initial,10,block4.W2,6,16,2.905782461166382,2.904783248901367,0.0009992122650146484
initial,10,block4.W2,7,16,2.866621494293213,2.866279125213623,0.00034236907958984375
initial,10,block4.W2,8,16,2.8548343181610107,2.8558058738708496,0.0009715557098388672
initial,10,block4.W2,9,16,2.811816930770874,2.8275160789489746,0.015699148178100586
initial,10,block4.W2,10,16,2.8386878967285156,2.851736307144165,0.013048410415649414
initial,10,block4.W2,11,16,3.0782692432403564,3.0791146755218506,0.0008454322814941406
initial,10,block4.W2,12,16,2.9617767333984375,2.9570841789245605,0.004692554473876953
initial,10,block4.W2,13,16,2.8873767852783203,2.877310276031494,0.010066509246826172
initial,10,block4.W2,14,16,2.8504879474639893,2.8655507564544678,0.015062808990478516
initial,10,block4.W2,15,16,2.9284186363220215,2.9356353282928467,0.007216691970825195
initial,10,block4.W2,16,16,2.7810215950012207,2.7819478511810303,0.0009262561798095703
initial,10,block4.W2,17,16,3.0074713230133057,3.0069546699523926,0.0005166530609130859
initial,10,block4.W2,18,16,2.8971362113952637,2.8953168392181396,0.0018193721771240234
initial,10,block4.W2,19,16,3.007537603378296,2.997065544128418,0.01047205924987793
initial,10,block4.W2,20,16,3.0702764987945557,3.0775558948516846,0.007279396057128906
initial,10,block4.W2,21,16,2.7395946979522705,2.7403340339660645,0.0007393360137939453
initial,10,block4.W2,22,16,2.6393439769744873,2.6351728439331055,0.004171133041381836
initial,10,block4.W2,23,16,2.9491071701049805,2.9404025077819824,0.008704662322998047
initial,10,block4.W2,24,16,3.086319923400879,3.085569381713867,0.0007505416870117188
initial,10,block4.W2,25,16,3.0071799755096436,3.0159919261932373,0.00881195068359375
initial,10,block4.W2,26,16,2.730581521987915,2.7336630821228027,0.0030815601348876953
initial,10,block4.W2,27,16,2.7919249534606934,2.7986857891082764,0.006760835647583008
initial,10,block4.W2,28,16,2.6466405391693115,2.6399240493774414,0.006716489791870117
initial,10,block4.W2,29,16,2.9081029891967773,2.908787488937378,0.0006844997406005859
initial,10,block4.W2,30,16,3.041792154312134,3.039335250854492,0.0024569034576416016
initial,10,block4.W2,31,16,2.9235610961914062,2.9205212593078613,0.003039836883544922
initial,10,block4.W2,32,16,2.8144497871398926,2.8232147693634033,0.008764982223510742
initial,10,block4.W2,33,16,2.9361042976379395,2.928084373474121,0.00801992416381836
initial,10,block4.W2,34,16,2.9030065536499023,2.9040539264678955,0.001047372817993164
initial,10,block4.W2,35,16,2.998838424682617,3.0056631565093994,0.0068247318267822266
initial,10,block4.W2,36,16,2.8406848907470703,2.840808629989624,0.00012373924255371094
initial,10,block4.W2,37,16,3.038325548171997,3.0306763648986816,0.00764918327331543
initial,10,block4.W2,38,16,2.9907407760620117,3.000624895095825,0.009884119033813477
initial,10,block4.W2,39,16,2.792299747467041,2.8020734786987305,0.009773731231689453
initial,10,block4.W2,40,16,2.9123966693878174,2.9040942192077637,0.008302450180053711
initial,10,block4.W2,41,16,2.810652256011963,2.80600643157959,0.004645824432373047
initial,10,block4.W2,42,16,2.7610998153686523,2.7703769207000732,0.009277105331420898
initial,10,block4.W2,43,16,2.8175904750823975,2.8119163513183594,0.005674123764038086
initial,10,block4.W2,44,16,3.0396392345428467,3.036132574081421,0.0035066604614257812
initial,10,block4.W2,45,16,3.0455408096313477,3.0430684089660645,0.002472400665283203
initial,10,block4.W2,46,16,2.7328438758850098,2.728895902633667,0.0039479732513427734
initial,10,block4.W2,47,16,2.8012568950653076,2.802089214324951,0.0008323192596435547
initial,10,block4.W2,48,16,2.94707989692688,2.944786787033081,0.002293109893798828
initial,10,block4.W2,49,16,2.799294948577881,2.7885429859161377,0.010751962661743164
initial,10,block4.W2,50,16,2.863340139389038,2.871993064880371,0.008652925491333008
initial,10,block4.W2,51,16,2.8192272186279297,2.8187222480773926,0.0005049705505371094
initial,10,block4.W2,52,16,3.0047688484191895,3.007882595062256,0.0031137466430664062
initial,10,block4.W2,53,16,2.783923625946045,2.794576644897461,0.010653018951416016
initial,10,block4.W2,54,16,3.018435001373291,3.020557403564453,0.0021224021911621094
initial,10,block4.W2,55,16,2.8901827335357666,2.890001058578491,0.00018167495727539062
initial,10,block4.W2,56,16,2.9947571754455566,2.99448561668396,0.0002715587615966797
initial,10,block4.W2,57,16,2.651414394378662,2.6532182693481445,0.0018038749694824219
initial,10,block4.W2,58,16,2.7611961364746094,2.757859945297241,0.003336191177368164
initial,10,block4.W2,59,16,2.829258441925049,2.83784818649292,0.008589744567871094
initial,10,block4.W2,60,16,2.7233262062072754,2.7167961597442627,0.006530046463012695
initial,10,block4.W2,61,16,2.9416391849517822,2.9433095455169678,0.0016703605651855469
initial,10,block4.W2,62,16,2.8201258182525635,2.8196866512298584,0.0004391670227050781
initial,10,block4.W2,63,16,2.773083209991455,2.7704665660858154,0.0026166439056396484
initial,11,block5.W1,0,16,2.802424192428589,2.797311305999756,0.005112886428833008
initial,11,block5.W1,1,16,3.0148775577545166,3.0269415378570557,0.012063980102539062
initial,11,block5.W1,2,16,2.999084234237671,2.9924144744873047,0.006669759750366211
initial,11,block5.W1,3,16,2.8884050846099854,2.8869614601135254,0.001443624496459961
initial,11,block5.W1,4,16,3.2259435653686523,3.226773977279663,0.0008304119110107422
initial,11,block5.W1,5,16,2.896871566772461,2.897024631500244,0.00015306472778320312
initial,11,block5.W1,6,16,3.015488386154175,3.0231263637542725,0.007637977600097656
initial,11,block5.W1,7,16,2.979513168334961,2.975209951400757,0.0043032169342041016
initial,11,block5.W1,8,16,3.0625112056732178,3.0636160373687744,0.0011048316955566406
initial,11,block5.W1,9,16,2.8475875854492188,2.8429503440856934,0.004637241363525391
initial,11,block5.W1,10,16,2.8977582454681396,2.8967010974884033,0.0010571479797363281
initial,11,block5.W1,11,16,3.0314455032348633,3.0222909450531006,0.009154558181762695
initial,11,block5.W1,12,16,2.751845598220825,2.758932590484619,0.007086992263793945
initial,11,block5.W1,13,16,2.9312000274658203,2.9347383975982666,0.003538370132446289
initial,11,block5.W1,14,16,2.77603816986084,2.777085542678833,0.001047372817993164
initial,11,block5.W1,15,16,2.5564498901367188,2.5532946586608887,0.003155231475830078
initial,11,block5.W1,16,16,2.9284307956695557,2.9318931102752686,0.0034623146057128906
initial,11,block5.W1,17,16,2.762495994567871,2.7548177242279053,0.00767827033996582
initial,11,block5.W1,18,16,2.792541742324829,2.7909066677093506,0.0016350746154785156
initial,11,block5.W1,19,16,2.9802188873291016,2.975250005722046,0.004968881607055664
initial,11,block5.W1,20,16,3.014958143234253,3.022203207015991,0.007245063781738281
initial,11,block5.W1,21,16,2.8099093437194824,2.821027994155884,0.011118650436401367
initial,11,block5.W1,22,16,2.873704433441162,2.869086742401123,0.0046176910400390625
initial,11,block5.W1,23,16,3.0134661197662354,3.019145965576172,0.0056798458099365234
initial,11,block5.W1,24,16,2.9079720973968506,2.9017598628997803,0.0062122344970703125
initial,11,block5.W1,25,16,2.8871400356292725,2.8846540451049805,0.002485990524291992
initial,11,block5.W1,26,16,2.815439462661743,2.812897205352783,0.002542257308959961
initial,11,block5.W1,27,16,2.925534963607788,2.928553819656372,0.0030188560485839844
initial,11,block5.W1,28,16,2.998960256576538,3.0031304359436035,0.00417017936706543
initial,11,block5.W1,29,16,2.911573886871338,2.905271291732788,0.006302595138549805
initial,11,block5.W1,30,16,2.9383201599121094,2.9452321529388428,0.0069119930267333984
initial,11,block5.W1,31,16,2.910461664199829,2.913404703140259,0.0029430389404296875
initial,11,block5.W1,32,16,3.0457494258880615,3.0445756912231445,0.0011737346649169922
initial,11,block5.W1,33,16,2.740025520324707,2.752415180206299,0.012389659881591797
initial,11,block5.W1,34,16,2.833974599838257,2.8314287662506104,0.0025458335876464844
initial,11,block5.W1,35,16,2.747044801712036,2.7483038902282715,0.0012590885162353516
initial,11,block5.W1,36,16,2.9309322834014893,2.940337657928467,0.009405374526977539
initial,11,block5.W1,37,16,2.8470215797424316,2.850482940673828,0.0034613609313964844
initial,11,block5.W1,38,16,2.8371477127075195,2.83097243309021,0.00617527961730957
initial,11,block5.W1,39,16,2.780618906021118,2.7790563106536865,0.0015625953674316406
initial,11,block5.W1,40,16,2.9797182083129883,2.9778242111206055,0.0018939971923828125
initial,11,block5.W1,41,16,2.762373924255371,2.7681150436401367,0.005741119384765625
initial,11,block5.W1,42,16,2.7415544986724854,2.735628843307495,0.005925655364990234
initial,11,block5.W1,43,16,2.716479539871216,2.72041392326355,0.003934383392333984
initial,11,block5.W1,44,16,2.733435869216919,2.7400927543640137,0.0066568851470947266
initial,11,block5.W1,45,16,2.7255234718322754,2.714843988418579,0.010679483413696289
initial,11,block5.W1,46,16,3.150095224380493,3.1512374877929688,0.001142263412475586
initial,11,block5.W1,47,16,2.739396095275879,2.7444915771484375,0.005095481872558594
initial,11,block5.W1,48,16,2.9269206523895264,2.927947759628296,0.0010271072387695312
initial,11,block5.W1,49,16,2.970703125,2.97287654876709,0.0021734237670898438
initial,11,block5.W1,50,16,2.924595594406128,2.922624349594116,0.0019712448120117188
initial,11,block5.W1,51,16,2.8245222568511963,2.8179869651794434,0.00653529167175293
initial,11,block5.W1,52,16,2.900813102722168,2.9061310291290283,0.0053179264068603516
initial,11,block5.W1,53,16,3.0758469104766846,3.0711071491241455,0.0047397613525390625
initial,11,block5.W1,54,16,2.8120970726013184,2.8123979568481445,0.0003008842468261719
initial,11,block5.W1,55,16,2.800483465194702,2.796184539794922,0.0042989253997802734
initial,11,block5.W1,56,16,2.7999298572540283,2.801187515258789,0.0012576580047607422
initial,11,block5.W1,57,16,2.853118896484375,2.854682445526123,0.0015635490417480469
initial,11,block5.W1,58,16,2.887779951095581,2.896010398864746,0.008230447769165039
initial,11,block5.W1,59,16,2.7112913131713867,2.713599681854248,0.002308368682861328
initial,11,block5.W1,60,16,3.107318639755249,3.1116628646850586,0.00434422492980957
initial,11,block5.W1,61,16,2.923693895339966,2.9201037883758545,0.003590106964111328
initial,11,block5.W1,62,16,3.082418918609619,3.0931544303894043,0.010735511779785156
initial,11,block5.W1,63,16,2.9124279022216797,2.9116997718811035,0.0007281303405761719
initial,12,block5.W2,0,16,2.607624053955078,2.6192381381988525,0.011614084243774414
initial,12,block5.W2,1,16,2.9168715476989746,2.9070591926574707,0.009812355041503906
initial,12,block5.W2,2,16,2.937865734100342,2.9379804134368896,0.00011467933654785156
initial,12,block5.W2,3,16,2.668159008026123,2.656822681427002,0.011336326599121094
initial,12,block5.W2,4,16,3.0923452377319336,3.0938732624053955,0.001528024673461914
initial,12,block5.W2,5,16,3.011157274246216,3.0099191665649414,0.001238107681274414
initial,12,block5.W2,6,16,2.722806215286255,2.7198078632354736,0.00299835205078125
initial,12,block5.W2,7,16,2.82853627204895,2.830035924911499,0.0014996528625488281
initial,12,block5.W2,8,16,2.872653007507324,2.8611083030700684,0.01154470443725586
initial,12,block5.W2,9,16,2.6832003593444824,2.6803042888641357,0.0028960704803466797
initial,12,block5.W2,10,16,3.092888593673706,3.0971622467041016,0.004273653030395508
initial,12,block5.W2,11,16,2.7263331413269043,2.7284181118011475,0.002084970474243164
initial,12,block5.W2,12,16,2.633213520050049,2.6395130157470703,0.006299495697021484
initial,12,block5.W2,13,16,2.672963857650757,2.673255681991577,0.0002918243408203125
initial,12,block5.W2,14,16,3.118807077407837,3.11330246925354,0.005504608154296875
initial,12,block5.W2,15,16,2.8618111610412598,2.8640942573547363,0.0022830963134765625
initial,12,block5.W2,16,16,2.76706862449646,2.765915632247925,0.0011529922485351562
initial,12,block5.W2,17,16,2.638446092605591,2.6407759189605713,0.0023298263549804688
initial,12,block5.W2,18,16,2.8966197967529297,2.8834593296051025,0.013160467147827148
initial,12,block5.W2,19,16,2.8101680278778076,2.8120737075805664,0.001905679702758789
initial,12,block5.W2,20,16,2.8782880306243896,2.8708837032318115,0.007404327392578125
initial,12,block5.W2,21,16,2.891599655151367,2.8916165828704834,1.6927719116210938e-05
initial,12,block5.W2,22,16,2.8152456283569336,2.8126583099365234,0.0025873184204101562
initial,12,block5.W2,23,16,2.769865036010742,2.7784571647644043,0.00859212875366211
initial,12,block5.W2,24,16,2.7668399810791016,2.757483720779419,0.009356260299682617
initial,12,block5.W2,25,16,2.6799705028533936,2.68314266204834,0.003172159194946289
initial,12,block5.W2,26,16,2.4874658584594727,2.486407995223999,0.0010578632354736328
initial,12,block5.W2,27,16,2.6660211086273193,2.67323637008667,0.007215261459350586
initial,12,block5.W2,28,16,2.945610523223877,2.936194658279419,0.009415864944458008
initial,12,block5.W2,29,16,2.7998178005218506,2.7977516651153564,0.0020661354064941406
initial,12,block5.W2,30,16,3.046696662902832,3.0414793491363525,0.005217313766479492
initial,12,block5.W2,31,16,2.7686893939971924,2.776723861694336,0.008034467697143555
initial,12,block5.W2,32,16,3.049107551574707,3.0472962856292725,0.0018112659454345703
initial,12,block5.W2,33,16,2.8004159927368164,2.803088665008545,0.0026726722717285156
initial,12,block5.W2,34,16,2.7365469932556152,2.737980842590332,0.0014338493347167969
initial,12,block5.W2,35,16,2.806154251098633,2.8094382286071777,0.003283977508544922
initial,12,block5.W2,36,16,2.729717969894409,2.725956439971924,0.0037615299224853516
initial,12,block5.W2,37,16,2.777355670928955,2.785689353942871,0.008333683013916016
initial,12,block5.W2,38,16,2.945266008377075,2.9440207481384277,0.001245260238647461
initial,12,block5.W2,39,16,2.780454158782959,2.7714972496032715,0.0089569091796875
initial,12,block5.W2,40,16,2.911818742752075,2.919029474258423,0.007210731506347656
initial,12,block5.W2,41,16,2.6667208671569824,2.676302909851074,0.009582042694091797
initial,12,block5.W2,42,16,2.8796188831329346,2.87542986869812,0.004189014434814453
initial,12,block5.W2,43,16,2.7529022693634033,2.7527103424072266,0.0001919269561767578
initial,12,block5.W2,44,16,2.8067686557769775,2.8138680458068848,0.0070993900299072266
initial,12,block5.W2,45,16,2.9548771381378174,2.9637954235076904,0.008918285369873047
initial,12,block5.W2,46,16,2.926074504852295,2.9207217693328857,0.00535273551940918
initial,12,block5.W2,47,16,2.690823554992676,2.6973636150360107,0.006540060043334961
initial,12,block5.W2,48,16,2.9938862323760986,2.9859695434570312,0.007916688919067383
initial,12,block5.W2,49,16,2.758777618408203,2.7570273876190186,0.0017502307891845703
initial,12,block5.W2,50,16,2.798433303833008,2.7961385250091553,0.002294778823852539
initial,12,block5.W2,51,16,2.7108378410339355,2.7038440704345703,0.006993770599365234
initial,12,block5.W2,52,16,2.7927539348602295,2.801872491836548,0.00911855697631836
initial,12,block5.W2,53,16,2.8756790161132812,2.8851068019866943,0.009427785873413086
initial,12,block5.W2,54,16,3.118905544281006,3.113729476928711,0.005176067352294922
initial,12,block5.W2,55,16,3.2225756645202637,3.2080395221710205,0.014536142349243164
initial,12,block5.W2,56,16,2.8398847579956055,2.8308115005493164,0.009073257446289062
initial,12,block5.W2,57,16,2.7268009185791016,2.7284929752349854,0.001692056655883789
initial,12,block5.W2,58,16,2.7092223167419434,2.716080904006958,0.0068585872650146484
initial,12,block5.W2,59,16,3.1152124404907227,3.108802556991577,0.006409883499145508
initial,12,block5.W2,60,16,3.1203505992889404,3.119978427886963,0.00037217140197753906
initial,12,block5.W2,61,16,2.8215749263763428,2.817121744155884,0.004453182220458984
initial,12,block5.W2,62,16,2.7585437297821045,2.7585883140563965,4.458427429199219e-05
initial,12,block5.W2,63,16,2.814178705215454,2.817136764526367,0.002958059310913086
initial,13,block6.W1,0,16,3.000995397567749,3.0076651573181152,0.006669759750366211
initial,13,block6.W1,1,16,2.8893423080444336,2.8862056732177734,0.0031366348266601562
initial,13,block6.W1,2,16,2.6387996673583984,2.6328768730163574,0.005922794342041016
initial,13,block6.W1,3,16,2.846698522567749,2.8471269607543945,0.0004284381866455078
initial,13,block6.W1,4,16,2.9400100708007812,2.9387588500976562,0.001251220703125
initial,13,block6.W1,5,16,2.7512900829315186,2.752227544784546,0.0009374618530273438
initial,13,block6.W1,6,16,2.8507704734802246,2.8600542545318604,0.009283781051635742
initial,13,block6.W1,7,16,2.856145143508911,2.8533663749694824,0.002778768539428711
initial,13,block6.W1,8,16,2.7977678775787354,2.7985424995422363,0.0007746219635009766
initial,13,block6.W1,9,16,2.725278615951538,2.718747615814209,0.0065310001373291016
initial,13,block6.W1,10,16,2.8773508071899414,2.8711190223693848,0.006231784820556641
initial,13,block6.W1,11,16,2.8194477558135986,2.8114969730377197,0.007950782775878906
initial,13,block6.W1,12,16,2.9677324295043945,2.9728946685791016,0.005162239074707031
initial,13,block6.W1,13,16,2.8709394931793213,2.867288589477539,0.0036509037017822266
initial,13,block6.W1,14,16,2.772514820098877,2.762417793273926,0.010097026824951172
initial,13,block6.W1,15,16,2.7423720359802246,2.7473256587982178,0.004953622817993164
initial,13,block6.W1,16,16,2.9464311599731445,2.950258731842041,0.0038275718688964844
initial,13,block6.W1,17,16,2.826310873031616,2.827383279800415,0.0010724067687988281
initial,13,block6.W1,18,16,2.9091506004333496,2.9092800617218018,0.00012946128845214844
initial,13,block6.W1,19,16,2.649238348007202,2.6588191986083984,0.009580850601196289
initial,13,block6.W1,20,16,2.9591758251190186,2.956285238265991,0.0028905868530273438
initial,13,block6.W1,21,16,3.1193859577178955,3.117342472076416,0.002043485641479492
initial,13,block6.W1,22,16,3.027862548828125,3.0277411937713623,0.00012135505676269531
initial,13,block6.W1,23,16,2.9914257526397705,2.9916799068450928,0.0002541542053222656
initial,13,block6.W1,24,16,2.9747002124786377,2.9729721546173096,0.001728057861328125
initial,13,block6.W1,25,16,3.1357858180999756,3.131904363632202,0.0038814544677734375
initial,13,block6.W1,26,16,2.9337785243988037,2.932589530944824,0.0011889934539794922
initial,13,block6.W1,27,16,2.827106475830078,2.828983783721924,0.0018773078918457031
initial,13,block6.W1,28,16,2.7749884128570557,2.7732155323028564,0.0017728805541992188
initial,13,block6.W1,29,16,2.7276766300201416,2.7300665378570557,0.0023899078369140625
initial,13,block6.W1,30,16,2.906886577606201,2.900083541870117,0.006803035736083984
initial,13,block6.W1,31,16,3.0648090839385986,3.067124843597412,0.0023157596588134766
initial,13,block6.W1,32,16,2.8897626399993896,2.9023513793945312,0.012588739395141602
initial,13,block6.W1,33,16,3.044875144958496,3.036903142929077,0.007972002029418945
initial,13,block6.W1,34,16,2.867523670196533,2.866135597229004,0.0013880729675292969
initial,13,block6.W1,35,16,3.0636465549468994,3.0594265460968018,0.004220008850097656
initial,13,block6.W1,36,16,2.988703489303589,2.9869649410247803,0.0017385482788085938
initial,13,block6.W1,37,16,3.0731401443481445,3.0824029445648193,0.009262800216674805
initial,13,block6.W1,38,16,3.043276071548462,3.0430126190185547,0.00026345252990722656
initial,13,block6.W1,39,16,2.8221423625946045,2.8265926837921143,0.004450321197509766
initial,13,block6.W1,40,16,2.8963520526885986,2.891529083251953,0.004822969436645508
initial,13,block6.W1,41,16,3.0214011669158936,3.023747444152832,0.0023462772369384766
initial,13,block6.W1,42,16,2.7219626903533936,2.7191083431243896,0.0028543472290039062
initial,13,block6.W1,43,16,2.7481300830841064,2.7484567165374756,0.0003266334533691406
initial,13,block6.W1,44,16,2.5964548587799072,2.5934500694274902,0.003004789352416992
initial,13,block6.W1,45,16,3.08522367477417,3.0740652084350586,0.011158466339111328
initial,13,block6.W1,46,16,2.8274240493774414,2.82582950592041,0.00159454345703125
initial,13,block6.W1,47,16,2.9023630619049072,2.9065394401550293,0.00417637825012207
initial,13,block6.W1,48,16,3.046820640563965,3.038388252258301,0.008432388305664062
initial,13,block6.W1,49,16,2.8373539447784424,2.830770254135132,0.006583690643310547
initial,13,block6.W1,50,16,2.962578773498535,2.957928419113159,0.0046503543853759766
initial,13,block6.W1,51,16,2.525632381439209,2.529783010482788,0.0041506290435791016
initial,13,block6.W1,52,16,2.9425418376922607,2.941810131072998,0.0007317066192626953
initial,13,block6.W1,53,16,2.948549509048462,2.9431777000427246,0.005371809005737305
initial,13,block6.W1,54,16,2.9392025470733643,2.9449145793914795,0.005712032318115234
initial,13,block6.W1,55,16,2.829265594482422,2.832397699356079,0.0031321048736572266
initial,13,block6.W1,56,16,2.975393533706665,2.973717212677002,0.001676321029663086
initial,13,block6.W1,57,16,2.7472023963928223,2.7500836849212646,0.002881288528442383
initial,13,block6.W1,58,16,2.8305399417877197,2.8333992958068848,0.002859354019165039
initial,13,block6.W1,59,16,2.825613260269165,2.827118158340454,0.0015048980712890625
initial,13,block6.W1,60,16,2.9894814491271973,2.9893057346343994,0.00017571449279785156
initial,13,block6.W1,61,16,2.5917789936065674,2.5925779342651367,0.0007989406585693359
initial,13,block6.W1,62,16,2.9983091354370117,2.999753475189209,0.0014443397521972656
initial,13,block6.W1,63,16,2.990586996078491,2.992551565170288,0.001964569091796875
initial,14,block6.W2,0,16,2.8332433700561523,2.8249146938323975,0.008328676223754883
initial,14,block6.W2,1,16,2.8267300128936768,2.8289709091186523,0.002240896224975586
initial,14,block6.W2,2,16,2.839613914489746,2.8376660346984863,0.0019478797912597656
initial,14,block6.W2,3,16,2.7173850536346436,2.715670347213745,0.0017147064208984375
initial,14,block6.W2,4,16,2.895906925201416,2.8936946392059326,0.0022122859954833984
initial,14,block6.W2,5,16,2.9142818450927734,2.9085118770599365,0.005769968032836914
initial,14,block6.W2,6,16,2.8680577278137207,2.867117166519165,0.0009405612945556641
initial,14,block6.W2,7,16,2.684389352798462,2.672907590866089,0.011481761932373047
initial,14,block6.W2,8,16,2.7630202770233154,2.7678110599517822,0.004790782928466797
initial,14,block6.W2,9,16,2.740485668182373,2.7442681789398193,0.003782510757446289
initial,14,block6.W2,10,16,2.9191181659698486,2.9131107330322266,0.00600743293762207
initial,14,block6.W2,11,16,2.8512284755706787,2.8490383625030518,0.002190113067626953
initial,14,block6.W2,12,16,2.822299003601074,2.8247575759887695,0.0024585723876953125
initial,14,block6.W2,13,16,3.027733087539673,3.033329963684082,0.00559687614440918
initial,14,block6.W2,14,16,2.7884223461151123,2.7863922119140625,0.0020301342010498047
initial,14,block6.W2,15,16,2.8855669498443604,2.8774564266204834,0.008110523223876953
initial,14,block6.W2,16,16,2.83957576751709,2.8491554260253906,0.009579658508300781
initial,14,block6.W2,17,16,2.900601625442505,2.9073004722595215,0.0066988468170166016
initial,14,block6.W2,18,16,2.584836006164551,2.5825750827789307,0.002260923385620117
initial,14,block6.W2,19,16,2.7325620651245117,2.733753204345703,0.0011911392211914062
initial,14,block6.W2,20,16,3.1257786750793457,3.125336170196533,0.0004425048828125
initial,14,block6.W2,21,16,2.861678123474121,2.86281681060791,0.0011386871337890625
initial,14,block6.W2,22,16,2.629714250564575,2.63002872467041,0.00031447410583496094
initial,14,block6.W2,23,16,2.9858665466308594,2.9807348251342773,0.005131721496582031
initial,14,block6.W2,24,16,2.9012956619262695,2.9014601707458496,0.00016450881958007812
initial,14,block6.W2,25,16,2.8548290729522705,2.847885847091675,0.006943225860595703
initial,14,block6.W2,26,16,2.5961034297943115,2.5872697830200195,0.008833646774291992
initial,14,block6.W2,27,16,3.1601738929748535,3.1648519039154053,0.004678010940551758
initial,14,block6.W2,28,16,2.851588249206543,2.8558194637298584,0.00423121452331543
initial,14,block6.W2,29,16,2.6520979404449463,2.6520774364471436,2.0503997802734375e-05
initial,14,block6.W2,30,16,2.809891939163208,2.8147921562194824,0.004900217056274414
initial,14,block6.W2,31,16,2.9145267009735107,2.9164047241210938,0.0018780231475830078
initial,14,block6.W2,32,16,2.826505661010742,2.8258514404296875,0.0006542205810546875
initial,14,block6.W2,33,16,2.8992605209350586,2.895833730697632,0.003426790237426758
initial,14,block6.W2,34,16,2.7891697883605957,2.7807769775390625,0.008392810821533203
initial,14,block6.W2,35,16,2.779263496398926,2.7757763862609863,0.003487110137939453
initial,14,block6.W2,36,16,2.8229310512542725,2.8340110778808594,0.011080026626586914
initial,14,block6.W2,37,16,2.866037368774414,2.862452745437622,0.003584623336791992
initial,14,block6.W2,38,16,2.7335777282714844,2.7254865169525146,0.008091211318969727
initial,14,block6.W2,39,16,2.8108255863189697,2.8003649711608887,0.010460615158081055
initial,14,block6.W2,40,16,2.908405065536499,2.912140130996704,0.003735065460205078
initial,14,block6.W2,41,16,2.9692721366882324,2.9698243141174316,0.0005521774291992188
initial,14,block6.W2,42,16,2.6823689937591553,2.6863415241241455,0.003972530364990234
initial,14,block6.W2,43,16,2.8486404418945312,2.846416473388672,0.002223968505859375
initial,14,block6.W2,44,16,2.8362982273101807,2.832765579223633,0.0035326480865478516
initial,14,block6.W2,45,16,2.8828258514404297,2.8848323822021484,0.00200653076171875
initial,14,block6.W2,46,16,3.146146297454834,3.1461408138275146,5.4836273193359375e-06
initial,14,block6.W2,47,16,2.742253303527832,2.7350213527679443,0.007231950759887695
initial,14,block6.W2,48,16,2.7789878845214844,2.7830679416656494,0.004080057144165039
initial,14,block6.W2,49,16,3.1309919357299805,3.1247241497039795,0.0062677860260009766
initial,14,block6.W2,50,16,3.0119717121124268,3.009805202484131,0.0021665096282958984
initial,14,block6.W2,51,16,2.9687812328338623,2.964109420776367,0.004671812057495117
initial,14,block6.W2,52,16,2.893918514251709,2.9048912525177,0.010972738265991211
initial,14,block6.W2,53,16,2.8269965648651123,2.8363475799560547,0.009351015090942383
initial,14,block6.W2,54,16,2.73991322517395,2.7337186336517334,0.006194591522216797
initial,14,block6.W2,55,16,2.7747695446014404,2.7858128547668457,0.011043310165405273
initial,14,block6.W2,56,16,2.9422855377197266,2.9437036514282227,0.0014181137084960938
initial,14,block6.W2,57,16,2.7032744884490967,2.7032713890075684,3.0994415283203125e-06
initial,14,block6.W2,58,16,2.8940436840057373,2.8954310417175293,0.0013873577117919922
initial,14,block6.W2,59,16,2.821593761444092,2.826571226119995,0.00497746467590332
initial,14,block6.W2,60,16,2.8300535678863525,2.829486131668091,0.0005674362182617188
initial,14,block6.W2,61,16,2.8833131790161133,2.8904473781585693,0.007134199142456055
initial,14,block6.W2,62,16,2.7744803428649902,2.779587507247925,0.00510716438293457
initial,14,block6.W2,63,16,2.76031231880188,2.758408546447754,0.0019037723541259766
initial,15,block7.W1,0,16,2.8507132530212402,2.8491578102111816,0.0015554428100585938
initial,15,block7.W1,1,16,2.968965768814087,2.9759247303009033,0.006958961486816406
initial,15,block7.W1,2,16,2.9227006435394287,2.9167959690093994,0.005904674530029297
initial,15,block7.W1,3,16,2.934691905975342,2.9357831478118896,0.0010912418365478516
initial,15,block7.W1,4,16,2.661738395690918,2.660568952560425,0.001169443130493164
initial,15,block7.W1,5,16,2.9090869426727295,2.9063587188720703,0.0027282238006591797
initial,15,block7.W1,6,16,2.7057323455810547,2.7038159370422363,0.0019164085388183594
initial,15,block7.W1,7,16,2.5785183906555176,2.5732414722442627,0.005276918411254883
initial,15,block7.W1,8,16,2.992311716079712,2.9926300048828125,0.00031828880310058594
initial,15,block7.W1,9,16,2.9432194232940674,2.9418418407440186,0.0013775825500488281
initial,15,block7.W1,10,16,2.919919490814209,2.9143588542938232,0.005560636520385742
initial,15,block7.W1,11,16,2.8713414669036865,2.863476037979126,0.007865428924560547
initial,15,block7.W1,12,16,3.097980499267578,3.0941951274871826,0.003785371780395508
initial,15,block7.W1,13,16,2.9225900173187256,2.924220323562622,0.0016303062438964844
initial,15,block7.W1,14,16,2.577889919281006,2.5807671546936035,0.0028772354125976562
initial,15,block7.W1,15,16,2.677835702896118,2.6798911094665527,0.0020554065704345703
initial,15,block7.W1,16,16,2.8958652019500732,2.9017205238342285,0.0058553218841552734
initial,15,block7.W1,17,16,2.8318958282470703,2.8297922611236572,0.002103567123413086
initial,15,block7.W1,18,16,2.88002347946167,2.8789262771606445,0.0010972023010253906
initial,15,block7.W1,19,16,2.7869296073913574,2.7927908897399902,0.0058612823486328125
initial,15,block7.W1,20,16,2.9986844062805176,2.9875166416168213,0.011167764663696289
initial,15,block7.W1,21,16,2.934523820877075,2.926173448562622,0.008350372314453125
initial,15,block7.W1,22,16,2.9927592277526855,2.983792304992676,0.008966922760009766
initial,15,block7.W1,23,16,2.976780414581299,2.9772565364837646,0.0004761219024658203
initial,15,block7.W1,24,16,2.91011905670166,2.90960431098938,0.0005147457122802734
initial,15,block7.W1,25,16,2.8122875690460205,2.8105485439300537,0.0017390251159667969
initial,15,block7.W1,26,16,2.859891891479492,2.863441228866577,0.003549337387084961
initial,15,block7.W1,27,16,2.636103391647339,2.636793613433838,0.0006902217864990234
initial,15,block7.W1,28,16,2.8395824432373047,2.8385939598083496,0.0009884834289550781
initial,15,block7.W1,29,16,2.921961545944214,2.9189655780792236,0.0029959678649902344
initial,15,block7.W1,30,16,2.9616024494171143,2.9531590938568115,0.008443355560302734
initial,15,block7.W1,31,16,3.0087742805480957,3.0123021602630615,0.0035278797149658203
initial,15,block7.W1,32,16,3.099640369415283,3.1044106483459473,0.0047702789306640625
initial,15,block7.W1,33,16,2.8259201049804688,2.824779987335205,0.0011401176452636719
initial,15,block7.W1,34,16,2.8233022689819336,2.8269639015197754,0.003661632537841797
initial,15,block7.W1,35,16,2.849757432937622,2.8511929512023926,0.0014355182647705078
initial,15,block7.W1,36,16,3.0587799549102783,3.0616135597229004,0.0028336048126220703
initial,15,block7.W1,37,16,2.830367088317871,2.8330459594726562,0.0026788711547851562
initial,15,block7.W1,38,16,2.6011297702789307,2.594778299331665,0.006351470947265625
initial,15,block7.W1,39,16,2.837813377380371,2.832162618637085,0.005650758743286133
initial,15,block7.W1,40,16,2.8490779399871826,2.844510555267334,0.004567384719848633
initial,15,block7.W1,41,16,3.005671977996826,3.003687620162964,0.0019843578338623047
initial,15,block7.W1,42,16,2.901780366897583,2.8912107944488525,0.010569572448730469
initial,15,block7.W1,43,16,2.9378511905670166,2.931251049041748,0.006600141525268555
initial,15,block7.W1,44,16,2.827255964279175,2.8212335109710693,0.006022453308105469
initial,15,block7.W1,45,16,2.7677905559539795,2.764897584915161,0.0028929710388183594
initial,15,block7.W1,46,16,2.887479305267334,2.8789663314819336,0.00851297378540039
initial,15,block7.W1,47,16,2.90017032623291,2.8989784717559814,0.001191854476928711
initial,15,block7.W1,48,16,2.8912353515625,2.892542839050293,0.0013074874877929688
initial,15,block7.W1,49,16,2.631209373474121,2.64387583732605,0.012666463851928711
initial,15,block7.W1,50,16,2.9486260414123535,2.9500882625579834,0.0014622211456298828
initial,15,block7.W1,51,16,2.959704637527466,2.952465295791626,0.007239341735839844
initial,15,block7.W1,52,16,3.0336878299713135,3.0224359035491943,0.01125192642211914
initial,15,block7.W1,53,16,2.894662857055664,2.896693468093872,0.002030611038208008
initial,15,block7.W1,54,16,2.862037181854248,2.864560127258301,0.0025229454040527344
initial,15,block7.W1,55,16,3.0046753883361816,3.0046989917755127,2.3603439331054688e-05
initial,15,block7.W1,56,16,2.8513150215148926,2.8526082038879395,0.001293182373046875
initial,15,block7.W1,57,16,2.796121597290039,2.795135736465454,0.000985860824584961
initial,15,block7.W1,58,16,2.7737443447113037,2.7754435539245605,0.001699209213256836
initial,15,block7.W1,59,16,2.89973783493042,2.902195453643799,0.0024576187133789062
initial,15,block7.W1,60,16,2.7537593841552734,2.758526086807251,0.004766702651977539
initial,15,block7.W1,61,16,2.887566089630127,2.889458179473877,0.00189208984375
initial,15,block7.W1,62,16,2.881300926208496,2.88069486618042,0.0006060600280761719
initial,15,block7.W1,63,16,3.1231441497802734,3.1098721027374268,0.01327204704284668
initial,16,block7.W2,0,16,2.9373526573181152,2.9263877868652344,0.01096487045288086
initial,16,block7.W2,1,16,2.8669819831848145,2.8642525672912598,0.0027294158935546875
initial,16,block7.W2,2,16,2.6002697944641113,2.590353012084961,0.00991678237915039
initial,16,block7.W2,3,16,2.886605978012085,2.887634515762329,0.0010285377502441406
initial,16,block7.W2,4,16,2.7828800678253174,2.7839763164520264,0.0010962486267089844
initial,16,block7.W2,5,16,2.7582757472991943,2.7586145401000977,0.0003387928009033203
initial,16,block7.W2,6,16,2.693223714828491,2.6858127117156982,0.007411003112792969
initial,16,block7.W2,7,16,2.7846639156341553,2.7826313972473145,0.0020325183868408203
initial,16,block7.W2,8,16,2.8773906230926514,2.883789300918579,0.006398677825927734
initial,16,block7.W2,9,16,2.991682529449463,2.9705843925476074,0.02109813690185547
initial,16,block7.W2,10,16,2.8492844104766846,2.84358811378479,0.005696296691894531
initial,16,block7.W2,11,16,2.721269369125366,2.728083848953247,0.006814479827880859
initial,16,block7.W2,12,16,2.573762893676758,2.5748343467712402,0.0010714530944824219
initial,16,block7.W2,13,16,2.849600315093994,2.852825403213501,0.003225088119506836
initial,16,block7.W2,14,16,2.774571418762207,2.7817773818969727,0.007205963134765625
initial,16,block7.W2,15,16,2.9578444957733154,2.957599401473999,0.00024509429931640625
initial,16,block7.W2,16,16,2.897376537322998,2.8998639583587646,0.0024874210357666016
initial,16,block7.W2,17,16,2.9710447788238525,2.9656522274017334,0.005392551422119141
initial,16,block7.W2,18,16,2.904702663421631,2.9086596965789795,0.003957033157348633
initial,16,block7.W2,19,16,2.86055064201355,2.862332582473755,0.0017819404602050781
initial,16,block7.W2,20,16,2.859010934829712,2.8539979457855225,0.005012989044189453
initial,16,block7.W2,21,16,3.0729761123657227,3.0765209197998047,0.0035448074340820312
initial,16,block7.W2,22,16,2.8121402263641357,2.815737009048462,0.003596782684326172
initial,16,block7.W2,23,16,2.932309150695801,2.9295547008514404,0.0027544498443603516
initial,16,block7.W2,24,16,2.607822895050049,2.6100807189941406,0.002257823944091797
initial,16,block7.W2,25,16,2.861952781677246,2.8607184886932373,0.001234292984008789
initial,16,block7.W2,26,16,2.8028550148010254,2.8022494316101074,0.0006055831909179688
initial,16,block7.W2,27,16,2.993286609649658,2.9836435317993164,0.009643077850341797
initial,16,block7.W2,28,16,3.0937373638153076,3.0976154804229736,0.0038781166076660156
initial,16,block7.W2,29,16,2.6574923992156982,2.6617085933685303,0.004216194152832031
initial,16,block7.W2,30,16,3.070030689239502,3.060361385345459,0.009669303894042969
initial,16,block7.W2,31,16,2.687215805053711,2.6932008266448975,0.0059850215911865234
initial,16,block7.W2,32,16,2.805717945098877,2.8203086853027344,0.014590740203857422
initial,16,block7.W2,33,16,3.083988904953003,3.0870375633239746,0.0030486583709716797
initial,16,block7.W2,34,16,2.9361400604248047,2.9374945163726807,0.0013544559478759766
initial,16,block7.W2,35,16,3.041688919067383,3.044506311416626,0.002817392349243164
initial,16,block7.W2,36,16,2.898622989654541,2.905792474746704,0.007169485092163086
initial,16,block7.W2,37,16,2.86557674407959,2.865518808364868,5.793571472167969e-05
initial,16,block7.W2,38,16,2.9250376224517822,2.9286906719207764,0.0036530494689941406
initial,16,block7.W2,39,16,2.8183491230010986,2.8238093852996826,0.005460262298583984
initial,16,block7.W2,40,16,2.6521847248077393,2.653351306915283,0.0011665821075439453
initial,16,block7.W2,41,16,2.926849842071533,2.925959587097168,0.0008902549743652344
initial,16,block7.W2,42,16,2.7440106868743896,2.7482428550720215,0.004232168197631836
initial,16,block7.W2,43,16,2.7167766094207764,2.709005832672119,0.0077707767486572266
initial,16,block7.W2,44,16,3.1040661334991455,3.1159145832061768,0.01184844970703125
initial,16,block7.W2,45,16,2.7566421031951904,2.7535629272460938,0.0030791759490966797
initial,16,block7.W2,46,16,2.766871929168701,2.770364761352539,0.0034928321838378906
initial,16,block7.W2,47,16,2.735295534133911,2.738093852996826,0.002798318862915039
initial,16,block7.W2,48,16,2.822190999984741,2.823406219482422,0.001215219497680664
initial,16,block7.W2,49,16,2.9011776447296143,2.8998312950134277,0.0013463497161865234
initial,16,block7.W2,50,16,2.8508899211883545,2.846155881881714,0.004734039306640625
initial,16,block7.W2,51,16,2.7763986587524414,2.777656078338623,0.0012574195861816406
initial,16,block7.W2,52,16,2.7329816818237305,2.726283311843872,0.0066983699798583984
initial,16,block7.W2,53,16,2.8990156650543213,2.8863959312438965,0.012619733810424805
initial,16,block7.W2,54,16,2.9178357124328613,2.907090663909912,0.010745048522949219
initial,16,block7.W2,55,16,3.1196722984313965,3.122474193572998,0.0028018951416015625
initial,16,block7.W2,56,16,3.010610580444336,3.013925313949585,0.0033147335052490234
initial,16,block7.W2,57,16,2.7919881343841553,2.7994272708892822,0.007439136505126953
initial,16,block7.W2,58,16,2.8388466835021973,2.833732843399048,0.005113840103149414
initial,16,block7.W2,59,16,2.8524348735809326,2.854924440383911,0.0024895668029785156
initial,16,block7.W2,60,16,2.7775330543518066,2.7689168453216553,0.008616209030151367
initial,16,block7.W2,61,16,2.673095226287842,2.67390775680542,0.000812530517578125
initial,16,block7.W2,62,16,2.9124252796173096,2.9050142765045166,0.007411003112792969
initial,16,block7.W2,63,16,2.7448246479034424,2.7461562156677246,0.0013315677642822266
initial,17,W_out,0,16,3.0256874561309814,2.95979380607605,0.06589365005493164
initial,17,W_out,1,16,2.754636287689209,2.757019519805908,0.0023832321166992188
initial,17,W_out,2,16,2.8607704639434814,2.9790542125701904,0.11828374862670898
initial,17,W_out,3,16,2.7040255069732666,2.78440523147583,0.08037972450256348
initial,17,W_out,4,16,3.0034353733062744,3.044309139251709,0.04087376594543457
initial,17,W_out,5,16,2.8534414768218994,2.901191234588623,0.04774975776672363
initial,17,W_out,6,16,2.9110424518585205,2.95220685005188,0.041164398193359375
initial,17,W_out,7,16,2.7307212352752686,2.7863540649414062,0.055632829666137695
initial,17,W_out,8,16,2.773754119873047,2.8566653728485107,0.08291125297546387
initial,17,W_out,9,16,2.8393349647521973,2.8558061122894287,0.016471147537231445
initial,17,W_out,10,16,2.884347915649414,2.866253614425659,0.018094301223754883
initial,17,W_out,11,16,2.743947982788086,2.7356984615325928,0.008249521255493164
initial,17,W_out,12,16,2.9021384716033936,2.8246073722839355,0.07753109931945801
initial,17,W_out,13,16,2.774493455886841,2.8322415351867676,0.05774807929992676
initial,17,W_out,14,16,2.9411137104034424,2.8705084323883057,0.07060527801513672
initial,17,W_out,15,16,2.873112916946411,2.9790408611297607,0.10592794418334961
initial,17,W_out,16,16,3.0287272930145264,3.012847661972046,0.01587963104248047
initial,17,W_out,17,16,2.7368686199188232,2.7493109703063965,0.012442350387573242
initial,17,W_out,18,16,3.051562547683716,2.991856098175049,0.05970644950866699
initial,17,W_out,19,16,2.724210739135742,2.7987499237060547,0.0745391845703125
initial,17,W_out,20,16,2.8319132328033447,2.756842851638794,0.07507038116455078
initial,17,W_out,21,16,2.7934181690216064,2.8070731163024902,0.013654947280883789
initial,17,W_out,22,16,2.7666778564453125,2.741358518600464,0.025319337844848633
initial,17,W_out,23,16,2.837064027786255,2.9528114795684814,0.11574745178222656
initial,17,W_out,24,16,2.8119897842407227,2.829353094100952,0.017363309860229492
initial,17,W_out,25,16,2.8908395767211914,2.8617935180664062,0.029046058654785156
initial,17,W_out,26,16,2.846031665802002,2.817688465118408,0.02834320068359375
initial,17,W_out,27,16,2.817291736602783,2.8175575733184814,0.0002658367156982422
initial,17,W_out,28,16,2.788872718811035,2.7049880027770996,0.08388471603393555
initial,17,W_out,29,16,2.8778345584869385,2.8974051475524902,0.019570589065551758
initial,17,W_out,30,16,2.61110782623291,2.7493627071380615,0.13825488090515137
initial,17,W_out,31,16,2.9427366256713867,2.9480950832366943,0.005358457565307617
initial,17,W_out,32,16,2.8038952350616455,2.8173747062683105,0.013479471206665039
initial,17,W_out,33,16,2.6075432300567627,2.5988969802856445,0.008646249771118164
initial,17,W_out,34,16,2.8712427616119385,2.87941837310791,0.00817561149597168
initial,17,W_out,35,16,2.864837646484375,2.9144132137298584,0.0495755672454834
initial,17,W_out,36,16,2.769209623336792,2.8059802055358887,0.03677058219909668
initial,17,W_out,37,16,2.8535425662994385,2.889683485031128,0.03614091873168945
initial,17,W_out,38,16,2.5877492427825928,2.6101465225219727,0.022397279739379883
initial,17,W_out,39,16,2.7845685482025146,2.837620973587036,0.053052425384521484
initial,17,W_out,40,16,2.8632712364196777,2.8849315643310547,0.021660327911376953
initial,17,W_out,41,16,2.9206366539001465,2.8738934993743896,0.046743154525756836
initial,17,W_out,42,16,2.7834577560424805,2.788875102996826,0.005417346954345703
initial,17,W_out,43,16,2.6285183429718018,2.5989222526550293,0.02959609031677246
initial,17,W_out,44,16,3.05149507522583,3.0072481632232666,0.04424691200256348
initial,17,W_out,45,16,3.0202550888061523,2.928131103515625,0.09212398529052734
initial,17,W_out,46,16,2.830256462097168,2.848938226699829,0.018681764602661133
initial,17,W_out,47,16,2.9639241695404053,2.950470209121704,0.013453960418701172
initial,17,W_out,48,16,2.8893849849700928,2.8589391708374023,0.03044581413269043
initial,17,W_out,49,16,2.8553388118743896,2.930811882019043,0.07547307014465332
initial,17,W_out,50,16,2.898347854614258,2.7933919429779053,0.10495591163635254
initial,17,W_out,51,16,3.2680485248565674,3.30084228515625,0.03279376029968262
initial,17,W_out,52,16,3.052128553390503,3.0252163410186768,0.026912212371826172
initial,17,W_out,53,16,3.074272394180298,3.0495340824127197,0.024738311767578125
initial,17,W_out,54,16,2.592538356781006,2.636780023574829,0.04424166679382324
initial,17,W_out,55,16,2.9907429218292236,3.007136583328247,0.016393661499023438
initial,17,W_out,56,16,3.0094852447509766,3.019958734512329,0.010473489761352539
initial,17,W_out,57,16,2.906644582748413,2.8763692378997803,0.030275344848632812
initial,17,W_out,58,16,3.0258517265319824,3.0313303470611572,0.005478620529174805
initial,17,W_out,59,16,2.9974303245544434,2.8936710357666016,0.1037592887878418
initial,17,W_out,60,16,2.821087598800659,2.7731988430023193,0.047888755798339844
initial,17,W_out,61,16,2.739912748336792,2.7577974796295166,0.01788473129272461
initial,17,W_out,62,16,2.7941200733184814,2.733733892440796,0.06038618087768555
initial,17,W_out,63,16,2.523672580718994,2.59157657623291,0.06790399551391602
