block_size,threshold,seeds,loss_improved_seeds,accuracy_improved_seeds,initial_val_accuracy_mean,initial_val_accuracy_std,val_accuracy_mean,val_accuracy_std,val_loss_mean,val_loss_std,val_loss_drop_mean,val_loss_drop_std,test_accuracy_mean,test_accuracy_std,total_fires_mean,total_fires_std,fire_epoch_fraction_mean,fire_epoch_fraction_std,counter_mean_mean,counter_mean_std,counter_abs_mean_mean,counter_abs_mean_std,counter_abs_max_mean,counter_abs_max_std,counter_saturated_fraction_mean,counter_saturated_fraction_std
8,1,3,3,3,0.08566666666666667,0.029535289626704753,0.788,0.005291502622129186,1.008718770345052,0.003951134909379784,1.5455012817382814,0.08890949041291048,0.8081,0.003204684071792396,2908,5.0,0.9693333333333334,0.0016666666666666496,0.07189507644691898,0.08414573119738034,8.661390901250073,0.03641301895970581,62.666666666666664,0.5773502691896257,0.0,0.0
8,2,3,3,3,0.08566666666666667,0.029535289626704753,0.7906666666666667,0.010785793124908967,1.0045398763020834,0.005960087136304511,1.54968017578125,0.08465772977464082,0.8142,0.0021283796653792713,2843.6666666666665,6.6583281184793925,0.9478888888888889,0.002219442706159781,0.06421860112473503,0.07172229327633102,8.678007158576444,0.04451421950744607,63,1.0,0.0,0.0
8,3,3,3,3,0.08566666666666667,0.029535289626704753,0.787,0.0036055512754639926,1.00824267578125,0.003187903186482063,1.5459773763020834,0.09112127251599406,0.8105333333333333,0.007176582287783895,2756.6666666666665,14.364307617610162,0.9188888888888889,0.004788102539203384,0.07682387522163799,0.06065657193671558,8.646241024467303,0.08099829737886792,63,1.0,0.0,0.0
8,4,3,3,3,0.08566666666666667,0.029535289626704753,0.791,0.006082762530298225,1.0075591837565103,0.008957324829092646,1.546660868326823,0.09105406506744446,0.8167333333333333,0.00636107957294466,2606.6666666666665,27.209067116190024,0.8688888888888888,0.009069689038730004,0.056250541460474965,0.06501400130711026,8.588282772528927,0.04404916817330205,62.666666666666664,0.5773502691896257,0.0,0.0
8,5,3,3,3,0.08566666666666667,0.029535289626704753,0.7963333333333333,0.0020816659994661348,1.0051480916341147,0.0044298703714049665,1.549071960449219,0.0868025089645565,0.8140999999999999,0.007709085548883198,2400.3333333333335,40.8207463593371,0.8001111111111111,0.0136069154531124,0.08379625185958414,0.06685376765457303,8.527987725351341,0.028574931047894627,62.666666666666664,0.5773502691896257,0.0,0.0
8,6,3,3,3,0.08566666666666667,0.029535289626704753,0.796,0.004358898943540678,1.0076527709960936,0.003407152449528072,1.5465672810872397,0.0917202494151105,0.8164,0.008815327560561805,2139.6666666666665,31.342197327777345,0.7132222222222222,0.010447399109259103,0.092429649432584,0.0786077821383479,8.425194968942783,0.07363891855137077,61.666666666666664,1.5275252316519468,0.0,0.0
8,7,3,3,3,0.08566666666666667,0.029535289626704753,0.7946666666666667,0.002309401076758505,1.0095384521484376,0.001345562996786875,1.544681599934896,0.08809299310124277,0.8155666666666667,0.005507570547286107,1883.6666666666667,31.77000681985028,0.6278888888888889,0.010590002273283414,0.07161975999553073,0.07334207996673531,8.312772696761682,0.034314921631051175,62.333333333333336,1.1547005383792515,0.0,0.0
8,8,3,3,3,0.08566666666666667,0.029535289626704753,0.7973333333333333,0.005507570547286107,1.0112632242838542,0.0025414534405898835,1.5429568277994792,0.08744049270069022,0.8238666666666666,0.002281081614790088,1598.3333333333333,46.543886100467944,0.5327777777777778,0.015514628700155941,0.0633983155297433,0.07506442923068012,8.169180893428376,0.0662848109033564,62.666666666666664,1.5275252316519468,0.0,0.0
8,9,3,3,3,0.08566666666666667,0.029535289626704753,0.7966666666666667,0.004041451884327384,1.0175965372721354,0.00507848350298686,1.536623514811198,0.09420975939050057,0.8178,0.005302829433425112,1304,21.0,0.43466666666666665,0.007000000000000006,0.046566831645110066,0.052666931191172016,8.056153199075084,0.0827120036425912,62.333333333333336,0.5773502691896257,0.0,0.0
8,10,3,3,3,0.08566666666666667,0.029535289626704753,0.79,0.004582575694955844,1.0298114827473959,0.012557796221772392,1.5244085693359375,0.1005971068070006,0.8196666666666667,0.009188217092196584,1068.6666666666667,7.571877794400365,0.3562222222222222,0.0025239592648001173,0.05368960456562547,0.05504818697700085,7.952357406500841,0.04027428673409018,62.666666666666664,0.5773502691896257,0.0,0.0
8,11,3,3,3,0.08566666666666667,0.029535289626704753,0.7916666666666667,0.006429100507328643,1.0345248209635418,0.006981211363248083,1.5196952311197918,0.09428329842603009,0.8153666666666667,0.0033306655991458454,868.6666666666666,20.50203241957571,0.28955555555555557,0.006834010806525237,0.04824994898237785,0.06910282087033409,7.920792852559895,0.0663995015078023,62,1.0,0.0,0.0
8,12,3,3,3,0.08566666666666667,0.029535289626704753,0.7876666666666667,0.007505553499465142,1.0585340983072917,0.0009514910053565637,1.4956859537760416,0.08981561150088131,0.8102666666666667,0.005950070027599091,706,12.489995996796797,0.23533333333333334,0.004163331998932254,0.019468841718558845,0.07037093368652213,7.854350572804304,0.05930948326729979,62.666666666666664,1.1547005383792515,0.0,0.0
8,13,3,3,3,0.08566666666666667,0.029535289626704753,0.788,0.001732050807568879,1.07452685546875,0.0129867109912665,1.4796931966145834,0.10148167566503169,0.8068,0.0018520259177451774,601.3333333333334,17.616280348965084,0.20044444444444443,0.005872093449655028,0.027520918082436282,0.06589205291400764,7.866548518482522,0.0694282582786125,62.666666666666664,1.1547005383792515,0.0,0.0
8,14,3,3,3,0.08566666666666667,0.029535289626704753,0.774,0.007549834435270756,1.1005162760416667,0.010060726051855559,1.453703776041667,0.09556266487771413,0.7984666666666667,0.002064784088793146,510,14.730919862656235,0.17,0.004910306620885408,-0.010492982988217587,0.054668245310735455,7.874799146245502,0.04407092220661392,62.333333333333336,1.5275252316519468,0.0,0.0
8,15,3,3,3,0.08566666666666667,0.029535289626704753,0.7693333333333333,0.010598742063723106,1.1339703369140626,0.00940151742839099,1.420249715169271,0.09845215702363012,0.7849666666666667,0.011417676354378445,446,15.524174696260024,0.14866666666666667,0.005174724898753341,-0.01615678400270668,0.03351237380051698,7.888191408532955,0.05095156349411065,62.333333333333336,1.1547005383792515,0.0,0.0
8,16,3,3,3,0.08566666666666667,0.029535289626704753,0.7683333333333333,0.012055427546683426,1.157690673828125,0.005924685265585849,1.3965293782552084,0.09428704194000483,0.7827999999999999,0.006894200461257293,395,5.291502622129181,0.13166666666666665,0.0017638342073763883,-0.021491868742476425,0.025483243378578692,7.940847683246415,0.07966875166771296,62.666666666666664,0.5773502691896257,0.0,0.0
8,17,3,3,3,0.08566666666666667,0.029535289626704753,0.7503333333333333,0.02112660250332112,1.2028330078125,0.028622737056912657,1.3513870442708333,0.1090593018872655,0.7693333333333333,0.018308832112762775,347,19.467922333931785,0.11566666666666667,0.00648930744464393,-0.031220942800134068,0.04534208619458675,7.954341045328869,0.05732082233962225,62.666666666666664,0.5773502691896257,0.0,0.0
8,18,3,3,3,0.08566666666666667,0.029535289626704753,0.741,0.020297783130184457,1.2476656901041667,0.030667386621316135,1.3065543619791669,0.11865057971696916,0.7626666666666667,0.01659949798437692,303,15.132745950421556,0.101,0.0050442486501405225,-0.046048086777357056,0.03157441691506446,8.000861166847013,0.06963605614870767,62.333333333333336,1.1547005383792515,0.0,0.0
8,19,3,3,3,0.08566666666666667,0.029535289626704753,0.7256666666666667,0.01625833119767628,1.274565877278646,0.01689897865293672,1.2796541748046877,0.10294312960637961,0.7471666666666666,0.018911460370191754,275.6666666666667,19.008769905844336,0.09188888888888888,0.006336256635281442,-0.04025873638606525,0.023560892772026693,8.06514974896989,0.1120642316093412,62.666666666666664,1.5275252316519468,0.0,0.0
8,20,3,3,3,0.08566666666666667,0.029535289626704753,0.7083333333333333,0.019035055380358996,1.3323243001302083,0.024372225533923153,1.221895751953125,0.11243835578751016,0.7323000000000001,0.015935181203864585,236,15.620499351813308,0.07866666666666666,0.0052068331172711035,-0.07907392047731743,0.03649163539741739,8.1127085724522,0.08179778084677834,62,1.0,0.0,0.0
8,21,3,3,3,0.08566666666666667,0.029535289626704753,0.7013333333333334,0.012897028081435353,1.3625358072916667,0.02048776697192781,1.1916842447916667,0.10897734779818619,0.7267,0.017850210082797364,216.66666666666666,16.165807537309522,0.07222222222222222,0.005388602512436509,-0.07535152976327698,0.03403776115835051,8.156118581508464,0.08428924526600305,62.666666666666664,1.5275252316519468,0.0,0.0
8,22,3,3,3,0.08566666666666667,0.029535289626704753,0.6793333333333333,0.015534906930308026,1.4308829345703125,0.03618612685731973,1.123337117513021,0.12419141550845665,0.7025333333333333,0.020291952427830433,196.33333333333334,19.2180470738661,0.06544444444444444,0.006406015691288699,-0.0858085289510353,0.01290201253321836,8.145068792243974,0.06822004826702238,62.666666666666664,1.5275252316519468,0.0,0.0
8,23,3,3,3,0.08566666666666667,0.029535289626704753,0.6683333333333333,0.013051181300301274,1.4822948404947915,0.023061636790133504,1.0719252115885418,0.10938970533760917,0.6826666666666666,0.012814575035221959,175,17.08800749063506,0.058333333333333334,0.005696002496878358,-0.10069094528081822,0.03517832580120579,8.180478243740271,0.08019746014004032,63.333333333333336,1.1547005383792515,0.0,0.0
8,24,3,3,3,0.08566666666666667,0.029535289626704753,0.649,0.015716233645501725,1.5366007486979167,0.017522570026206084,1.0176193033854168,0.10668228972206281,0.6654,0.013646977687385575,160,14.177446878757825,0.05333333333333333,0.004725815626252608,-0.0907780402353807,0.016495956345293966,8.200892211913262,0.06911566205845869,63,1.0,0.0,0.0
8,25,3,3,3,0.08566666666666667,0.029535289626704753,0.6313333333333333,0.011015141094572214,1.575985799153646,0.03249655464697816,0.9782342529296876,0.11954282681302436,0.6494666666666666,0.017860664414666483,149.66666666666666,14.571661996262929,0.049888888888888885,0.004857220665420976,-0.08913467298531892,0.01453292866502509,8.23145366629069,0.03786634382968309,62.666666666666664,1.5275252316519468,0.0,0.0
8,26,3,3,3,0.08566666666666667,0.029535289626704753,0.6223333333333333,0.012897028081435414,1.6131724039713542,0.032828076531052075,0.9410476481119793,0.11912790461903407,0.6344333333333333,0.0172062004327897,138,13.228756555322953,0.046,0.004409585518440983,-0.09688631081704875,0.012596719233183796,8.245875639352356,0.052026156088942475,63,1.0,0.0,0.0
8,27,3,3,3,0.08566666666666667,0.029535289626704753,0.6053333333333333,0.01386842937514316,1.6535518391927082,0.039337624030591496,0.9006682128906252,0.12588010371601177,0.6163333333333333,0.022490961147388334,126.33333333333333,13.650396819628847,0.04211111111111111,0.004550132273209614,-0.09231837717624211,0.011403218769544752,8.273512431156291,0.028085767585252178,63.333333333333336,1.1547005383792515,0.0,0.0
8,28,3,3,3,0.08566666666666667,0.029535289626704753,0.5746666666666667,0.011503622617824942,1.7028740234375,0.023352234424879957,0.8513460286458335,0.1114454696020611,0.5842333333333334,0.01190392092267642,114.33333333333333,12.096831541082704,0.03811111111111111,0.004032277180360899,-0.08329589508230947,0.004858762503227449,8.30863075916054,0.06278796724458308,63,1.7320508075688772,0.0,0.0
8,29,3,3,3,0.08566666666666667,0.029535289626704753,0.5486666666666666,0.01327905619136134,1.7573257649739584,0.015799249068020847,0.796894287109375,0.10500313493747551,0.5594,0.01944942158522974,106,12.288205727444508,0.035333333333333335,0.004096068575814837,-0.0818449871880813,0.0118411763578314,8.364974588307433,0.08501932252952427,63.333333333333336,1.1547005383792515,0.0,0.0
8,30,3,3,3,0.08566666666666667,0.029535289626704753,0.5203333333333333,0.018036999011291594,1.793667928059896,0.0076047794775530335,0.7605521240234375,0.0951101490218469,0.5334,0.012046161214262427,97.33333333333333,9.71253485622231,0.03244444444444444,0.003237511618740768,-0.07317666546348878,0.030524036807002983,8.406028203269077,0.07993486094351525,63.333333333333336,1.1547005383792515,0.0,0.0
8,31,3,3,3,0.08566666666666667,0.029535289626704753,0.49766666666666665,0.030237945256470965,1.8281283772786459,0.025207348758245283,0.7260916748046875,0.11428297941550322,0.5093666666666666,0.025543949055174157,91,12.489995996796797,0.030333333333333334,0.004163331998932267,-0.06226896635250891,0.04094805149634709,8.437926882789922,0.08611288468073948,63.333333333333336,1.1547005383792515,0.0,0.0
8,32,3,3,3,0.08566666666666667,0.029535289626704753,0.48033333333333333,0.015143755588800711,1.8564375406901041,0.009452164429603394,0.6977825113932292,0.09697000364998037,0.49143333333333333,0.020152998122694606,85.33333333333333,9.451631252505218,0.028444444444444446,0.003150543750835073,-0.06484093605699552,0.029283917205083675,8.4679811877471,0.06293527407382536,63.333333333333336,1.1547005383792515,0.0,0.0
