seed,split,mode,layer,stage,values,examples,features,mean,std,rms,zero_fraction,negative_fraction,max_abs,nonfinite_count,dead_features,dead_feature_fraction
0,validation,qat_a3,0,input,90000,1000,90,-0.24865594502025182,0.5706528477563928,0.6224744586297459,0.11097777777777777,0.6533777777777777,1.9996788501739502,0,0,0.0
0,validation,qat_a3,0,output,79000,1000,79,2.4965653174012195,1.9022384774673697,3.138685968555636,0.15068354430379746,0.0,11.766674041748047,0,1,0.012658227848101266
0,validation,qat_a3,0,pre_quantization,90000,1000,90,0.018114338403025208,0.7685564910431445,0.7687699325418043,0.0,0.7199444444444445,2.821486711502075,0,0,0.0
0,validation,qat_a3,1,input,79000,1000,79,2.3936175079873845,1.6332800805570862,2.8977592370810066,0.2957215189873418,0.0,5.226241111755371,0,6,0.0759493670886076
0,validation,qat_a3,1,output,79000,1000,79,11.898659043438615,9.819899018147288,15.427524226479555,0.22962025316455698,0.0,57.86899948120117,0,16,0.20253164556962025
0,validation,qat_a3,1,pre_quantization,79000,1000,79,2.4965653174012195,1.9022384774673697,3.138685968555636,0.15068354430379746,0.0,11.766674041748047,0,1,0.012658227848101266
0,validation,qat_a3,2,input,79000,1000,79,11.597864266588719,8.319205043587917,14.273038502837233,0.3169620253164557,0.0,26.808740615844727,0,17,0.21518987341772153
0,validation,qat_a3,2,output,79000,1000,79,54.73314132865346,44.34660973247621,70.44386811119125,0.20937974683544303,0.0,263.7132873535156,0,16,0.20253164556962025
0,validation,qat_a3,2,pre_quantization,79000,1000,79,11.898659043438615,9.819899018147288,15.427524226479555,0.22962025316455698,0.0,57.86899948120117,0,16,0.20253164556962025
0,validation,qat_a3,3,input,79000,1000,79,53.32360521316528,36.62526378156616,64.69016014819263,0.2970379746835443,0.0,119.7383804321289,0,16,0.20253164556962025
0,validation,qat_a3,3,output,79000,1000,79,216.5025311552205,200.74518268479062,295.2490040080867,0.3089746835443038,0.0,1146.3525390625,0,20,0.25316455696202533
0,validation,qat_a3,3,pre_quantization,79000,1000,79,54.73314132865346,44.34660973247621,70.44386811119125,0.20937974683544303,0.0,263.7132873535156,0,16,0.20253164556962025
0,validation,qat_a3,4,input,79000,1000,79,214.03669172668458,166.60974149257402,271.2388456057247,0.35463291139240505,0.0,537.0843505859375,0,26,0.3291139240506329
0,validation,qat_a3,4,output,79000,1000,79,926.3507054389036,787.8567752232562,1216.0772704611918,0.2913670886075949,0.0,3927.33984375,0,23,0.2911392405063291
0,validation,qat_a3,4,pre_quantization,79000,1000,79,216.5025311552205,200.74518268479062,295.2490040080867,0.3089746835443038,0.0,1146.3525390625,0,20,0.25316455696202533
0,validation,qat_a3,5,input,79000,1000,79,915.3125395948193,694.8365717721211,1149.1714000146158,0.34217721518987343,0.0,2253.8115234375,0,26,0.3291139240506329
0,validation,qat_a3,5,output,79000,1000,79,3403.6863441491428,3508.8988202345363,4888.501985270199,0.3922784810126582,0.0,20310.83203125,0,30,0.379746835443038
0,validation,qat_a3,5,pre_quantization,79000,1000,79,926.3507054389036,787.8567752232562,1216.0772704611918,0.2913670886075949,0.0,3927.33984375,0,23,0.2911392405063291
0,validation,qat_a3,6,input,79000,1000,79,3340.6262060855915,3100.982884595209,4558.05641686654,0.443,0.0,9718.091796875,0,32,0.4050632911392405
0,validation,qat_a3,6,output,79000,1000,79,13271.049672149658,12413.937309162126,18172.137984190824,0.329126582278481,0.0,63973.93359375,0,26,0.3291139240506329
0,validation,qat_a3,6,pre_quantization,79000,1000,79,3403.6863441491428,3508.8988202345363,4888.501985270199,0.3922784810126582,0.0,20310.83203125,0,30,0.379746835443038
0,validation,qat_a3,7,input,79000,1000,79,13066.854535922666,10983.797456606337,17070.0466909354,0.392379746835443,0.0,34845.23046875,0,29,0.3670886075949367
0,validation,qat_a3,7,output,79000,1000,79,56066.42354235685,46113.89505411937,72594.3191020708,0.31645569620253167,0.0,250592.921875,0,25,0.31645569620253167
0,validation,qat_a3,7,pre_quantization,79000,1000,79,13271.049672149658,12413.937309162126,18172.137984190824,0.329126582278481,0.0,63973.93359375,0,26,0.3291139240506329
0,validation,qat_a3,8,input,79000,1000,79,55903.149121983784,41295.4948992375,69501.65451791567,0.3291392405063291,0.0,135016.09375,0,26,0.3291139240506329
0,validation,qat_a3,8,output,79000,1000,79,172083.90536854728,195202.12605948953,260224.40413042734,0.4430379746835443,0.0,977050.375,0,35,0.4430379746835443
0,validation,qat_a3,8,pre_quantization,79000,1000,79,56066.42354235685,46113.89505411937,72594.3191020708,0.31645569620253167,0.0,250592.921875,0,25,0.31645569620253167
0,validation,qat_a3,9,input,79000,1000,79,169685.80749179193,169516.0027360324,239851.93025644805,0.4810126582278481,0.0,529758.25,0,38,0.4810126582278481
0,validation,qat_a3,9,output,79000,1000,79,546021.5652060424,551744.2120110136,776248.1724021712,0.379746835443038,0.0,3375906.5,0,30,0.379746835443038
0,validation,qat_a3,9,pre_quantization,79000,1000,79,172083.90536854728,195202.12605948953,260224.40413042734,0.4430379746835443,0.0,977050.375,0,35,0.4430379746835443
0,validation,qat_a3,10,input,79000,1000,79,536419.7049980222,485867.05540735304,723749.193740744,0.43037974683544306,0.0,1525837.5,0,34,0.43037974683544306
0,validation,qat_a3,10,output,79000,1000,79,1496234.2563421677,1718200.0693323794,2278360.908220116,0.45569620253164556,0.0,7862626.0,0,36,0.45569620253164556
0,validation,qat_a3,10,pre_quantization,79000,1000,79,546021.5652060424,551744.2120110136,776248.1724021712,0.379746835443038,0.0,3375906.5,0,30,0.379746835443038
0,validation,qat_a3,11,input,79000,1000,79,1478341.1070094937,1550822.1817106365,2142554.9859828088,0.5063291139240507,0.0,4852060.0,0,40,0.5063291139240507
0,validation,qat_a3,11,output,79000,1000,79,3730873.656200257,5062214.041570285,6288515.662793601,0.5189873417721519,0.0,28500244.0,0,41,0.5189873417721519
0,validation,qat_a3,11,pre_quantization,79000,1000,79,1496234.2563421677,1718200.0693323794,2278360.908220116,0.45569620253164556,0.0,7862626.0,0,36,0.45569620253164556
0,validation,qat_a3,12,input,79000,1000,79,3690559.498765823,4272950.4678072175,5646090.250276254,0.5569620253164557,0.0,13497093.0,0,44,0.5569620253164557
0,validation,qat_a3,12,output,79000,1000,79,7089360.168670886,11434750.295279317,13454090.155656299,0.5949367088607594,0.0,70650768.0,0,47,0.5949367088607594
0,validation,qat_a3,12,pre_quantization,79000,1000,79,3730873.656200257,5062214.041570285,6288515.662793601,0.5189873417721519,0.0,28500244.0,0,41,0.5189873417721519
0,validation,qat_a3,13,input,79000,1000,79,7002384.07871519,9459072.899363197,11768918.510267258,0.6329113924050633,0.0,30907508.0,0,50,0.6329113924050633
0,validation,qat_a3,13,output,79000,1000,79,6227154.580436907,19154004.68893584,20140837.86222491,0.810126582278481,0.0,158111360.0,0,64,0.810126582278481
0,validation,qat_a3,13,pre_quantization,79000,1000,79,7089360.168670886,11434750.295279317,13454090.155656299,0.5949367088607594,0.0,70650768.0,0,47,0.5949367088607594
0,validation,qat_a3,14,input,79000,1000,79,6226932.810177215,13715212.883551747,15062594.619241577,0.8227848101265823,0.0,56932760.0,0,65,0.8227848101265823
0,validation,qat_a3,14,output,79000,1000,79,0.0,0.0,0.0,1.0,0.0,0.0,0,79,1.0
0,validation,qat_a3,14,pre_quantization,79000,1000,79,6227154.580436907,19154004.68893584,20140837.86222491,0.810126582278481,0.0,158111360.0,0,64,0.810126582278481
0,validation,qat_a3,15,input,79000,1000,79,0.0,0.0,0.0,1.0,0.0,0.0,0,79,1.0
0,validation,qat_a3,15,output,10000,1000,10,0.0,0.0,0.0,1.0,0.0,0.0,0,10,1.0
0,validation,qat_a3,15,pre_quantization,79000,1000,79,0.0,0.0,0.0,1.0,0.0,0.0,0,79,1.0
0,validation,fp32_ablation,0,input,90000,1000,90,0.018114338403025208,0.7685564910431445,0.7687699325418043,0.0,0.7199444444444445,2.821486711502075,0,0,0.0
0,validation,fp32_ablation,0,output,79000,1000,79,2.450854934676173,2.073910524962345,3.210575458757532,0.1880759493670886,0.0,12.98459529876709,0,1,0.012658227848101266
0,validation,fp32_ablation,0,pre_quantization,90000,1000,90,0.018114338403025208,0.7685564910431445,0.7687699325418043,0.0,0.7199444444444445,2.821486711502075,0,0,0.0
0,validation,fp32_ablation,1,input,79000,1000,79,2.450854934676173,2.073910524962345,3.210575458757532,0.1880759493670886,0.0,12.98459529876709,0,1,0.012658227848101266
0,validation,fp32_ablation,1,output,79000,1000,79,12.922947347308197,10.725128664394827,16.79377721089343,0.22674683544303798,0.0,60.272979736328125,0,15,0.189873417721519
0,validation,fp32_ablation,1,pre_quantization,79000,1000,79,2.450854934676173,2.073910524962345,3.210575458757532,0.1880759493670886,0.0,12.98459529876709,0,1,0.012658227848101266
0,validation,fp32_ablation,2,input,79000,1000,79,12.922947347308197,10.725128664394827,16.79377721089343,0.22674683544303798,0.0,60.272979736328125,0,15,0.189873417721519
0,validation,fp32_ablation,2,output,79000,1000,79,65.11325270394555,54.38494969803594,84.83783608358816,0.2097721518987342,0.0,316.4633483886719,0,16,0.20253164556962025
0,validation,fp32_ablation,2,pre_quantization,79000,1000,79,12.922947347308197,10.725128664394827,16.79377721089343,0.22674683544303798,0.0,60.272979736328125,0,15,0.189873417721519
0,validation,fp32_ablation,3,input,79000,1000,79,65.11325270394555,54.38494969803594,84.83783608358816,0.2097721518987342,0.0,316.4633483886719,0,16,0.20253164556962025
0,validation,fp32_ablation,3,output,79000,1000,79,292.3406660992867,278.86356205091755,404.0147909360505,0.31337974683544306,0.0,1568.5826416015625,0,24,0.3037974683544304
0,validation,fp32_ablation,3,pre_quantization,79000,1000,79,65.11325270394555,54.38494969803594,84.83783608358816,0.2097721518987342,0.0,316.4633483886719,0,16,0.20253164556962025
0,validation,fp32_ablation,4,input,79000,1000,79,292.3406660992867,278.86356205091755,404.0147909360505,0.31337974683544306,0.0,1568.5826416015625,0,24,0.3037974683544304
0,validation,fp32_ablation,4,output,79000,1000,79,1429.7831639180056,1180.2980026367275,1854.018141996359,0.2861139240506329,0.0,6109.29443359375,0,22,0.27848101265822783
0,validation,fp32_ablation,4,pre_quantization,79000,1000,79,292.3406660992867,278.86356205091755,404.0147909360505,0.31337974683544306,0.0,1568.5826416015625,0,24,0.3037974683544304
0,validation,fp32_ablation,5,input,79000,1000,79,1429.7831639180056,1180.2980026367275,1854.018141996359,0.2861139240506329,0.0,6109.29443359375,0,22,0.27848101265822783
0,validation,fp32_ablation,5,output,79000,1000,79,5857.060188062559,5756.153899962274,8212.092410989926,0.3677721518987342,0.0,34876.34375,0,28,0.35443037974683544
0,validation,fp32_ablation,5,pre_quantization,79000,1000,79,1429.7831639180056,1180.2980026367275,1854.018141996359,0.2861139240506329,0.0,6109.29443359375,0,22,0.27848101265822783
0,validation,fp32_ablation,6,input,79000,1000,79,5857.060188062559,5756.153899962274,8212.092410989926,0.3677721518987342,0.0,34876.34375,0,28,0.35443037974683544
0,validation,fp32_ablation,6,output,79000,1000,79,24738.723549507456,23114.874519563462,33857.080011633,0.33758227848101263,0.0,122553.359375,0,26,0.3291139240506329
0,validation,fp32_ablation,6,pre_quantization,79000,1000,79,5857.060188062559,5756.153899962274,8212.092410989926,0.3677721518987342,0.0,34876.34375,0,28,0.35443037974683544
0,validation,fp32_ablation,7,input,79000,1000,79,24738.723549507456,23114.874519563462,33857.080011633,0.33758227848101263,0.0,122553.359375,0,26,0.3291139240506329
0,validation,fp32_ablation,7,output,79000,1000,79,114775.06194394655,95881.25314997563,149554.43674410493,0.31645569620253167,0.0,517030.875,0,25,0.31645569620253167
0,validation,fp32_ablation,7,pre_quantization,79000,1000,79,24738.723549507456,23114.874519563462,33857.080011633,0.33758227848101263,0.0,122553.359375,0,26,0.3291139240506329
0,validation,fp32_ablation,8,input,79000,1000,79,114775.06194394655,95881.25314997563,149554.43674410493,0.31645569620253167,0.0,517030.875,0,25,0.31645569620253167
0,validation,fp32_ablation,8,output,79000,1000,79,388734.97258729726,443605.2455621843,589830.9018716572,0.4430379746835443,0.0,2251252.25,0,35,0.4430379746835443
0,validation,fp32_ablation,8,pre_quantization,79000,1000,79,114775.06194394655,95881.25314997563,149554.43674410493,0.31645569620253167,0.0,517030.875,0,25,0.31645569620253167
0,validation,fp32_ablation,9,input,79000,1000,79,388734.97258729726,443605.2455621843,589830.9018716572,0.4430379746835443,0.0,2251252.25,0,35,0.4430379746835443
0,validation,fp32_ablation,9,output,79000,1000,79,1365845.5785923027,1428284.673454496,1976241.699030045,0.3523924050632911,0.0,8646810.0,0,25,0.31645569620253167
0,validation,fp32_ablation,9,pre_quantization,79000,1000,79,388734.97258729726,443605.2455621843,589830.9018716572,0.4430379746835443,0.0,2251252.25,0,35,0.4430379746835443
0,validation,fp32_ablation,10,input,79000,1000,79,1365845.5785923027,1428284.673454496,1976241.699030045,0.3523924050632911,0.0,8646810.0,0,25,0.31645569620253167
0,validation,fp32_ablation,10,output,79000,1000,79,4226384.285233782,4867964.158370664,6446657.984851723,0.45569620253164556,0.0,23982086.0,0,36,0.45569620253164556
0,validation,fp32_ablation,10,pre_quantization,79000,1000,79,1365845.5785923027,1428284.673454496,1976241.699030045,0.3523924050632911,0.0,8646810.0,0,25,0.31645569620253167
0,validation,fp32_ablation,11,input,79000,1000,79,4226384.285233782,4867964.158370664,6446657.984851723,0.45569620253164556,0.0,23982086.0,0,36,0.45569620253164556
0,validation,fp32_ablation,11,output,79000,1000,79,11745648.16838924,16118554.833644135,19944123.46584272,0.5316455696202531,0.0,92750912.0,0,42,0.5316455696202531
0,validation,fp32_ablation,11,pre_quantization,79000,1000,79,4226384.285233782,4867964.158370664,6446657.984851723,0.45569620253164556,0.0,23982086.0,0,36,0.45569620253164556
0,validation,fp32_ablation,12,input,79000,1000,79,11745648.16838924,16118554.833644135,19944123.46584272,0.5316455696202531,0.0,92750912.0,0,42,0.5316455696202531
0,validation,fp32_ablation,12,output,79000,1000,79,24711934.93323655,40515235.48851006,47456970.3503494,0.569620253164557,0.0,266555744.0,0,45,0.569620253164557
0,validation,fp32_ablation,12,pre_quantization,79000,1000,79,11745648.16838924,16118554.833644135,19944123.46584272,0.5316455696202531,0.0,92750912.0,0,42,0.5316455696202531
0,validation,fp32_ablation,13,input,79000,1000,79,24711934.93323655,40515235.48851006,47456970.3503494,0.569620253164557,0.0,266555744.0,0,45,0.569620253164557
0,validation,fp32_ablation,13,output,79000,1000,79,25341016.763490506,74583154.04901764,78770641.72968887,0.7974683544303798,0.0,600940480.0,0,63,0.7974683544303798
0,validation,fp32_ablation,13,pre_quantization,79000,1000,79,24711934.93323655,40515235.48851006,47456970.3503494,0.569620253164557,0.0,266555744.0,0,45,0.569620253164557
0,validation,fp32_ablation,14,input,79000,1000,79,25341016.763490506,74583154.04901764,78770641.72968887,0.7974683544303798,0.0,600940480.0,0,63,0.7974683544303798
0,validation,fp32_ablation,14,output,79000,1000,79,3224360.4024240505,11373115.835830256,11821347.800480839,0.9113924050632911,0.0,101242448.0,0,72,0.9113924050632911
0,validation,fp32_ablation,14,pre_quantization,79000,1000,79,25341016.763490506,74583154.04901764,78770641.72968887,0.7974683544303798,0.0,600940480.0,0,63,0.7974683544303798
0,validation,fp32_ablation,15,input,79000,1000,79,3224360.4024240505,11373115.835830256,11821347.800480839,0.9113924050632911,0.0,101242448.0,0,72,0.9113924050632911
0,validation,fp32_ablation,15,output,10000,1000,10,1506074.8660375,12416509.571844459,12507516.598022765,0.0,0.4,37663352.0,0,0,0.0
0,validation,fp32_ablation,15,pre_quantization,79000,1000,79,3224360.4024240505,11373115.835830256,11821347.800480839,0.9113924050632911,0.0,101242448.0,0,72,0.9113924050632911
0,test,qat_a3,0,input,900000,10000,90,-0.25103932275944285,0.5769831916815389,0.62922996198094,0.11073666666666666,0.6530422222222222,2.1364574432373047,0,0,0.0
0,test,qat_a3,0,output,790000,10000,79,2.5588649549902804,1.9476442163475236,3.215759296239283,0.150573417721519,0.0,12.360297203063965,0,1,0.012658227848101266
0,test,qat_a3,0,pre_quantization,900000,10000,90,0.024564697060943944,0.7802178933978041,0.7806045000637667,0.0,0.7195777777777778,2.821486711502075,0,0,0.0
0,test,qat_a3,1,input,790000,10000,79,2.4555550016807604,1.6693380924051093,2.969249068878212,0.293453164556962,0.0,5.683680057525635,0,5,0.06329113924050633
0,test,qat_a3,1,output,790000,10000,79,12.18871987859411,10.064498683460318,15.80692968378773,0.22924430379746835,0.0,64.0351333618164,0,12,0.1518987341772152
0,test,qat_a3,1,pre_quantization,790000,10000,79,2.5588649549902804,1.9476442163475236,3.215759296239283,0.150573417721519,0.0,12.360297203063965,0,1,0.012658227848101266
0,test,qat_a3,2,input,790000,10000,79,11.88719323899595,8.514373903396955,14.621898853024463,0.3155860759493671,0.0,29.365474700927734,0,16,0.20253164556962025
0,test,qat_a3,2,output,790000,10000,79,56.040213515456976,45.45911082783482,72.15979689630076,0.20915822784810126,0.0,284.42669677734375,0,15,0.189873417721519
0,test,qat_a3,2,pre_quantization,790000,10000,79,12.18871987859411,10.064498683460318,15.80692968378773,0.22924430379746835,0.0,64.0351333618164,0,12,0.1518987341772152
0,test,qat_a3,3,input,790000,10000,79,54.602533894087394,37.59214493822372,66.29182505189748,0.2970493670886076,0.0,131.68873596191406,0,16,0.20253164556962025
0,test,qat_a3,3,output,790000,10000,79,221.65497108356774,205.96387708940242,302.57568453488744,0.3088506329113924,0.0,1262.499267578125,0,20,0.25316455696202533
0,test,qat_a3,3,pre_quantization,790000,10000,79,56.040213515456976,45.45911082783482,72.15979689630076,0.20915822784810126,0.0,284.42669677734375,0,15,0.189873417721519
0,test,qat_a3,4,input,790000,10000,79,219.10837844636168,171.15888818760607,278.0356928723568,0.3549367088607595,0.0,583.8090209960938,0,26,0.3291139240506329
0,test,qat_a3,4,output,790000,10000,79,948.531146315705,808.9615632865538,1246.6475630289463,0.2913354430379747,0.0,4269.00634765625,0,23,0.2911392405063291
0,test,qat_a3,4,pre_quantization,790000,10000,79,221.65497108356774,205.96387708940242,302.57568453488744,0.3088506329113924,0.0,1262.499267578125,0,20,0.25316455696202533
0,test,qat_a3,5,input,790000,10000,79,937.2795665989356,713.5601698507439,1177.990280928205,0.34213291139240504,0.0,2449.88623046875,0,26,0.3291139240506329
0,test,qat_a3,5,output,790000,10000,79,3485.1675004538715,3600.5319178496793,5011.01013745474,0.3923025316455696,0.0,22077.802734375,0,30,0.379746835443038
0,test,qat_a3,5,pre_quantization,790000,10000,79,948.531146315705,808.9615632865538,1246.6475630289463,0.2913354430379747,0.0,4269.00634765625,0,23,0.2911392405063291
0,test,qat_a3,6,input,790000,10000,79,3420.561751021682,3182.9154624870757,4672.386278326293,0.44302911392405064,0.0,10563.53515625,0,32,0.4050632911392405
0,test,qat_a3,6,output,790000,10000,79,13588.886989887982,12741.361079783774,18627.939547609007,0.3291151898734177,0.0,69539.4609375,0,26,0.3291139240506329
0,test,qat_a3,6,pre_quantization,790000,10000,79,3485.1675004538715,3600.5319178496793,5011.01013745474,0.3923025316455696,0.0,22077.802734375,0,30,0.379746835443038
0,test,qat_a3,7,input,790000,10000,79,13379.752423227354,11277.048861215071,17498.274369922605,0.3923949367088608,0.0,37876.66015625,0,29,0.3670886075949367
0,test,qat_a3,7,output,790000,10000,79,57409.588941649774,47348.02274735926,74415.69834741623,0.31645569620253167,0.0,272393.75,0,25,0.31645569620253167
0,test,qat_a3,7,pre_quantization,790000,10000,79,13588.886989887982,12741.361079783774,18627.939547609007,0.3291151898734177,0.0,69539.4609375,0,26,0.3291139240506329
0,test,qat_a3,8,input,790000,10000,79,57242.75463778184,42416.188227750274,71245.11198877601,0.32912025316455695,0.0,146762.078125,0,26,0.3291139240506329
0,test,qat_a3,8,output,790000,10000,79,176204.57481837668,200268.6741059766,266750.05907232856,0.4430379746835443,0.0,1062050.875,0,35,0.4430379746835443
0,test,qat_a3,8,pre_quantization,790000,10000,79,57409.588941649774,47348.02274735926,74415.69834741623,0.31645569620253167,0.0,272393.75,0,25,0.31645569620253167
0,test,qat_a3,9,input,790000,10000,79,173749.31960585443,173960.30243672608,245867.87689198958,0.4810126582278481,0.0,575845.625,0,38,0.4810126582278481
0,test,qat_a3,9,output,790000,10000,79,559097.2922858188,566195.4609113457,795717.966491863,0.379746835443038,0.0,3669601.0,0,30,0.379746835443038
0,test,qat_a3,9,pre_quantization,790000,10000,79,176204.57481837668,200268.6741059766,266750.05907232856,0.4430379746835443,0.0,1062050.875,0,35,0.4430379746835443
0,test,qat_a3,10,input,790000,10000,79,549265.4928761867,498724.68323812046,741902.2114372513,0.43037974683544306,0.0,1658580.625,0,34,0.43037974683544306
0,test,qat_a3,10,output,790000,10000,79,1532064.9830535355,1762772.764664564,2335506.5686360165,0.45569620253164556,0.0,8546650.0,0,36,0.45569620253164556
0,test,qat_a3,10,pre_quantization,790000,10000,79,559097.2922858188,566195.4609113457,795717.966491863,0.379746835443038,0.0,3669601.0,0,30,0.379746835443038
0,test,qat_a3,11,input,790000,10000,79,1513743.3437667722,1591317.0901393609,2196294.377392933,0.5063291139240507,0.0,5274174.0,0,40,0.5063291139240507
0,test,qat_a3,11,output,790000,10000,79,3820217.902477037,5192301.330524894,6446243.706948772,0.5189873417721519,0.0,30979678.0,0,41,0.5189873417721519
0,test,qat_a3,11,pre_quantization,790000,10000,79,1532064.9830535355,1762772.764664564,2335506.5686360165,0.45569620253164556,0.0,8546650.0,0,36,0.45569620253164556
0,test,qat_a3,12,input,790000,10000,79,3778938.330579114,4383737.517993655,5787705.031615315,0.5569620253164557,0.0,14671299.0,0,44,0.5569620253164557
0,test,qat_a3,12,output,790000,10000,79,7259131.003150949,11726539.080471776,13791544.57364146,0.5949367088607594,0.0,76797168.0,0,47,0.5949367088607594
0,test,qat_a3,12,pre_quantization,790000,10000,79,3820217.902477037,5192301.330524894,6446243.706948772,0.5189873417721519,0.0,30979678.0,0,41,0.5189873417721519
0,test,qat_a3,13,input,790000,10000,79,7170072.068737974,9702201.277848125,12064105.5659661,0.6329113924050633,0.0,33596368.0,0,50,0.6329113924050633
0,test,qat_a3,13,output,790000,10000,79,6376277.943209908,19636719.597964343,20646008.74208238,0.810126582278481,0.0,171866560.0,0,64,0.810126582278481
0,test,qat_a3,13,pre_quantization,790000,10000,79,7259131.003150949,11726539.080471776,13791544.57364146,0.5949367088607594,0.0,76797168.0,0,47,0.5949367088607594
0,test,qat_a3,14,input,790000,10000,79,6376050.855610127,14062422.39982298,15440393.397331875,0.8227848101265823,0.0,61885736.0,0,65,0.8227848101265823
0,test,qat_a3,14,output,790000,10000,79,0.0,0.0,0.0,1.0,0.0,0.0,0,79,1.0
0,test,qat_a3,14,pre_quantization,790000,10000,79,6376277.943209908,19636719.597964343,20646008.74208238,0.810126582278481,0.0,171866560.0,0,64,0.810126582278481
0,test,qat_a3,15,input,790000,10000,79,0.0,0.0,0.0,1.0,0.0,0.0,0,79,1.0
0,test,qat_a3,15,output,100000,10000,10,0.0,0.0,0.0,1.0,0.0,0.0,0,10,1.0
0,test,qat_a3,15,pre_quantization,790000,10000,79,0.0,0.0,0.0,1.0,0.0,0.0,0,79,1.0
0,test,fp32_ablation,0,input,900000,10000,90,0.024564697060943944,0.7802178933978041,0.7806045000637667,0.0,0.7195777777777778,2.821486711502075,0,0,0.0
0,test,fp32_ablation,0,output,790000,10000,79,2.5148491190765694,2.125864969933055,3.292987695408027,0.18761772151898734,0.0,15.285834312438965,0,0,0.0
0,test,fp32_ablation,0,pre_quantization,900000,10000,90,0.024564697060943944,0.7802178933978041,0.7806045000637667,0.0,0.7195777777777778,2.821486711502075,0,0,0.0
0,test,fp32_ablation,1,input,790000,10000,79,2.5148491190765694,2.125864969933055,3.292987695408027,0.18761772151898734,0.0,15.285834312438965,0,0,0.0
0,test,fp32_ablation,1,output,790000,10000,79,13.25244087347377,11.010613177239266,17.229648622177795,0.2271886075949367,0.0,64.913818359375,0,13,0.16455696202531644
0,test,fp32_ablation,1,pre_quantization,790000,10000,79,2.5148491190765694,2.125864969933055,3.292987695408027,0.18761772151898734,0.0,15.285834312438965,0,0,0.0
0,test,fp32_ablation,2,input,790000,10000,79,13.25244087347377,11.010613177239266,17.229648622177795,0.2271886075949367,0.0,64.913818359375,0,13,0.16455696202531644
0,test,fp32_ablation,2,output,790000,10000,79,66.75327889096653,55.843277513150916,87.03144193971478,0.20984430379746835,0.0,345.6475830078125,0,16,0.20253164556962025
0,test,fp32_ablation,2,pre_quantization,790000,10000,79,13.25244087347377,11.010613177239266,17.229648622177795,0.2271886075949367,0.0,64.913818359375,0,13,0.16455696202531644
0,test,fp32_ablation,3,input,790000,10000,79,66.75327889096653,55.843277513150916,87.03144193971478,0.20984430379746835,0.0,345.6475830078125,0,16,0.20253164556962025
0,test,fp32_ablation,3,output,790000,10000,79,299.7261647744618,286.26835422210405,414.4699560636933,0.313573417721519,0.0,1667.1004638671875,0,23,0.2911392405063291
0,test,fp32_ablation,3,pre_quantization,790000,10000,79,66.75327889096653,55.843277513150916,87.03144193971478,0.20984430379746835,0.0,345.6475830078125,0,16,0.20253164556962025
0,test,fp32_ablation,4,input,790000,10000,79,299.7261647744618,286.26835422210405,414.4699560636933,0.313573417721519,0.0,1667.1004638671875,0,23,0.2911392405063291
0,test,fp32_ablation,4,output,790000,10000,79,1465.8527598210983,1212.1599582811364,1902.1188390674376,0.2861658227848101,0.0,6501.435546875,0,22,0.27848101265822783
0,test,fp32_ablation,4,pre_quantization,790000,10000,79,299.7261647744618,286.26835422210405,414.4699560636933,0.313573417721519,0.0,1667.1004638671875,0,23,0.2911392405063291
0,test,fp32_ablation,5,input,790000,10000,79,1465.8527598210983,1212.1599582811364,1902.1188390674376,0.2861658227848101,0.0,6501.435546875,0,22,0.27848101265822783
0,test,fp32_ablation,5,output,790000,10000,79,6004.771648307292,5910.466512513337,8425.609588858046,0.3678316455696203,0.0,38041.94921875,0,28,0.35443037974683544
0,test,fp32_ablation,5,pre_quantization,790000,10000,79,1465.8527598210983,1212.1599582811364,1902.1188390674376,0.2861658227848101,0.0,6501.435546875,0,22,0.27848101265822783
0,test,fp32_ablation,6,input,790000,10000,79,6004.771648307292,5910.466512513337,8425.609588858046,0.3678316455696203,0.0,38041.94921875,0,28,0.35443037974683544
0,test,fp32_ablation,6,output,790000,10000,79,25362.91631382638,23736.501888066035,34737.57397724145,0.33727974683544304,0.0,132475.453125,0,26,0.3291139240506329
0,test,fp32_ablation,6,pre_quantization,790000,10000,79,6004.771648307292,5910.466512513337,8425.609588858046,0.3678316455696203,0.0,38041.94921875,0,28,0.35443037974683544
0,test,fp32_ablation,7,input,790000,10000,79,25362.91631382638,23736.501888066035,34737.57397724145,0.33727974683544304,0.0,132475.453125,0,26,0.3291139240506329
0,test,fp32_ablation,7,output,790000,10000,79,117672.53117626211,98479.90381342878,153444.17893335206,0.31645569620253167,0.0,564934.625,0,25,0.31645569620253167
0,test,fp32_ablation,7,pre_quantization,790000,10000,79,25362.91631382638,23736.501888066035,34737.57397724145,0.33727974683544304,0.0,132475.453125,0,26,0.3291139240506329
0,test,fp32_ablation,8,input,790000,10000,79,117672.53117626211,98479.90381342878,153444.17893335206,0.31645569620253167,0.0,564934.625,0,25,0.31645569620253167
0,test,fp32_ablation,8,output,790000,10000,79,398550.3149996217,455405.3628111017,605174.68392474,0.4430379746835443,0.0,2461408.5,0,35,0.4430379746835443
0,test,fp32_ablation,8,pre_quantization,790000,10000,79,117672.53117626211,98479.90381342878,153444.17893335206,0.31645569620253167,0.0,564934.625,0,25,0.31645569620253167
0,test,fp32_ablation,9,input,790000,10000,79,398550.3149996217,455405.3628111017,605174.68392474,0.4430379746835443,0.0,2461408.5,0,35,0.4430379746835443
0,test,fp32_ablation,9,output,790000,10000,79,1400342.9598544391,1466421.466058588,2027646.9913008304,0.35280506329113925,0.0,9445482.0,0,25,0.31645569620253167
0,test,fp32_ablation,9,pre_quantization,790000,10000,79,398550.3149996217,455405.3628111017,605174.68392474,0.4430379746835443,0.0,2461408.5,0,35,0.4430379746835443
0,test,fp32_ablation,10,input,790000,10000,79,1400342.9598544391,1466421.466058588,2027646.9913008304,0.35280506329113925,0.0,9445482.0,0,25,0.31645569620253167
0,test,fp32_ablation,10,output,790000,10000,79,4333139.870244344,4997335.820057217,6614337.943704426,0.45569620253164556,0.0,26202642.0,0,36,0.45569620253164556
0,test,fp32_ablation,10,pre_quantization,790000,10000,79,1400342.9598544391,1466421.466058588,2027646.9913008304,0.35280506329113925,0.0,9445482.0,0,25,0.31645569620253167
0,test,fp32_ablation,11,input,790000,10000,79,4333139.870244344,4997335.820057217,6614337.943704426,0.45569620253164556,0.0,26202642.0,0,36,0.45569620253164556
0,test,fp32_ablation,11,output,790000,10000,79,12042315.662701186,16544136.65814095,20462791.214381814,0.5316455696202531,0.0,101231736.0,0,42,0.5316455696202531
0,test,fp32_ablation,11,pre_quantization,790000,10000,79,4333139.870244344,4997335.820057217,6614337.943704426,0.45569620253164556,0.0,26202642.0,0,36,0.45569620253164556
0,test,fp32_ablation,12,input,790000,10000,79,12042315.662701186,16544136.65814095,20462791.214381814,0.5316455696202531,0.0,101231736.0,0,42,0.5316455696202531
0,test,fp32_ablation,12,output,790000,10000,79,25336080.189838134,41580003.36611005,48691001.6256765,0.569620253164557,0.0,290778176.0,0,45,0.569620253164557
0,test,fp32_ablation,12,pre_quantization,790000,10000,79,12042315.662701186,16544136.65814095,20462791.214381814,0.5316455696202531,0.0,101231736.0,0,42,0.5316455696202531
0,test,fp32_ablation,13,input,790000,10000,79,25336080.189838134,41580003.36611005,48691001.6256765,0.569620253164557,0.0,290778176.0,0,45,0.569620253164557
0,test,fp32_ablation,13,output,790000,10000,79,25981071.5071231,76529054.06684154,80819008.85944964,0.7974683544303798,0.0,655946240.0,0,63,0.7974683544303798
0,test,fp32_ablation,13,pre_quantization,790000,10000,79,25336080.189838134,41580003.36611005,48691001.6256765,0.569620253164557,0.0,290778176.0,0,45,0.569620253164557
0,test,fp32_ablation,14,input,790000,10000,79,25981071.5071231,76529054.06684154,80819008.85944964,0.7974683544303798,0.0,655946240.0,0,63,0.7974683544303798
0,test,fp32_ablation,14,output,790000,10000,79,3305793.6573601267,11669494.392131127,12128700.304361645,0.9113924050632911,0.0,110440824.0,0,72,0.9113924050632911
0,test,fp32_ablation,14,pre_quantization,790000,10000,79,25981071.5071231,76529054.06684154,80819008.85944964,0.7974683544303798,0.0,655946240.0,0,63,0.7974683544303798
0,test,fp32_ablation,15,input,790000,10000,79,3305793.6573601267,11669494.392131127,12128700.304361645,0.9113924050632911,0.0,110440824.0,0,72,0.9113924050632911
0,test,fp32_ablation,15,output,100000,10000,10,1544087.02121125,12739411.331078889,12832646.094687339,0.0,0.4,41111576.0,0,0,0.0
0,test,fp32_ablation,15,pre_quantization,790000,10000,79,3305793.6573601267,11669494.392131127,12128700.304361645,0.9113924050632911,0.0,110440824.0,0,72,0.9113924050632911
1,validation,qat_a3,0,input,90000,1000,90,-0.24865594502025182,0.5706528477563928,0.6224744586297459,0.11097777777777777,0.6533777777777777,1.9996788501739502,0,0,0.0
1,validation,qat_a3,0,output,79000,1000,79,1.2387167507446752,1.3289207535566534,1.8167139449591478,0.2999367088607595,0.0,9.941537857055664,0,1,0.012658227848101266
1,validation,qat_a3,0,pre_quantization,90000,1000,90,0.018114338403025208,0.7685564910431445,0.7687699325418043,0.0,0.7199444444444445,2.821486711502075,0,0,0.0
1,validation,qat_a3,1,input,79000,1000,79,1.194238063352772,1.1137300393674139,1.632972489832551,0.43963291139240507,0.0,4.306103706359863,0,1,0.012658227848101266
1,validation,qat_a3,1,output,79000,1000,79,3.499847501578259,3.8540601269123504,5.206026507439164,0.3319367088607595,0.0,27.949249267578125,0,7,0.08860759493670886
1,validation,qat_a3,1,pre_quantization,79000,1000,79,1.2387167507446752,1.3289207535566534,1.8167139449591478,0.2999367088607595,0.0,9.941537857055664,0,1,0.012658227848101266
1,validation,qat_a3,2,input,79000,1000,79,3.41636410198936,3.4485772973861017,4.854300058031888,0.4321012658227848,0.0,16.560239791870117,0,8,0.10126582278481013
1,validation,qat_a3,2,output,79000,1000,79,11.050379255642875,13.72813003590414,17.62306545344015,0.3936582278481013,0.0,97.70750427246094,0,10,0.12658227848101267
1,validation,qat_a3,2,pre_quantization,79000,1000,79,3.499847501578259,3.8540601269123504,5.206026507439164,0.3319367088607595,0.0,27.949249267578125,0,7,0.08860759493670886
1,validation,qat_a3,3,input,79000,1000,79,10.894863239475443,12.655586194103263,16.69915886873499,0.46455696202531643,0.0,63.3243522644043,0,12,0.1518987341772152
1,validation,qat_a3,3,output,79000,1000,79,38.854572485330145,57.1849539685827,69.13607425509997,0.4940379746835443,0.0,369.87567138671875,0,14,0.17721518987341772
1,validation,qat_a3,3,pre_quantization,79000,1000,79,11.050379255642875,13.72813003590414,17.62306545344015,0.3936582278481013,0.0,97.70750427246094,0,10,0.12658227848101267
1,validation,qat_a3,4,input,79000,1000,79,38.55112196946446,53.45584027174942,65.90687266335213,0.55,0.0,204.38870239257812,0,18,0.22784810126582278
1,validation,qat_a3,4,output,79000,1000,79,159.38322846257535,232.35274037317666,281.7637476221494,0.4837215189873418,0.0,1356.964111328125,0,13,0.16455696202531644
1,validation,qat_a3,4,pre_quantization,79000,1000,79,38.854572485330145,57.1849539685827,69.13607425509997,0.4940379746835443,0.0,369.87567138671875,0,14,0.17721518987341772
1,validation,qat_a3,5,input,79000,1000,79,158.56438344810581,218.9402132741896,270.3284681398272,0.5302278481012658,0.0,833.5203247070312,0,18,0.22784810126582278
1,validation,qat_a3,5,output,79000,1000,79,680.91707013478,986.8407171778565,1198.9589890738712,0.48332911392405065,0.0,5451.84033203125,0,19,0.24050632911392406
1,validation,qat_a3,5,pre_quantization,79000,1000,79,159.38322846257535,232.35274037317666,281.7637476221494,0.4837215189873418,0.0,1356.964111328125,0,13,0.16455696202531644
1,validation,qat_a3,6,input,79000,1000,79,676.0061285713292,953.8078233128322,1169.0738426971836,0.522506329113924,0.0,3612.697998046875,0,22,0.27848101265822783
1,validation,qat_a3,6,output,79000,1000,79,2906.202937991205,4344.882060254276,5227.237858975633,0.4638354430379747,0.0,25235.12109375,0,17,0.21518987341772153
1,validation,qat_a3,6,pre_quantization,79000,1000,79,680.91707013478,986.8407171778565,1198.9589890738712,0.48332911392405065,0.0,5451.84033203125,0,19,0.24050632911392406
1,validation,qat_a3,7,input,79000,1000,79,2899.252956599368,4140.669743704368,5054.781264582966,0.48870886075949366,0.0,15707.171875,0,19,0.24050632911392406
1,validation,qat_a3,7,output,79000,1000,79,11771.82324960462,16914.3777071676,20607.571323197215,0.3817848101265823,0.0,97938.4140625,0,21,0.26582278481012656
1,validation,qat_a3,7,pre_quantization,79000,1000,79,2906.202937991205,4344.882060254276,5227.237858975633,0.4638354430379747,0.0,25235.12109375,0,17,0.21518987341772153
1,validation,qat_a3,8,input,79000,1000,79,11562.602130525613,15826.203317725414,19600.063252010652,0.46877215189873417,0.0,58650.55078125,0,25,0.31645569620253167
1,validation,qat_a3,8,output,79000,1000,79,42828.29905871698,62801.14775437902,76014.78382216344,0.41930379746835444,0.0,384560.65625,0,28,0.35443037974683544
1,validation,qat_a3,8,pre_quantization,79000,1000,79,11771.82324960462,16914.3777071676,20607.571323197215,0.3817848101265823,0.0,97938.4140625,0,21,0.26582278481012656
1,validation,qat_a3,9,input,79000,1000,79,42015.75687888771,56949.44927922921,70771.20600437229,0.47163291139240504,0.0,209285.078125,0,32,0.4050632911392405
1,validation,qat_a3,9,output,79000,1000,79,125100.80640181607,214439.693056438,248263.15417420285,0.4636835443037975,0.0,1457106.5,0,33,0.4177215189873418
1,validation,qat_a3,9,pre_quantization,79000,1000,79,42828.29905871698,62801.14775437902,76014.78382216344,0.41930379746835444,0.0,384560.65625,0,28,0.35443037974683544
1,validation,qat_a3,10,input,79000,1000,79,124672.048301696,176330.11090779028,215952.37354679397,0.5110506329113924,0.0,654796.8125,0,39,0.4936708860759494
1,validation,qat_a3,10,output,79000,1000,79,228459.55604374481,534721.1621359154,581481.2894527981,0.6458101265822784,0.0,4221671.5,0,49,0.620253164556962
1,validation,qat_a3,10,pre_quantization,79000,1000,79,125100.80640181607,214439.693056438,248263.15417420285,0.4636835443037975,0.0,1457106.5,0,33,0.4177215189873418
1,validation,qat_a3,11,input,79000,1000,79,225434.75634948575,443313.4416430869,497340.5643136206,0.6962405063291139,0.0,1922381.0,0,53,0.6708860759493671
1,validation,qat_a3,11,output,79000,1000,79,571040.0495415461,1101263.6677395308,1240511.3478173164,0.5491898734177215,0.0,10853367.0,0,42,0.5316455696202531
1,validation,qat_a3,11,pre_quantization,79000,1000,79,228459.55604374481,534721.1621359154,581481.2894527981,0.6458101265822784,0.0,4221671.5,0,49,0.620253164556962
1,validation,qat_a3,12,input,79000,1000,79,561691.773760087,935127.8285759821,1090853.6586027404,0.6100632911392405,0.0,3709905.25,0,48,0.6075949367088608
1,validation,qat_a3,12,output,79000,1000,79,876649.3047070992,2286162.134065081,2448479.386614567,0.7570632911392405,0.0,17893840.0,0,58,0.7341772151898734
1,validation,qat_a3,12,pre_quantization,79000,1000,79,571040.0495415461,1101263.6677395308,1240511.3478173164,0.5491898734177215,0.0,10853367.0,0,42,0.5316455696202531
1,validation,qat_a3,13,input,79000,1000,79,876600.7631600079,1988090.802685611,2172771.0274430267,0.7595316455696203,0.0,9438421.0,0,60,0.759493670886076
1,validation,qat_a3,13,output,79000,1000,79,484641.6209151503,2914180.5612780787,2954204.7736157835,0.9493670886075949,0.0,42523452.0,0,75,0.9493670886075949
1,validation,qat_a3,13,pre_quantization,79000,1000,79,876649.3047070992,2286162.134065081,2448479.386614567,0.7570632911392405,0.0,17893840.0,0,58,0.7341772151898734
1,validation,qat_a3,14,input,79000,1000,79,484641.62037341774,2572727.670639544,2617977.304613725,0.9493670886075949,0.0,24785458.0,0,75,0.9493670886075949
1,validation,qat_a3,14,output,79000,1000,79,0.0,0.0,0.0,1.0,0.0,0.0,0,79,1.0
1,validation,qat_a3,14,pre_quantization,79000,1000,79,484641.6209151503,2914180.5612780787,2954204.7736157835,0.9493670886075949,0.0,42523452.0,0,75,0.9493670886075949
1,validation,qat_a3,15,input,79000,1000,79,0.0,0.0,0.0,1.0,0.0,0.0,0,79,1.0
1,validation,qat_a3,15,output,10000,1000,10,0.0,0.0,0.0,1.0,0.0,0.0,0,10,1.0
1,validation,qat_a3,15,pre_quantization,79000,1000,79,0.0,0.0,0.0,1.0,0.0,0.0,0,79,1.0
1,validation,fp32_ablation,0,input,90000,1000,90,0.018114338403025208,0.7685564910431445,0.7687699325418043,0.0,0.7199444444444445,2.821486711502075,0,0,0.0
1,validation,fp32_ablation,0,output,79000,1000,79,1.2274421955028587,1.4349921587927161,1.8883370565387572,0.35615189873417724,0.0,10.99413776397705,0,0,0.0
1,validation,fp32_ablation,0,pre_quantization,90000,1000,90,0.018114338403025208,0.7685564910431445,0.7687699325418043,0.0,0.7199444444444445,2.821486711502075,0,0,0.0
1,validation,fp32_ablation,1,input,79000,1000,79,1.2274421955028587,1.4349921587927161,1.8883370565387572,0.35615189873417724,0.0,10.99413776397705,0,0,0.0
1,validation,fp32_ablation,1,output,79000,1000,79,3.854721453194018,4.595551977008067,5.998164340454249,0.36673417721518986,0.0,36.19660186767578,0,5,0.06329113924050633
1,validation,fp32_ablation,1,pre_quantization,79000,1000,79,1.2274421955028587,1.4349921587927161,1.8883370565387572,0.35615189873417724,0.0,10.99413776397705,0,0,0.0
1,validation,fp32_ablation,2,input,79000,1000,79,3.854721453194018,4.595551977008067,5.998164340454249,0.36673417721518986,0.0,36.19660186767578,0,5,0.06329113924050633
1,validation,fp32_ablation,2,output,79000,1000,79,12.385669861796478,16.691552502067204,20.784916234006804,0.4571645569620253,0.0,139.9693145751953,0,10,0.12658227848101267
1,validation,fp32_ablation,2,pre_quantization,79000,1000,79,3.854721453194018,4.595551977008067,5.998164340454249,0.36673417721518986,0.0,36.19660186767578,0,5,0.06329113924050633
1,validation,fp32_ablation,3,input,79000,1000,79,12.385669861796478,16.691552502067204,20.784916234006804,0.4571645569620253,0.0,139.9693145751953,0,10,0.12658227848101267
1,validation,fp32_ablation,3,output,79000,1000,79,43.358938210935456,64.25981244253181,77.51981048692704,0.5128227848101266,0.0,516.3927001953125,0,15,0.189873417721519
1,validation,fp32_ablation,3,pre_quantization,79000,1000,79,12.385669861796478,16.691552502067204,20.784916234006804,0.4571645569620253,0.0,139.9693145751953,0,10,0.12658227848101267
1,validation,fp32_ablation,4,input,79000,1000,79,43.358938210935456,64.25981244253181,77.51981048692704,0.5128227848101266,0.0,516.3927001953125,0,15,0.189873417721519
1,validation,fp32_ablation,4,output,79000,1000,79,179.39346674082086,256.09386538987525,312.6756846952087,0.4849240506329114,0.0,1465.1959228515625,0,14,0.17721518987341772
1,validation,fp32_ablation,4,pre_quantization,79000,1000,79,43.358938210935456,64.25981244253181,77.51981048692704,0.5128227848101266,0.0,516.3927001953125,0,15,0.189873417721519
1,validation,fp32_ablation,5,input,79000,1000,79,179.39346674082086,256.09386538987525,312.6756846952087,0.4849240506329114,0.0,1465.1959228515625,0,14,0.17721518987341772
1,validation,fp32_ablation,5,output,79000,1000,79,754.061044261862,1124.4286970700189,1353.864082272615,0.49154430379746833,0.0,6256.5498046875,0,20,0.25316455696202533
1,validation,fp32_ablation,5,pre_quantization,79000,1000,79,179.39346674082086,256.09386538987525,312.6756846952087,0.4849240506329114,0.0,1465.1959228515625,0,14,0.17721518987341772
1,validation,fp32_ablation,6,input,79000,1000,79,754.061044261862,1124.4286970700189,1353.864082272615,0.49154430379746833,0.0,6256.5498046875,0,20,0.25316455696202533
1,validation,fp32_ablation,6,output,79000,1000,79,3273.5018580576707,5045.682632537361,6014.543011983219,0.40051898734177216,0.0,31519.96484375,0,16,0.20253164556962025
1,validation,fp32_ablation,6,pre_quantization,79000,1000,79,754.061044261862,1124.4286970700189,1353.864082272615,0.49154430379746833,0.0,6256.5498046875,0,20,0.25316455696202533
1,validation,fp32_ablation,7,input,79000,1000,79,3273.5018580576707,5045.682632537361,6014.543011983219,0.40051898734177216,0.0,31519.96484375,0,16,0.20253164556962025
1,validation,fp32_ablation,7,output,79000,1000,79,13134.602485446783,20223.752755391484,24114.683451414192,0.38959493670886075,0.0,123434.7578125,0,21,0.26582278481012656
1,validation,fp32_ablation,7,pre_quantization,79000,1000,79,3273.5018580576707,5045.682632537361,6014.543011983219,0.40051898734177216,0.0,31519.96484375,0,16,0.20253164556962025
1,validation,fp32_ablation,8,input,79000,1000,79,13134.602485446783,20223.752755391484,24114.683451414192,0.38959493670886075,0.0,123434.7578125,0,21,0.26582278481012656
1,validation,fp32_ablation,8,output,79000,1000,79,49280.84190875822,79952.69758344567,93920.36642872482,0.4240759493670886,0.0,576123.125,0,27,0.34177215189873417
1,validation,fp32_ablation,8,pre_quantization,79000,1000,79,13134.602485446783,20223.752755391484,24114.683451414192,0.38959493670886075,0.0,123434.7578125,0,21,0.26582278481012656
1,validation,fp32_ablation,9,input,79000,1000,79,49280.84190875822,79952.69758344567,93920.36642872482,0.4240759493670886,0.0,576123.125,0,27,0.34177215189873417
1,validation,fp32_ablation,9,output,79000,1000,79,155186.26477995323,294466.6316585961,332856.3863541048,0.47422784810126584,0.0,2264211.5,0,32,0.4050632911392405
1,validation,fp32_ablation,9,pre_quantization,79000,1000,79,49280.84190875822,79952.69758344567,93920.36642872482,0.4240759493670886,0.0,576123.125,0,27,0.34177215189873417
1,validation,fp32_ablation,10,input,79000,1000,79,155186.26477995323,294466.6316585961,332856.3863541048,0.47422784810126584,0.0,2264211.5,0,32,0.4050632911392405
1,validation,fp32_ablation,10,output,79000,1000,79,333990.65600655193,840999.3467531514,904892.0706575533,0.6604810126582279,0.0,7637722.5,0,49,0.620253164556962
1,validation,fp32_ablation,10,pre_quantization,79000,1000,79,155186.26477995323,294466.6316585961,332856.3863541048,0.47422784810126584,0.0,2264211.5,0,32,0.4050632911392405
1,validation,fp32_ablation,11,input,79000,1000,79,333990.65600655193,840999.3467531514,904892.0706575533,0.6604810126582279,0.0,7637722.5,0,49,0.620253164556962
1,validation,fp32_ablation,11,output,79000,1000,79,957749.8682494045,2056338.2263287925,2268438.16560928,0.5521898734177215,0.0,22822106.0,0,40,0.5063291139240507
1,validation,fp32_ablation,11,pre_quantization,79000,1000,79,333990.65600655193,840999.3467531514,904892.0706575533,0.6604810126582279,0.0,7637722.5,0,49,0.620253164556962
1,validation,fp32_ablation,12,input,79000,1000,79,957749.8682494045,2056338.2263287925,2268438.16560928,0.5521898734177215,0.0,22822106.0,0,40,0.5063291139240507
1,validation,fp32_ablation,12,output,79000,1000,79,1739031.4738708714,4849962.141368924,5152316.298503551,0.7341772151898734,0.0,41017400.0,0,58,0.7341772151898734
1,validation,fp32_ablation,12,pre_quantization,79000,1000,79,957749.8682494045,2056338.2263287925,2268438.16560928,0.5521898734177215,0.0,22822106.0,0,40,0.5063291139240507
1,validation,fp32_ablation,13,input,79000,1000,79,1739031.4738708714,4849962.141368924,5152316.298503551,0.7341772151898734,0.0,41017400.0,0,58,0.7341772151898734
1,validation,fp32_ablation,13,output,79000,1000,79,1052447.724305528,6633396.223505465,6716367.44605389,0.9240506329113924,0.0,111212728.0,0,73,0.9240506329113924
1,validation,fp32_ablation,13,pre_quantization,79000,1000,79,1739031.4738708714,4849962.141368924,5152316.298503551,0.7341772151898734,0.0,41017400.0,0,58,0.7341772151898734
1,validation,fp32_ablation,14,input,79000,1000,79,1052447.724305528,6633396.223505465,6716367.44605389,0.9240506329113924,0.0,111212728.0,0,73,0.9240506329113924
1,validation,fp32_ablation,14,output,79000,1000,79,75364.70219452503,478447.9161628006,484347.2378546158,0.944379746835443,0.0,8275569.0,0,74,0.9367088607594937
1,validation,fp32_ablation,14,pre_quantization,79000,1000,79,1052447.724305528,6633396.223505465,6716367.44605389,0.9240506329113924,0.0,111212728.0,0,73,0.9240506329113924
1,validation,fp32_ablation,15,input,79000,1000,79,75364.70219452503,478447.9161628006,484347.2378546158,0.944379746835443,0.0,8275569.0,0,74,0.9367088607594937
1,validation,fp32_ablation,15,output,10000,1000,10,203832.17973881072,336433.03261279635,393363.37263415585,0.0,0.265,1668157.875,0,0,0.0
1,validation,fp32_ablation,15,pre_quantization,79000,1000,79,75364.70219452503,478447.9161628006,484347.2378546158,0.944379746835443,0.0,8275569.0,0,74,0.9367088607594937
1,test,qat_a3,0,input,900000,10000,90,-0.25103932275944285,0.5769831916815389,0.62922996198094,0.11073666666666666,0.6530422222222222,2.1364574432373047,0,0,0.0
1,test,qat_a3,0,output,790000,10000,79,1.2604117175386538,1.344829096637489,1.8431502914498166,0.29639367088607593,0.0,11.420919418334961,0,1,0.012658227848101266
1,test,qat_a3,0,pre_quantization,900000,10000,90,0.024564697060943944,0.7802178933978041,0.7806045000637667,0.0,0.7195777777777778,2.821486711502075,0,0,0.0
1,test,qat_a3,1,input,790000,10000,79,1.214830515814582,1.1252031314043178,1.6558669237219537,0.4371949367088608,0.0,4.388619899749756,0,1,0.012658227848101266
1,test,qat_a3,1,output,790000,10000,79,3.5577652598681317,3.891875373481008,5.272986588929702,0.32764430379746834,0.0,29.42843246459961,0,6,0.0759493670886076
1,test,qat_a3,1,pre_quantization,790000,10000,79,1.2604117175386538,1.344829096637489,1.8431502914498166,0.29639367088607593,0.0,11.420919418334961,0,1,0.012658227848101266
1,test,qat_a3,2,input,790000,10000,79,3.4709401855935025,3.4849873661300994,4.918593570732823,0.42802151898734175,0.0,17.40296173095703,0,8,0.10126582278481013
1,test,qat_a3,2,output,790000,10000,79,11.13039622039945,13.839268036823848,17.759815872303875,0.3891354430379747,0.0,102.6796646118164,0,9,0.11392405063291139
1,test,qat_a3,2,pre_quantization,790000,10000,79,3.5577652598681317,3.891875373481008,5.272986588929702,0.32764430379746834,0.0,29.42843246459961,0,6,0.0759493670886076
1,test,qat_a3,3,input,790000,10000,79,10.96542032183937,12.765840462765478,16.828758883393277,0.46319493670886075,0.0,66.54682159423828,0,11,0.13924050632911392
1,test,qat_a3,3,output,790000,10000,79,38.757821190360545,57.285531961147335,69.16502638975564,0.48918101265822783,0.0,388.6980285644531,0,13,0.16455696202531644
1,test,qat_a3,3,pre_quantization,790000,10000,79,11.13039622039945,13.839268036823848,17.759815872303875,0.3891354430379747,0.0,102.6796646118164,0,9,0.11392405063291139
1,test,qat_a3,4,input,790000,10000,79,38.4394485416859,53.50837978739106,65.88427666492665,0.5479898734177215,0.0,217.3979034423828,0,17,0.21518987341772153
1,test,qat_a3,4,output,790000,10000,79,157.99800688400552,232.09350498445812,280.76816991120796,0.47861645569620254,0.0,1443.333740234375,0,12,0.1518987341772152
1,test,qat_a3,4,pre_quantization,790000,10000,79,38.757821190360545,57.285531961147335,69.16502638975564,0.48918101265822783,0.0,388.6980285644531,0,13,0.16455696202531644
1,test,qat_a3,5,input,790000,10000,79,157.15734030188548,218.7315216742708,269.3360506592176,0.5278088607594936,0.0,886.5733642578125,0,17,0.21518987341772153
1,test,qat_a3,5,output,790000,10000,79,672.5114013170693,985.406943987553,1193.0207165679633,0.47950506329113923,0.0,5798.84619140625,0,16,0.20253164556962025
1,test,qat_a3,5,pre_quantization,790000,10000,79,157.99800688400552,232.09350498445812,280.76816991120796,0.47861645569620254,0.0,1443.333740234375,0,12,0.1518987341772152
1,test,qat_a3,6,input,790000,10000,79,667.549725817678,952.4507854955979,1163.092917711409,0.5199822784810126,0.0,3842.64306640625,0,22,0.27848101265822783
1,test,qat_a3,6,output,790000,10000,79,2866.4996348393174,4336.294900737808,5198.102886890434,0.45856708860759493,0.0,26841.31640625,0,17,0.21518987341772153
1,test,qat_a3,6,pre_quantization,790000,10000,79,672.5114013170693,985.406943987553,1193.0207165679633,0.47950506329113923,0.0,5798.84619140625,0,16,0.20253164556962025
1,test,qat_a3,7,input,790000,10000,79,2859.1600243716275,4133.923821552684,5026.342826286873,0.48543924050632914,0.0,16706.919921875,0,19,0.24050632911392406
1,test,qat_a3,7,output,790000,10000,79,11597.61534720452,16891.396252531038,20489.605879609626,0.37966582278481015,0.0,104172.125,0,21,0.26582278481012656
1,test,qat_a3,7,pre_quantization,790000,10000,79,2866.4996348393174,4336.294900737808,5198.102886890434,0.45856708860759493,0.0,26841.31640625,0,17,0.21518987341772153
1,test,qat_a3,8,input,790000,10000,79,11390.9643951005,15811.570813820257,19487.427779234997,0.46687974683544303,0.0,62383.6171875,0,24,0.3037974683544304
1,test,qat_a3,8,output,790000,10000,79,42168.95042397338,62715.73781182861,75574.3617183867,0.41844430379746833,0.0,409037.75,0,27,0.34177215189873417
1,test,qat_a3,8,pre_quantization,790000,10000,79,11597.61534720452,16891.396252531038,20489.605879609626,0.37966582278481015,0.0,104172.125,0,21,0.26582278481012656
1,test,qat_a3,9,input,790000,10000,79,41369.65683374363,56913.9976634276,70360.86722443346,0.4706873417721519,0.0,222605.90625,0,30,0.379746835443038
1,test,qat_a3,9,output,790000,10000,79,123152.63768186717,213902.91162726248,246821.85432133378,0.463273417721519,0.0,1549849.75,0,32,0.4050632911392405
1,test,qat_a3,9,pre_quantization,790000,10000,79,42168.95042397338,62715.73781182861,75574.3617183867,0.41844430379746833,0.0,409037.75,0,27,0.34177215189873417
1,test,qat_a3,10,input,790000,10000,79,122720.43505812154,176169.6560148734,214699.91355669766,0.5114569620253164,0.0,696474.0625,0,38,0.4810126582278481
1,test,qat_a3,10,output,790000,10000,79,224894.27233609895,532570.933901724,578108.3232116089,0.6459594936708861,0.0,4490378.0,0,48,0.6075949367088608
1,test,qat_a3,10,pre_quantization,790000,10000,79,123152.63768186717,213902.91162726248,246821.85432133378,0.463273417721519,0.0,1549849.75,0,32,0.4050632911392405
1,test,qat_a3,11,input,790000,10000,79,221921.52692477254,441854.96622567903,494454.2196107932,0.6961569620253164,0.0,2044738.875,0,52,0.6582278481012658
1,test,qat_a3,11,output,790000,10000,79,562091.5029187996,1097762.9160252898,1233300.56249637,0.5496860759493671,0.0,11544176.0,0,41,0.5189873417721519
1,test,qat_a3,11,pre_quantization,790000,10000,79,224894.27233609895,532570.933901724,578108.3232116089,0.6459594936708861,0.0,4490378.0,0,48,0.6075949367088608
1,test,qat_a3,12,input,790000,10000,79,552907.4283351266,933001.0320913278,1084526.4174706147,0.6103151898734177,0.0,3946037.75,0,48,0.6075949367088608
1,test,qat_a3,12,output,790000,10000,79,863012.5961576002,2276170.2209116337,2434284.6209290307,0.7567924050632912,0.0,19032770.0,0,57,0.7215189873417721
1,test,qat_a3,12,pre_quantization,790000,10000,79,562091.5029187996,1097762.9160252898,1233300.56249637,0.5496860759493671,0.0,11544176.0,0,41,0.5189873417721519
1,test,qat_a3,13,input,790000,10000,79,862960.8869162777,1980315.9522028829,2160174.243642521,0.7595417721518988,0.0,10039168.0,0,60,0.759493670886076
1,test,qat_a3,13,output,790000,10000,79,477099.2268202334,2898066.7579207,2937075.859694036,0.9493670886075949,0.0,45230028.0,0,75,0.9493670886075949
1,test,qat_a3,13,pre_quantization,790000,10000,79,863012.5961576002,2276170.2209116337,2434284.6209290307,0.7567924050632912,0.0,19032770.0,0,57,0.7215189873417721
1,test,qat_a3,14,input,790000,10000,79,477099.2269063291,2558697.507500021,2602797.8421693523,0.9493670886075949,0.0,26363028.0,0,75,0.9493670886075949
1,test,qat_a3,14,output,790000,10000,79,0.0,0.0,0.0,1.0,0.0,0.0,0,79,1.0
1,test,qat_a3,14,pre_quantization,790000,10000,79,477099.2268202334,2898066.7579207,2937075.859694036,0.9493670886075949,0.0,45230028.0,0,75,0.9493670886075949
1,test,qat_a3,15,input,790000,10000,79,0.0,0.0,0.0,1.0,0.0,0.0,0,79,1.0
1,test,qat_a3,15,output,100000,10000,10,0.0,0.0,0.0,1.0,0.0,0.0,0,10,1.0
1,test,qat_a3,15,pre_quantization,790000,10000,79,0.0,0.0,0.0,1.0,0.0,0.0,0,79,1.0
1,test,fp32_ablation,0,input,900000,10000,90,0.024564697060943944,0.7802178933978041,0.7806045000637667,0.0,0.7195777777777778,2.821486711502075,0,0,0.0
1,test,fp32_ablation,0,output,790000,10000,79,1.2550223453424376,1.46683546114821,1.9304629904224309,0.3582481012658228,0.0,12.383450508117676,0,0,0.0
1,test,fp32_ablation,0,pre_quantization,900000,10000,90,0.024564697060943944,0.7802178933978041,0.7806045000637667,0.0,0.7195777777777778,2.821486711502075,0,0,0.0
1,test,fp32_ablation,1,input,790000,10000,79,1.2550223453424376,1.46683546114821,1.9304629904224309,0.3582481012658228,0.0,12.383450508117676,0,0,0.0
1,test,fp32_ablation,1,output,790000,10000,79,3.9559474503181145,4.716309453341477,6.1557367625132065,0.3686860759493671,0.0,42.3328857421875,0,5,0.06329113924050633
1,test,fp32_ablation,1,pre_quantization,790000,10000,79,1.2550223453424376,1.46683546114821,1.9304629904224309,0.3582481012658228,0.0,12.383450508117676,0,0,0.0
1,test,fp32_ablation,2,input,790000,10000,79,3.9559474503181145,4.716309453341477,6.1557367625132065,0.3686860759493671,0.0,42.3328857421875,0,5,0.06329113924050633
1,test,fp32_ablation,2,output,790000,10000,79,12.62565088558702,17.073758379366488,21.23488369362337,0.4603012658227848,0.0,155.7116241455078,0,10,0.12658227848101267
1,test,fp32_ablation,2,pre_quantization,790000,10000,79,3.9559474503181145,4.716309453341477,6.1557367625132065,0.3686860759493671,0.0,42.3328857421875,0,5,0.06329113924050633
1,test,fp32_ablation,3,input,790000,10000,79,12.62565088558702,17.073758379366488,21.23488369362337,0.4603012658227848,0.0,155.7116241455078,0,10,0.12658227848101267
1,test,fp32_ablation,3,output,790000,10000,79,43.94133695665228,65.01488570980756,78.47150092484145,0.5175569620253164,0.0,581.0814208984375,0,15,0.189873417721519
1,test,fp32_ablation,3,pre_quantization,790000,10000,79,12.62565088558702,17.073758379366488,21.23488369362337,0.4603012658227848,0.0,155.7116241455078,0,10,0.12658227848101267
1,test,fp32_ablation,4,input,790000,10000,79,43.94133695665228,65.01488570980756,78.47150092484145,0.5175569620253164,0.0,581.0814208984375,0,15,0.189873417721519
1,test,fp32_ablation,4,output,790000,10000,79,180.88576917191497,257.0623349865616,314.3257952469993,0.48966708860759495,0.0,1444.3267822265625,0,14,0.17721518987341772
1,test,fp32_ablation,4,pre_quantization,790000,10000,79,43.94133695665228,65.01488570980756,78.47150092484145,0.5175569620253164,0.0,581.0814208984375,0,15,0.189873417721519
1,test,fp32_ablation,5,input,790000,10000,79,180.88576917191497,257.0623349865616,314.3257952469993,0.48966708860759495,0.0,1444.3267822265625,0,14,0.17721518987341772
1,test,fp32_ablation,5,output,790000,10000,79,755.944883994162,1125.5750675010736,1355.865738270937,0.4948645569620253,0.0,6167.03369140625,0,20,0.25316455696202533
1,test,fp32_ablation,5,pre_quantization,790000,10000,79,180.88576917191497,257.0623349865616,314.3257952469993,0.48966708860759495,0.0,1444.3267822265625,0,14,0.17721518987341772
1,test,fp32_ablation,6,input,790000,10000,79,755.944883994162,1125.5750675010736,1355.865738270937,0.4948645569620253,0.0,6167.03369140625,0,20,0.25316455696202533
1,test,fp32_ablation,6,output,790000,10000,79,3276.0294943243725,5042.067706000991,6012.887492676152,0.39895949367088607,0.0,31069.533203125,0,16,0.20253164556962025
1,test,fp32_ablation,6,pre_quantization,790000,10000,79,755.944883994162,1125.5750675010736,1355.865738270937,0.4948645569620253,0.0,6167.03369140625,0,20,0.25316455696202533
1,test,fp32_ablation,7,input,790000,10000,79,3276.0294943243725,5042.067706000991,6012.887492676152,0.39895949367088607,0.0,31069.533203125,0,16,0.20253164556962025
1,test,fp32_ablation,7,output,790000,10000,79,13123.48883250247,20206.871549921605,24094.47274733042,0.3886253164556962,0.0,121675.1875,0,20,0.25316455696202533
1,test,fp32_ablation,7,pre_quantization,790000,10000,79,3276.0294943243725,5042.067706000991,6012.887492676152,0.39895949367088607,0.0,31069.533203125,0,16,0.20253164556962025
1,test,fp32_ablation,8,input,790000,10000,79,13123.48883250247,20206.871549921605,24094.47274733042,0.3886253164556962,0.0,121675.1875,0,20,0.25316455696202533
1,test,fp32_ablation,8,output,790000,10000,79,49147.59489280924,79899.00109790615,93804.7784507319,0.4229759493670886,0.0,567908.5,0,27,0.34177215189873417
1,test,fp32_ablation,8,pre_quantization,790000,10000,79,13123.48883250247,20206.871549921605,24094.47274733042,0.3886253164556962,0.0,121675.1875,0,20,0.25316455696202533
1,test,fp32_ablation,9,input,790000,10000,79,49147.59489280924,79899.00109790615,93804.7784507319,0.4229759493670886,0.0,567908.5,0,27,0.34177215189873417
1,test,fp32_ablation,9,output,790000,10000,79,154649.71302664405,294234.53363032325,332401.1048716252,0.47315822784810124,0.0,2231940.5,0,32,0.4050632911392405
1,test,fp32_ablation,9,pre_quantization,790000,10000,79,49147.59489280924,79899.00109790615,93804.7784507319,0.4229759493670886,0.0,567908.5,0,27,0.34177215189873417
1,test,fp32_ablation,10,input,790000,10000,79,154649.71302664405,294234.53363032325,332401.1048716252,0.47315822784810124,0.0,2231940.5,0,32,0.4050632911392405
1,test,fp32_ablation,10,output,790000,10000,79,332680.0767981021,840146.0102251238,903615.7103523517,0.6597835443037975,0.0,7528863.0,0,49,0.620253164556962
1,test,fp32_ablation,10,pre_quantization,790000,10000,79,154649.71302664405,294234.53363032325,332401.1048716252,0.47315822784810124,0.0,2231940.5,0,32,0.4050632911392405
1,test,fp32_ablation,11,input,790000,10000,79,332680.0767981021,840146.0102251238,903615.7103523517,0.6597835443037975,0.0,7528863.0,0,49,0.620253164556962
1,test,fp32_ablation,11,output,790000,10000,79,954159.4609314419,2054462.229587326,2265223.019856082,0.5519126582278481,0.0,22496836.0,0,40,0.5063291139240507
1,test,fp32_ablation,11,pre_quantization,790000,10000,79,332680.0767981021,840146.0102251238,903615.7103523517,0.6597835443037975,0.0,7528863.0,0,49,0.620253164556962
1,test,fp32_ablation,12,input,790000,10000,79,954159.4609314419,2054462.229587326,2265223.019856082,0.5519126582278481,0.0,22496836.0,0,40,0.5063291139240507
1,test,fp32_ablation,12,output,790000,10000,79,1732587.8283024477,4844637.502796844,5145131.010604826,0.7341772151898734,0.0,40432796.0,0,58,0.7341772151898734
1,test,fp32_ablation,12,pre_quantization,790000,10000,79,954159.4609314419,2054462.229587326,2265223.019856082,0.5519126582278481,0.0,22496836.0,0,40,0.5063291139240507
1,test,fp32_ablation,13,input,790000,10000,79,1732587.8283024477,4844637.502796844,5145131.010604826,0.7341772151898734,0.0,40432796.0,0,58,0.7341772151898734
1,test,fp32_ablation,13,output,790000,10000,79,1048487.9983943483,6624583.473996129,6707043.557836762,0.9240506329113924,0.0,109627680.0,0,73,0.9240506329113924
1,test,fp32_ablation,13,pre_quantization,790000,10000,79,1732587.8283024477,4844637.502796844,5145131.010604826,0.7341772151898734,0.0,40432796.0,0,58,0.7341772151898734
1,test,fp32_ablation,14,input,790000,10000,79,1048487.9983943483,6624583.473996129,6707043.557836762,0.9240506329113924,0.0,109627680.0,0,73,0.9240506329113924
1,test,fp32_ablation,14,output,790000,10000,79,75209.5039618237,477931.4440746215,483812.9129337461,0.9441417721518988,0.0,8157624.0,0,74,0.9367088607594937
1,test,fp32_ablation,14,pre_quantization,790000,10000,79,1048487.9983943483,6624583.473996129,6707043.557836762,0.9240506329113924,0.0,109627680.0,0,73,0.9240506329113924
1,test,fp32_ablation,15,input,790000,10000,79,75209.5039618237,477931.4440746215,483812.9129337461,0.9441417721518988,0.0,8157624.0,0,74,0.9367088607594937
1,test,fp32_ablation,15,output,100000,10000,10,203425.99331430084,336188.29780951864,392943.6427020694,0.0,0.26211,1644383.625,0,0,0.0
1,test,fp32_ablation,15,pre_quantization,790000,10000,79,75209.5039618237,477931.4440746215,483812.9129337461,0.9441417721518988,0.0,8157624.0,0,74,0.9367088607594937
2,validation,qat_a3,0,input,90000,1000,90,-0.24865594502025182,0.5706528477563928,0.6224744586297459,0.11097777777777777,0.6533777777777777,1.9996788501739502,0,0,0.0
2,validation,qat_a3,0,output,79000,1000,79,0.6271241565595924,0.7924743099471073,1.010594003379559,0.40546835443037976,0.0,5.344614505767822,0,0,0.0
2,validation,qat_a3,0,pre_quantization,90000,1000,90,0.018114338403025208,0.7685564910431445,0.7687699325418043,0.0,0.7199444444444445,2.821486711502075,0,0,0.0
2,validation,qat_a3,1,input,79000,1000,79,0.611437921969951,0.6551553554521936,0.8961500277300793,0.5060886075949367,0.0,2.5510997772216797,0,1,0.012658227848101266
2,validation,qat_a3,1,output,79000,1000,79,0.7522656167226515,1.1511591170323399,1.3751621252891557,0.5120886075949367,0.0,9.877355575561523,0,5,0.06329113924050633
2,validation,qat_a3,1,pre_quantization,79000,1000,79,0.6271241565595924,0.7924743099471073,1.010594003379559,0.40546835443037976,0.0,5.344614505767822,0,0,0.0
2,validation,qat_a3,2,input,79000,1000,79,0.7383907679538183,0.9482872665962359,1.2018609179884294,0.5877721518987342,0.0,3.6536126136779785,0,10,0.12658227848101267
2,validation,qat_a3,2,output,79000,1000,79,0.8883217982294357,1.5156212908028783,1.7567650709029257,0.5436075949367088,0.0,12.357071876525879,0,7,0.08860759493670886
2,validation,qat_a3,2,pre_quantization,79000,1000,79,0.7522656167226515,1.1511591170323399,1.3751621252891557,0.5120886075949367,0.0,9.877355575561523,0,5,0.06329113924050633
2,validation,qat_a3,3,input,79000,1000,79,0.8709575726601142,1.2327977880103327,1.5094228961749478,0.6240506329113924,0.0,5.219690322875977,0,12,0.1518987341772152
2,validation,qat_a3,3,output,79000,1000,79,1.1506864999247177,1.840443619453165,2.1705557208915103,0.5435189873417722,0.0,13.110517501831055,0,5,0.06329113924050633
2,validation,qat_a3,3,pre_quantization,79000,1000,79,0.8883217982294357,1.5156212908028783,1.7567650709029257,0.5436075949367088,0.0,12.357071876525879,0,7,0.08860759493670886
2,validation,qat_a3,4,input,79000,1000,79,1.1329164349044425,1.584339929717015,1.9477249963411951,0.6100886075949367,0.0,6.488471508026123,0,10,0.12658227848101267
2,validation,qat_a3,4,output,79000,1000,79,1.4436501192665796,2.5327746850781114,2.915317010589232,0.5108354430379747,0.0,24.204063415527344,0,6,0.0759493670886076
2,validation,qat_a3,4,pre_quantization,79000,1000,79,1.1506864999247177,1.840443619453165,2.1705557208915103,0.5435189873417722,0.0,13.110517501831055,0,5,0.06329113924050633
2,validation,qat_a3,5,input,79000,1000,79,1.4125178541307208,1.9379413356380684,2.398087427224603,0.5971772151898734,0.0,8.59626579284668,0,10,0.12658227848101267
2,validation,qat_a3,5,output,79000,1000,79,1.266563952005428,2.548167273548545,2.8455826641486683,0.6375822784810127,0.0,23.744556427001953,0,3,0.0379746835443038
2,validation,qat_a3,5,pre_quantization,79000,1000,79,1.4436501192665796,2.5327746850781114,2.915317010589232,0.5108354430379747,0.0,24.204063415527344,0,6,0.0759493670886076
2,validation,qat_a3,6,input,79000,1000,79,1.252662088318716,2.11154441269785,2.4551541935908046,0.6851139240506329,0.0,10.37138557434082,0,4,0.05063291139240506
2,validation,qat_a3,6,output,79000,1000,79,1.5667090563110353,2.6359628721098045,3.066411180886931,0.5442278481012658,0.0,30.46653938293457,0,6,0.0759493670886076
2,validation,qat_a3,6,pre_quantization,79000,1000,79,1.266563952005428,2.548167273548545,2.8455826641486683,0.6375822784810127,0.0,23.744556427001953,0,3,0.0379746835443038
2,validation,qat_a3,7,input,79000,1000,79,1.5440234501708912,2.2253328625984174,2.7085263085371887,0.605379746835443,0.0,13.436946868896484,0,8,0.10126582278481013
2,validation,qat_a3,7,output,79000,1000,79,1.3540308349708639,2.7434577814543686,3.059405187397449,0.6110632911392405,0.0,34.825862884521484,0,9,0.11392405063291139
2,validation,qat_a3,7,pre_quantization,79000,1000,79,1.5667090563110353,2.6359628721098045,3.066411180886931,0.5442278481012658,0.0,30.46653938293457,0,6,0.0759493670886076
2,validation,qat_a3,8,input,79000,1000,79,1.3343390433290336,2.276876270561473,2.639057830741525,0.670379746835443,0.0,18.767627716064453,0,14,0.17721518987341772
2,validation,qat_a3,8,output,79000,1000,79,1.3593119017938269,2.589620383506567,2.924698715599788,0.5510506329113924,0.0,49.35940933227539,0,2,0.02531645569620253
2,validation,qat_a3,8,pre_quantization,79000,1000,79,1.3540308349708639,2.7434577814543686,3.059405187397449,0.6110632911392405,0.0,34.825862884521484,0,9,0.11392405063291139
2,validation,qat_a3,9,input,79000,1000,79,1.3383384612232825,2.171071139158,2.550431282758726,0.6109113924050633,0.0,21.76880645751953,0,3,0.0379746835443038
2,validation,qat_a3,9,output,79000,1000,79,1.1570649667825013,2.720228772661566,2.956085910959159,0.6209620253164557,0.0,68.44336700439453,0,2,0.02531645569620253
2,validation,qat_a3,9,pre_quantization,79000,1000,79,1.3593119017938269,2.589620383506567,2.924698715599788,0.5510506329113924,0.0,49.35940933227539,0,2,0.02531645569620253
2,validation,qat_a3,10,input,79000,1000,79,1.138997339120394,2.2218474796242083,2.4967821613500414,0.6793924050632911,0.0,23.384353637695312,0,5,0.06329113924050633
2,validation,qat_a3,10,output,79000,1000,79,1.053289155570421,2.643859511742317,2.845946444168016,0.5705696202531646,0.0,69.97221374511719,0,1,0.012658227848101266
2,validation,qat_a3,10,pre_quantization,79000,1000,79,1.1570649667825013,2.720228772661566,2.956085910959159,0.6209620253164557,0.0,68.44336700439453,0,2,0.02531645569620253
2,validation,qat_a3,11,input,79000,1000,79,1.035727621110557,2.2033300418104265,2.434624196518976,0.6373164556962025,0.0,26.271780014038086,0,2,0.02531645569620253
2,validation,qat_a3,11,output,79000,1000,79,0.7466592221456727,2.5158649709218137,2.6243240169473356,0.6447088607594936,0.0,87.69701385498047,0,4,0.05063291139240506
2,validation,qat_a3,11,pre_quantization,79000,1000,79,1.053289155570421,2.643859511742317,2.845946444168016,0.5705696202531646,0.0,69.97221374511719,0,1,0.012658227848101266
2,validation,qat_a3,12,input,79000,1000,79,0.7370581844916827,2.04618387052764,2.174884640465707,0.6929367088607595,0.0,30.382099151611328,0,5,0.06329113924050633
2,validation,qat_a3,12,output,79000,1000,79,0.7265593708331625,2.234555465804263,2.3497077795124204,0.5581392405063291,0.0,83.5772705078125,0,0,0.0
2,validation,qat_a3,12,pre_quantization,79000,1000,79,0.7466592221456727,2.5158649709218137,2.6243240169473356,0.6447088607594936,0.0,87.69701385498047,0,4,0.05063291139240506
2,validation,qat_a3,13,input,79000,1000,79,0.7148400152685899,1.8389039183919809,1.9729581517372787,0.6253164556962025,0.0,27.389616012573242,0,1,0.012658227848101266
2,validation,qat_a3,13,output,79000,1000,79,0.4817227065273387,1.6798825578900562,1.747587529792789,0.6247974683544304,0.0,60.06229019165039,0,2,0.02531645569620253
2,validation,qat_a3,13,pre_quantization,79000,1000,79,0.7265593708331625,2.234555465804263,2.3497077795124204,0.5581392405063291,0.0,83.5772705078125,0,0,0.0
2,validation,qat_a3,14,input,79000,1000,79,0.475371762610689,1.3911616659257071,1.4701391408396627,0.6722911392405063,0.0,21.14407730102539,0,5,0.06329113924050633
2,validation,qat_a3,14,output,79000,1000,79,0.27141289418950404,1.0905196889298105,1.1237874136489931,0.6561518987341772,0.0,34.4678840637207,0,1,0.012658227848101266
2,validation,qat_a3,14,pre_quantization,79000,1000,79,0.4817227065273387,1.6798825578900562,1.747587529792789,0.6247974683544304,0.0,60.06229019165039,0,2,0.02531645569620253
2,validation,qat_a3,15,input,79000,1000,79,0.26852317318905006,0.8700516002032276,0.910546254484479,0.6985316455696202,0.0,14.017354011535645,0,2,0.02531645569620253
2,validation,qat_a3,15,output,10000,1000,10,-0.025308866928890346,0.9895640725496664,0.9898876665694476,0.0,0.5425,15.914188385009766,0,0,0.0
2,validation,qat_a3,15,pre_quantization,79000,1000,79,0.27141289418950404,1.0905196889298105,1.1237874136489931,0.6561518987341772,0.0,34.4678840637207,0,1,0.012658227848101266
2,validation,fp32_ablation,0,input,90000,1000,90,0.018114338403025208,0.7685564910431445,0.7687699325418043,0.0,0.7199444444444445,2.821486711502075,0,0,0.0
2,validation,fp32_ablation,0,output,79000,1000,79,0.698833971599122,0.9837376647045659,1.2066932969149182,0.46964556962025317,0.0,7.166394233703613,0,0,0.0
2,validation,fp32_ablation,0,pre_quantization,90000,1000,90,0.018114338403025208,0.7685564910431445,0.7687699325418043,0.0,0.7199444444444445,2.821486711502075,0,0,0.0
2,validation,fp32_ablation,1,input,79000,1000,79,0.698833971599122,0.9837376647045659,1.2066932969149182,0.46964556962025317,0.0,7.166394233703613,0,0,0.0
2,validation,fp32_ablation,1,output,79000,1000,79,0.991393593201035,1.6306754171749438,1.9083929293567237,0.5479113924050633,0.0,14.805399894714355,0,4,0.05063291139240506
2,validation,fp32_ablation,1,pre_quantization,79000,1000,79,0.698833971599122,0.9837376647045659,1.2066932969149182,0.46964556962025317,0.0,7.166394233703613,0,0,0.0
2,validation,fp32_ablation,2,input,79000,1000,79,0.991393593201035,1.6306754171749438,1.9083929293567237,0.5479113924050633,0.0,14.805399894714355,0,4,0.05063291139240506
2,validation,fp32_ablation,2,output,79000,1000,79,1.4110814538131433,2.440389822989336,2.818980907605679,0.5740253164556962,0.0,20.38991355895996,0,8,0.10126582278481013
2,validation,fp32_ablation,2,pre_quantization,79000,1000,79,0.991393593201035,1.6306754171749438,1.9083929293567237,0.5479113924050633,0.0,14.805399894714355,0,4,0.05063291139240506
2,validation,fp32_ablation,3,input,79000,1000,79,1.4110814538131433,2.440389822989336,2.818980907605679,0.5740253164556962,0.0,20.38991355895996,0,8,0.10126582278481013
2,validation,fp32_ablation,3,output,79000,1000,79,2.0649766732258072,3.384029589720812,3.964313928673249,0.5720759493670886,0.0,29.809972763061523,0,18,0.22784810126582278
2,validation,fp32_ablation,3,pre_quantization,79000,1000,79,1.4110814538131433,2.440389822989336,2.818980907605679,0.5740253164556962,0.0,20.38991355895996,0,8,0.10126582278481013
2,validation,fp32_ablation,4,input,79000,1000,79,2.0649766732258072,3.384029589720812,3.964313928673249,0.5720759493670886,0.0,29.809972763061523,0,18,0.22784810126582278
2,validation,fp32_ablation,4,output,79000,1000,79,2.8596318998337824,5.030628630679751,5.78659822541377,0.5274810126582279,0.0,48.01728057861328,0,12,0.1518987341772152
2,validation,fp32_ablation,4,pre_quantization,79000,1000,79,2.0649766732258072,3.384029589720812,3.964313928673249,0.5720759493670886,0.0,29.809972763061523,0,18,0.22784810126582278
2,validation,fp32_ablation,5,input,79000,1000,79,2.8596318998337824,5.030628630679751,5.78659822541377,0.5274810126582279,0.0,48.01728057861328,0,12,0.1518987341772152
2,validation,fp32_ablation,5,output,79000,1000,79,2.9541579604009005,6.052804364972883,6.735242381357541,0.6685443037974683,0.0,52.6580924987793,0,24,0.3037974683544304
2,validation,fp32_ablation,5,pre_quantization,79000,1000,79,2.8596318998337824,5.030628630679751,5.78659822541377,0.5274810126582279,0.0,48.01728057861328,0,12,0.1518987341772152
2,validation,fp32_ablation,6,input,79000,1000,79,2.9541579604009005,6.052804364972883,6.735242381357541,0.6685443037974683,0.0,52.6580924987793,0,24,0.3037974683544304
2,validation,fp32_ablation,6,output,79000,1000,79,3.854324130707696,6.864262377024145,7.8723511408717535,0.6205443037974684,0.0,55.236732482910156,0,16,0.20253164556962025
2,validation,fp32_ablation,6,pre_quantization,79000,1000,79,2.9541579604009005,6.052804364972883,6.735242381357541,0.6685443037974683,0.0,52.6580924987793,0,24,0.3037974683544304
2,validation,fp32_ablation,7,input,79000,1000,79,3.854324130707696,6.864262377024145,7.8723511408717535,0.6205443037974684,0.0,55.236732482910156,0,16,0.20253164556962025
2,validation,fp32_ablation,7,output,79000,1000,79,4.373055904670256,8.361298279137257,9.43583207025618,0.6049873417721519,0.0,86.57752227783203,0,22,0.27848101265822783
2,validation,fp32_ablation,7,pre_quantization,79000,1000,79,3.854324130707696,6.864262377024145,7.8723511408717535,0.6205443037974684,0.0,55.236732482910156,0,16,0.20253164556962025
2,validation,fp32_ablation,8,input,79000,1000,79,4.373055904670256,8.361298279137257,9.43583207025618,0.6049873417721519,0.0,86.57752227783203,0,22,0.27848101265822783
2,validation,fp32_ablation,8,output,79000,1000,79,4.681099515204951,8.902517260291237,10.058205915621107,0.5951772151898734,0.0,130.46774291992188,0,17,0.21518987341772153
2,validation,fp32_ablation,8,pre_quantization,79000,1000,79,4.373055904670256,8.361298279137257,9.43583207025618,0.6049873417721519,0.0,86.57752227783203,0,22,0.27848101265822783
2,validation,fp32_ablation,9,input,79000,1000,79,4.681099515204951,8.902517260291237,10.058205915621107,0.5951772151898734,0.0,130.46774291992188,0,17,0.21518987341772153
2,validation,fp32_ablation,9,output,79000,1000,79,5.086124378288674,10.860177864219517,11.992169296416138,0.6434936708860759,0.0,146.83859252929688,0,21,0.26582278481012656
2,validation,fp32_ablation,9,pre_quantization,79000,1000,79,4.681099515204951,8.902517260291237,10.058205915621107,0.5951772151898734,0.0,130.46774291992188,0,17,0.21518987341772153
2,validation,fp32_ablation,10,input,79000,1000,79,5.086124378288674,10.860177864219517,11.992169296416138,0.6434936708860759,0.0,146.83859252929688,0,21,0.26582278481012656
2,validation,fp32_ablation,10,output,79000,1000,79,5.022572806376717,11.677095510192833,12.711443550970934,0.6129113924050633,0.0,323.1415710449219,0,17,0.21518987341772153
2,validation,fp32_ablation,10,pre_quantization,79000,1000,79,5.086124378288674,10.860177864219517,11.992169296416138,0.6434936708860759,0.0,146.83859252929688,0,21,0.26582278481012656
2,validation,fp32_ablation,11,input,79000,1000,79,5.022572806376717,11.677095510192833,12.711443550970934,0.6129113924050633,0.0,323.1415710449219,0,17,0.21518987341772153
2,validation,fp32_ablation,11,output,79000,1000,79,4.440117619856403,13.01760159422685,13.75400289894461,0.6885316455696202,0.0,373.9012451171875,0,32,0.4050632911392405
2,validation,fp32_ablation,11,pre_quantization,79000,1000,79,5.022572806376717,11.677095510192833,12.711443550970934,0.6129113924050633,0.0,323.1415710449219,0,17,0.21518987341772153
2,validation,fp32_ablation,12,input,79000,1000,79,4.440117619856403,13.01760159422685,13.75400289894461,0.6885316455696202,0.0,373.9012451171875,0,32,0.4050632911392405
2,validation,fp32_ablation,12,output,79000,1000,79,5.305120630573662,12.992730113192485,14.034077835725332,0.547620253164557,0.0,384.4418029785156,0,23,0.2911392405063291
2,validation,fp32_ablation,12,pre_quantization,79000,1000,79,4.440117619856403,13.01760159422685,13.75400289894461,0.6885316455696202,0.0,373.9012451171875,0,32,0.4050632911392405
2,validation,fp32_ablation,13,input,79000,1000,79,5.305120630573662,12.992730113192485,14.034077835725332,0.547620253164557,0.0,384.4418029785156,0,23,0.2911392405063291
2,validation,fp32_ablation,13,output,79000,1000,79,3.6701652787634633,12.478965046555947,13.007485606626899,0.6452151898734177,0.0,437.2251892089844,0,31,0.3924050632911392
2,validation,fp32_ablation,13,pre_quantization,79000,1000,79,5.305120630573662,12.992730113192485,14.034077835725332,0.547620253164557,0.0,384.4418029785156,0,23,0.2911392405063291
2,validation,fp32_ablation,14,input,79000,1000,79,3.6701652787634633,12.478965046555947,13.007485606626899,0.6452151898734177,0.0,437.2251892089844,0,31,0.3924050632911392
2,validation,fp32_ablation,14,output,79000,1000,79,2.122845517848811,9.313887824263961,9.552747222428911,0.6762025316455696,0.0,359.8138732910156,0,45,0.569620253164557
2,validation,fp32_ablation,14,pre_quantization,79000,1000,79,3.6701652787634633,12.478965046555947,13.007485606626899,0.6452151898734177,0.0,437.2251892089844,0,31,0.3924050632911392
2,validation,fp32_ablation,15,input,79000,1000,79,2.122845517848811,9.313887824263961,9.552747222428911,0.6762025316455696,0.0,359.8138732910156,0,45,0.569620253164557
2,validation,fp32_ablation,15,output,10000,1000,10,-1.5873069419145585,12.56137425893322,12.661266390090697,0.0,0.6153,243.89913940429688,0,0,0.0
2,validation,fp32_ablation,15,pre_quantization,79000,1000,79,2.122845517848811,9.313887824263961,9.552747222428911,0.6762025316455696,0.0,359.8138732910156,0,45,0.569620253164557
2,test,qat_a3,0,input,900000,10000,90,-0.25103932275944285,0.5769831916815389,0.62922996198094,0.11073666666666666,0.6530422222222222,2.1364574432373047,0,0,0.0
2,test,qat_a3,0,output,790000,10000,79,0.6368193632119585,0.8041519044598778,1.0257676085781482,0.406,0.0,6.8231024742126465,0,0,0.0
2,test,qat_a3,0,pre_quantization,900000,10000,90,0.024564697060943944,0.7802178933978041,0.7806045000637667,0.0,0.7195777777777778,2.821486711502075,0,0,0.0
2,test,qat_a3,1,input,790000,10000,79,0.6206846985962572,0.6661592540667622,0.9105040619625547,0.506473417721519,0.0,2.976301908493042,0,0,0.0
2,test,qat_a3,1,output,790000,10000,79,0.7624799936558683,1.1749638164289709,1.4006840152735325,0.516220253164557,0.0,10.803203582763672,0,2,0.02531645569620253
2,test,qat_a3,1,pre_quantization,790000,10000,79,0.6368193632119585,0.8041519044598778,1.0257676085781482,0.406,0.0,6.8231024742126465,0,0,0.0
2,test,qat_a3,2,input,790000,10000,79,0.7486240808835513,0.9701565400741815,1.225414920232102,0.591240506329114,0.0,4.300809383392334,0,6,0.0759493670886076
2,test,qat_a3,2,output,790000,10000,79,0.9025215118808892,1.5547820095462754,1.797746416104485,0.5468379746835443,0.0,13.578855514526367,0,1,0.012658227848101266
2,test,qat_a3,2,pre_quantization,790000,10000,79,0.7624799936558683,1.1749638164289709,1.4006840152735325,0.516220253164557,0.0,10.803203582763672,0,2,0.02531645569620253
2,test,qat_a3,3,input,790000,10000,79,0.885198417687416,1.2619388374981755,1.5414492752804263,0.6267784810126582,0.0,6.043371677398682,0,5,0.06329113924050633
2,test,qat_a3,3,output,790000,10000,79,1.16906145006542,1.880348203834138,2.2141395714117325,0.5463379746835443,0.0,14.851373672485352,0,4,0.05063291139240506
2,test,qat_a3,3,pre_quantization,790000,10000,79,0.9025215118808892,1.5547820095462754,1.797746416104485,0.5468379746835443,0.0,13.578855514526367,0,1,0.012658227848101266
2,test,qat_a3,4,input,790000,10000,79,1.1510686794529987,1.6215256809744842,1.9885433459890773,0.6128822784810126,0.0,7.519322872161865,0,5,0.06329113924050633
2,test,qat_a3,4,output,790000,10000,79,1.465816638252969,2.5899925590401436,2.9760174517066504,0.5138531645569621,0.0,29.91927146911621,0,2,0.02531645569620253
2,test,qat_a3,4,pre_quantization,790000,10000,79,1.16906145006542,1.880348203834138,2.2141395714117325,0.5463379746835443,0.0,14.851373672485352,0,4,0.05063291139240506
2,test,qat_a3,5,input,790000,10000,79,1.4339159030020237,1.980598446166574,2.4451758672618125,0.5998987341772152,0.0,9.563467979431152,0,7,0.08860759493670886
2,test,qat_a3,5,output,790000,10000,79,1.283843200268378,2.5971602130973084,2.8971528325877127,0.6394810126582279,0.0,30.149049758911133,0,3,0.0379746835443038
2,test,qat_a3,5,pre_quantization,790000,10000,79,1.465816638252969,2.5899925590401436,2.9760174517066504,0.5138531645569621,0.0,29.91927146911621,0,2,0.02531645569620253
2,test,qat_a3,6,input,790000,10000,79,1.269253092928627,2.153097744801345,2.499366582271901,0.6884987341772152,0.0,12.840292930603027,0,3,0.0379746835443038
2,test,qat_a3,6,output,790000,10000,79,1.5842504760736413,2.667621650671814,3.1025884100332375,0.5470886075949367,0.0,31.75852394104004,0,4,0.05063291139240506
2,test,qat_a3,6,pre_quantization,790000,10000,79,1.283843200268378,2.5971602130973084,2.8971528325877127,0.6394810126582279,0.0,30.149049758911133,0,3,0.0379746835443038
2,test,qat_a3,7,input,790000,10000,79,1.56138841824524,2.2492922260128583,2.738110536598596,0.6072379746835443,0.0,14.006762504577637,0,5,0.06329113924050633
2,test,qat_a3,7,output,790000,10000,79,1.3642676218228635,2.7555172356598865,3.0747522469254194,0.6120594936708861,0.0,36.30270767211914,0,3,0.0379746835443038
2,test,qat_a3,7,pre_quantization,790000,10000,79,1.5842504760736413,2.667621650671814,3.1025884100332375,0.5470886075949367,0.0,31.75852394104004,0,4,0.05063291139240506
2,test,qat_a3,8,input,790000,10000,79,1.3442958704456498,2.280607882100537,2.647320097607451,0.6722316455696202,0.0,19.563499450683594,0,6,0.0759493670886076
2,test,qat_a3,8,output,790000,10000,79,1.3585110107863974,2.5485267197478394,2.887999412689788,0.5544746835443038,0.0,51.45256423950195,0,1,0.012658227848101266
2,test,qat_a3,8,pre_quantization,790000,10000,79,1.3642676218228635,2.7555172356598865,3.0747522469254194,0.6120594936708861,0.0,36.30270767211914,0,3,0.0379746835443038
2,test,qat_a3,9,input,790000,10000,79,1.337843153751349,2.135918345793571,2.5203117830809942,0.6135632911392405,0.0,22.69194793701172,0,1,0.012658227848101266
2,test,qat_a3,9,output,790000,10000,79,1.1439941835116765,2.65928054409003,2.894908583027159,0.6232468354430379,0.0,71.0547103881836,0,0,0.0
2,test,qat_a3,9,pre_quantization,790000,10000,79,1.3585110107863974,2.5485267197478394,2.887999412689788,0.5544746835443038,0.0,51.45256423950195,0,1,0.012658227848101266
2,test,qat_a3,10,input,790000,10000,79,1.1263799931917764,2.160323435237154,2.436335205569538,0.6813632911392405,0.0,24.376007080078125,0,0,0.0
2,test,qat_a3,10,output,790000,10000,79,1.0372753049527632,2.5357300441556636,2.7396837253775357,0.5698784810126583,0.0,72.93949890136719,0,0,0.0
2,test,qat_a3,10,pre_quantization,790000,10000,79,1.1439941835116765,2.65928054409003,2.894908583027159,0.6232468354430379,0.0,71.0547103881836,0,0,0.0
2,test,qat_a3,11,input,790000,10000,79,1.0197582089961708,2.10002846229858,2.334529148946146,0.636726582278481,0.0,27.274133682250977,0,0,0.0
2,test,qat_a3,11,output,790000,10000,79,0.7230463443745554,2.378796767927613,2.4862562376425053,0.6459506329113924,0.0,91.41593933105469,0,2,0.02531645569620253
2,test,qat_a3,11,pre_quantization,790000,10000,79,1.0372753049527632,2.5357300441556636,2.7396837253775357,0.5698784810126583,0.0,72.93949890136719,0,0,0.0
2,test,qat_a3,12,input,790000,10000,79,0.713758617711369,1.9440807078982651,2.0709662390245436,0.6945430379746835,0.0,31.54127311706543,0,2,0.02531645569620253
2,test,qat_a3,12,output,790000,10000,79,0.7046115158396691,2.1339022849727516,2.2472241432633746,0.5604088607594937,0.0,86.76599884033203,0,0,0.0
2,test,qat_a3,12,pre_quantization,790000,10000,79,0.7230463443745554,2.378796767927613,2.4862562376425053,0.6459506329113924,0.0,91.41593933105469,0,2,0.02531645569620253
2,test,qat_a3,13,input,790000,10000,79,0.6934488594218523,1.7534351120679241,1.8855784292535067,0.6261151898734177,0.0,28.434616088867188,0,0,0.0
2,test,qat_a3,13,output,790000,10000,79,0.4691270914693388,1.6229217591858927,1.689365343668892,0.6270240506329114,0.0,62.353858947753906,0,0,0.0
2,test,qat_a3,13,pre_quantization,790000,10000,79,0.7046115158396691,2.1339022849727516,2.2472241432633746,0.5604088607594937,0.0,86.76599884033203,0,0,0.0
2,test,qat_a3,14,input,790000,10000,79,0.4631081396306806,1.3507477444831446,1.4279315873733212,0.6734645569620253,0.0,21.950788497924805,0,3,0.0379746835443038
2,test,qat_a3,14,output,790000,10000,79,0.2629187492336266,1.049844672074815,1.0822661891523961,0.6567493670886076,0.0,45.31593704223633,0,0,0.0
2,test,qat_a3,14,pre_quantization,790000,10000,79,0.4691270914693388,1.6229217591858927,1.689365343668892,0.6270240506329114,0.0,62.353858947753906,0,0,0.0
2,test,qat_a3,15,input,790000,10000,79,0.2602014957478812,0.8345828638735768,0.8742044240684532,0.6982556962025317,0.0,14.55215835571289,0,0,0.0
2,test,qat_a3,15,output,100000,10000,10,-0.0215053321576101,0.966334492094026,0.9665737581384197,0.0,0.54035,18.013442993164062,0,0,0.0
2,test,qat_a3,15,pre_quantization,790000,10000,79,0.2629187492336266,1.049844672074815,1.0822661891523961,0.6567493670886076,0.0,45.31593704223633,0,0,0.0
2,test,fp32_ablation,0,input,900000,10000,90,0.024564697060943944,0.7802178933978041,0.7806045000637667,0.0,0.7195777777777778,2.821486711502075,0,0,0.0
2,test,fp32_ablation,0,output,790000,10000,79,0.714926019851346,1.005280538249935,1.2335753622882415,0.4702911392405063,0.0,7.760998725891113,0,0,0.0
2,test,fp32_ablation,0,pre_quantization,900000,10000,90,0.024564697060943944,0.7802178933978041,0.7806045000637667,0.0,0.7195777777777778,2.821486711502075,0,0,0.0
2,test,fp32_ablation,1,input,790000,10000,79,0.714926019851346,1.005280538249935,1.2335753622882415,0.4702911392405063,0.0,7.760998725891113,0,0,0.0
2,test,fp32_ablation,1,output,790000,10000,79,1.0143066552016777,1.6717307189583992,1.9553776073934113,0.5508860759493671,0.0,14.930846214294434,0,2,0.02531645569620253
2,test,fp32_ablation,1,pre_quantization,790000,10000,79,0.714926019851346,1.005280538249935,1.2335753622882415,0.4702911392405063,0.0,7.760998725891113,0,0,0.0
2,test,fp32_ablation,2,input,790000,10000,79,1.0143066552016777,1.6717307189583992,1.9553776073934113,0.5508860759493671,0.0,14.930846214294434,0,2,0.02531645569620253
2,test,fp32_ablation,2,output,790000,10000,79,1.448736930042434,2.509018514570212,2.8972422402907374,0.5758227848101266,0.0,21.403818130493164,0,7,0.08860759493670886
2,test,fp32_ablation,2,pre_quantization,790000,10000,79,1.0143066552016777,1.6717307189583992,1.9553776073934113,0.5508860759493671,0.0,14.930846214294434,0,2,0.02531645569620253
2,test,fp32_ablation,3,input,790000,10000,79,1.448736930042434,2.509018514570212,2.8972422402907374,0.5758227848101266,0.0,21.403818130493164,0,7,0.08860759493670886
2,test,fp32_ablation,3,output,790000,10000,79,2.1223943392610933,3.4760835539350072,4.0728018126671675,0.5723645569620253,0.0,30.52161979675293,0,15,0.189873417721519
2,test,fp32_ablation,3,pre_quantization,790000,10000,79,1.448736930042434,2.509018514570212,2.8972422402907374,0.5758227848101266,0.0,21.403818130493164,0,7,0.08860759493670886
2,test,fp32_ablation,4,input,790000,10000,79,2.1223943392610933,3.4760835539350072,4.0728018126671675,0.5723645569620253,0.0,30.52161979675293,0,15,0.189873417721519
2,test,fp32_ablation,4,output,790000,10000,79,2.9407257087586265,5.164660349749671,5.943196465070822,0.5273607594936709,0.0,52.85190200805664,0,12,0.1518987341772152
2,test,fp32_ablation,4,pre_quantization,790000,10000,79,2.1223943392610933,3.4760835539350072,4.0728018126671675,0.5723645569620253,0.0,30.52161979675293,0,15,0.189873417721519
2,test,fp32_ablation,5,input,790000,10000,79,2.9407257087586265,5.164660349749671,5.943196465070822,0.5273607594936709,0.0,52.85190200805664,0,12,0.1518987341772152
2,test,fp32_ablation,5,output,790000,10000,79,3.043625870277755,6.226562915517852,6.930638078786555,0.6684316455696202,0.0,57.5876350402832,0,24,0.3037974683544304
2,test,fp32_ablation,5,pre_quantization,790000,10000,79,2.9407257087586265,5.164660349749671,5.943196465070822,0.5273607594936709,0.0,52.85190200805664,0,12,0.1518987341772152
2,test,fp32_ablation,6,input,790000,10000,79,3.043625870277755,6.226562915517852,6.930638078786555,0.6684316455696202,0.0,57.5876350402832,0,24,0.3037974683544304
2,test,fp32_ablation,6,output,790000,10000,79,3.981583931515248,7.087517177981969,8.129324101786686,0.6211316455696203,0.0,55.3714714050293,0,16,0.20253164556962025
2,test,fp32_ablation,6,pre_quantization,790000,10000,79,3.043625870277755,6.226562915517852,6.930638078786555,0.6684316455696202,0.0,57.5876350402832,0,24,0.3037974683544304
2,test,fp32_ablation,7,input,790000,10000,79,3.981583931515248,7.087517177981969,8.129324101786686,0.6211316455696203,0.0,55.3714714050293,0,16,0.20253164556962025
2,test,fp32_ablation,7,output,790000,10000,79,4.538554191891223,8.670701997409374,9.786702574443156,0.6055240506329114,0.0,87.81513214111328,0,22,0.27848101265822783
2,test,fp32_ablation,7,pre_quantization,790000,10000,79,3.981583931515248,7.087517177981969,8.129324101786686,0.6211316455696203,0.0,55.3714714050293,0,16,0.20253164556962025
2,test,fp32_ablation,8,input,790000,10000,79,4.538554191891223,8.670701997409374,9.786702574443156,0.6055240506329114,0.0,87.81513214111328,0,22,0.27848101265822783
2,test,fp32_ablation,8,output,790000,10000,79,4.884111397887659,9.343316675861326,10.54287013352647,0.5946012658227848,0.0,129.54869079589844,0,17,0.21518987341772153
2,test,fp32_ablation,8,pre_quantization,790000,10000,79,4.538554191891223,8.670701997409374,9.786702574443156,0.6055240506329114,0.0,87.81513214111328,0,22,0.27848101265822783
2,test,fp32_ablation,9,input,790000,10000,79,4.884111397887659,9.343316675861326,10.54287013352647,0.5946012658227848,0.0,129.54869079589844,0,17,0.21518987341772153
2,test,fp32_ablation,9,output,790000,10000,79,5.328110251203542,11.414246384156712,12.596578081654352,0.6434455696202531,0.0,146.4539794921875,0,20,0.25316455696202533
2,test,fp32_ablation,9,pre_quantization,790000,10000,79,4.884111397887659,9.343316675861326,10.54287013352647,0.5946012658227848,0.0,129.54869079589844,0,17,0.21518987341772153
2,test,fp32_ablation,10,input,790000,10000,79,5.328110251203542,11.414246384156712,12.596578081654352,0.6434455696202531,0.0,146.4539794921875,0,20,0.25316455696202533
2,test,fp32_ablation,10,output,790000,10000,79,5.292261612267056,12.47970958463304,13.555485394830288,0.6126746835443038,0.0,321.5455627441406,0,17,0.21518987341772153
2,test,fp32_ablation,10,pre_quantization,790000,10000,79,5.328110251203542,11.414246384156712,12.596578081654352,0.6434455696202531,0.0,146.4539794921875,0,20,0.25316455696202533
2,test,fp32_ablation,11,input,790000,10000,79,5.292261612267056,12.47970958463304,13.555485394830288,0.6126746835443038,0.0,321.5455627441406,0,17,0.21518987341772153
2,test,fp32_ablation,11,output,790000,10000,79,4.7068202792904765,14.089756873576533,14.855147454604321,0.6889253164556962,0.0,372.03045654296875,0,31,0.3924050632911392
2,test,fp32_ablation,11,pre_quantization,790000,10000,79,5.292261612267056,12.47970958463304,13.555485394830288,0.6126746835443038,0.0,321.5455627441406,0,17,0.21518987341772153
2,test,fp32_ablation,12,input,790000,10000,79,4.7068202792904765,14.089756873576533,14.855147454604321,0.6889253164556962,0.0,372.03045654296875,0,31,0.3924050632911392
2,test,fp32_ablation,12,output,790000,10000,79,5.600166394047095,14.128692137473461,15.1980855753782,0.5476113924050633,0.0,382.8379821777344,0,22,0.27848101265822783
2,test,fp32_ablation,12,pre_quantization,790000,10000,79,4.7068202792904765,14.089756873576533,14.855147454604321,0.6889253164556962,0.0,372.03045654296875,0,31,0.3924050632911392
2,test,fp32_ablation,13,input,790000,10000,79,5.600166394047095,14.128692137473461,15.1980855753782,0.5476113924050633,0.0,382.8379821777344,0,22,0.27848101265822783
2,test,fp32_ablation,13,output,790000,10000,79,3.9134429866226803,13.65328335539181,14.203069470792759,0.6450924050632911,0.0,435.234619140625,0,29,0.3670886075949367
2,test,fp32_ablation,13,pre_quantization,790000,10000,79,5.600166394047095,14.128692137473461,15.1980855753782,0.5476113924050633,0.0,382.8379821777344,0,22,0.27848101265822783
2,test,fp32_ablation,14,input,790000,10000,79,3.9134429866226803,13.65328335539181,14.203069470792759,0.6450924050632911,0.0,435.234619140625,0,29,0.3670886075949367
2,test,fp32_ablation,14,output,790000,10000,79,2.279340536745128,10.266639022153882,10.516618757645558,0.6760037974683545,0.0,358.2181091308594,0,44,0.5569620253164557
2,test,fp32_ablation,14,pre_quantization,790000,10000,79,3.9134429866226803,13.65328335539181,14.203069470792759,0.6450924050632911,0.0,435.234619140625,0,29,0.3670886075949367
2,test,fp32_ablation,15,input,790000,10000,79,2.279340536745128,10.266639022153882,10.516618757645558,0.6760037974683545,0.0,358.2181091308594,0,44,0.5569620253164557
2,test,fp32_ablation,15,output,100000,10000,10,-1.7270398095680772,13.88944122366766,13.996401109197734,0.0,0.61573,242.83175659179688,0,0,0.0
2,test,fp32_ablation,15,pre_quantization,790000,10000,79,2.279340536745128,10.266639022153882,10.516618757645558,0.6760037974683545,0.0,358.2181091308594,0,44,0.5569620253164557
