epoch,layer,matrix,batches,mean_gradient_norm,max_gradient_norm,zero_gradient_batches,gradient_before_clipping,partial_epoch
1,0,W_in,79,0.9960080709638475,2.415337562561035,0,True,False
1,1,block0.W1,79,0.5686951736106148,1.4586573839187622,0,True,False
1,2,block0.W2,79,0.5579844056805477,1.31693434715271,0,True,False
1,3,block1.W1,79,0.4460149131998231,1.1506191492080688,0,True,False
1,4,block1.W2,79,0.4338808440709416,0.9981352090835571,0,True,False
1,5,block2.W1,79,0.3277037917058679,0.6689550876617432,0,True,False
1,6,block2.W2,79,0.3197369386878195,0.5349350571632385,0,True,False
1,7,block3.W1,79,0.2598940909286089,0.508258044719696,0,True,False
1,8,block3.W2,79,0.26365791770476327,0.4241747558116913,0,True,False
1,9,block4.W1,79,0.2154776621845704,0.4014423191547394,0,True,False
1,10,block4.W2,79,0.21792125777353213,0.3835434317588806,0,True,False
1,11,block5.W1,79,0.18743569083228895,0.31060951948165894,0,True,False
1,12,block5.W2,79,0.19008110416463658,0.3576797544956207,0,True,False
1,13,block6.W1,79,0.1663775964628292,0.3243253529071808,0,True,False
1,14,block6.W2,79,0.17144954280008243,0.3387411832809448,0,True,False
1,15,block7.W1,79,0.1425941465776178,0.25334927439689636,0,True,False
1,16,block7.W2,79,0.1546526490887509,0.26935866475105286,0,True,False
1,17,W_out,79,0.6650134509877313,1.409375786781311,0,True,False
2,0,W_in,79,1.103920501244219,1.8789974451065063,0,True,False
2,1,block0.W1,79,0.6395186272603047,1.0767691135406494,0,True,False
2,2,block0.W2,79,0.5984330256528492,1.0279443264007568,0,True,False
2,3,block1.W1,79,0.47539734255663957,0.7505455613136292,0,True,False
2,4,block1.W2,79,0.4499486847014367,0.692733883857727,0,True,False
2,5,block2.W1,79,0.333487006116517,0.48765021562576294,0,True,False
2,6,block2.W2,79,0.3041698983575724,0.45661231875419617,0,True,False
2,7,block3.W1,79,0.25723928005634983,0.37162867188453674,0,True,False
2,8,block3.W2,79,0.24851248045510885,0.4135804772377014,0,True,False
2,9,block4.W1,79,0.19959726071433176,0.29197555780410767,0,True,False
2,10,block4.W2,79,0.1960408385795883,0.29806414246559143,0,True,False
2,11,block5.W1,79,0.1554586921311632,0.2195151001214981,0,True,False
2,12,block5.W2,79,0.14258697468645964,0.20401008427143097,0,True,False
2,13,block6.W1,79,0.12191174764044677,0.17523473501205444,0,True,False
2,14,block6.W2,79,0.11518476431882835,0.1943151205778122,0,True,False
2,15,block7.W1,79,0.09783239247678202,0.134231299161911,0,True,False
2,16,block7.W2,79,0.09881091188592246,0.1548365205526352,0,True,False
2,17,W_out,79,0.3172001429373705,0.4768080711364746,0,True,False
3,0,W_in,79,1.2198142356510404,2.407299757003784,0,True,False
3,1,block0.W1,79,0.6792525600028944,1.333509922027588,0,True,False
3,2,block0.W2,79,0.6302430229850963,1.252699613571167,0,True,False
3,3,block1.W1,79,0.49491336451301093,0.9053001999855042,0,True,False
3,4,block1.W2,79,0.4739040649389919,0.8790243864059448,0,True,False
3,5,block2.W1,79,0.3516680900054642,0.5840124487876892,0,True,False
3,6,block2.W2,79,0.31660708634159235,0.5361449718475342,0,True,False
3,7,block3.W1,79,0.26667033192477646,0.4307416081428528,0,True,False
3,8,block3.W2,79,0.2630058668459518,0.4727400541305542,0,True,False
3,9,block4.W1,79,0.20548773736138887,0.32034727931022644,0,True,False
3,10,block4.W2,79,0.20865336862168735,0.38643553853034973,0,True,False
3,11,block5.W1,79,0.16135959346083145,0.2570802569389343,0,True,False
3,12,block5.W2,79,0.15049676285891594,0.2442941814661026,0,True,False
3,13,block6.W1,79,0.12839515384616731,0.21050570905208588,0,True,False
3,14,block6.W2,79,0.11741195590812949,0.21754573285579681,0,True,False
3,15,block7.W1,79,0.10061628899619549,0.15632259845733643,0,True,False
3,16,block7.W2,79,0.09985728774078284,0.14959989488124847,0,True,False
3,17,W_out,79,0.287963946220241,0.4848478138446808,0,True,False
4,0,W_in,79,1.233096121232721,5.6484222412109375,0,True,False
4,1,block0.W1,79,0.6806783004652096,3.039031505584717,0,True,False
4,2,block0.W2,79,0.6240406568291821,2.5764899253845215,0,True,False
4,3,block1.W1,79,0.4879508271247526,1.9886136054992676,0,True,False
4,4,block1.W2,79,0.44684775343424155,1.7726930379867554,0,True,False
4,5,block2.W1,79,0.3456069513966766,1.3515409231185913,0,True,False
4,6,block2.W2,79,0.31015863543069816,1.1433855295181274,0,True,False
4,7,block3.W1,79,0.26959294590014443,0.9530323147773743,0,True,False
4,8,block3.W2,79,0.2543333514204508,1.1314204931259155,0,True,False
4,9,block4.W1,79,0.20719520775954933,0.8417511582374573,0,True,False
4,10,block4.W2,79,0.19583096289182012,0.7457780838012695,0,True,False
4,11,block5.W1,79,0.15964085278631765,0.5830678939819336,0,True,False
4,12,block5.W2,79,0.14017178231402289,0.43962159752845764,0,True,False
4,13,block6.W1,79,0.12516751489307307,0.43515992164611816,0,True,False
4,14,block6.W2,79,0.11070203436892244,0.38048800826072693,0,True,False
4,15,block7.W1,79,0.09792843715676779,0.3704714775085449,0,True,False
4,16,block7.W2,79,0.092590424220396,0.33311671018600464,0,True,False
4,17,W_out,79,0.25474411928201024,0.8925536274909973,0,True,False
5,0,W_in,79,1.2839646490314338,6.926762104034424,0,True,False
5,1,block0.W1,79,0.7040596068659916,3.618053913116455,0,True,False
5,2,block0.W2,79,0.6277934388269352,2.7137656211853027,0,True,False
5,3,block1.W1,79,0.501490096314044,2.349412679672241,0,True,False
5,4,block1.W2,79,0.458462210961535,2.190568685531616,0,True,False
5,5,block2.W1,79,0.355413826583307,1.7410757541656494,0,True,False
5,6,block2.W2,79,0.3174666905704933,1.4366164207458496,0,True,False
5,7,block3.W1,79,0.27374312668284284,1.2935045957565308,0,True,False
5,8,block3.W2,79,0.26324367174242114,1.3143631219863892,0,True,False
5,9,block4.W1,79,0.2110842764377594,1.0314167737960815,0,True,False
5,10,block4.W2,79,0.20209512388027168,0.9552040100097656,0,True,False
5,11,block5.W1,79,0.164184621051897,0.7718916535377502,0,True,False
5,12,block5.W2,79,0.14220391600569593,0.6339035034179688,0,True,False
5,13,block6.W1,79,0.12734358130565174,0.5980483293533325,0,True,False
5,14,block6.W2,79,0.11799476074078415,0.529312252998352,0,True,False
5,15,block7.W1,79,0.10105242533019826,0.44164493680000305,0,True,False
5,16,block7.W2,79,0.09534347151653676,0.38817474246025085,0,True,False
5,17,W_out,79,0.25159377878225303,0.9947189092636108,0,True,False
6,0,W_in,79,1.2111959819552265,2.3972606658935547,0,True,False
6,1,block0.W1,79,0.6617483832413638,1.2185043096542358,0,True,False
6,2,block0.W2,79,0.5983966939811465,1.254579782485962,0,True,False
6,3,block1.W1,79,0.4724312696275832,0.8960378766059875,0,True,False
6,4,block1.W2,79,0.43321068830127957,0.9636062979698181,0,True,False
6,5,block2.W1,79,0.33638680509374114,0.6078990697860718,0,True,False
6,6,block2.W2,79,0.31535604482964624,0.6309388279914856,0,True,False
6,7,block3.W1,79,0.26567271163191974,0.5065705180168152,0,True,False
6,8,block3.W2,79,0.24954847406737413,0.5252444744110107,0,True,False
6,9,block4.W1,79,0.2080624999502037,0.3782441318035126,0,True,False
6,10,block4.W2,79,0.19202583311479302,0.39443087577819824,0,True,False
6,11,block5.W1,79,0.16128879804399948,0.3541600704193115,0,True,False
6,12,block5.W2,79,0.14093308122474937,0.2887307405471802,0,True,False
6,13,block6.W1,79,0.12693620284524146,0.29325219988822937,0,True,False
6,14,block6.W2,79,0.11539950330234781,0.26895609498023987,0,True,False
6,15,block7.W1,79,0.09838178900035122,0.19521506130695343,0,True,False
6,16,block7.W2,79,0.09292701867562306,0.2040475606918335,0,True,False
6,17,W_out,79,0.24345145553727693,0.6848199367523193,0,True,False
7,0,W_in,79,1.123445994114574,3.488285779953003,0,True,False
7,1,block0.W1,79,0.6141625944572159,1.6889358758926392,0,True,False
7,2,block0.W2,79,0.5597549967373474,1.1914267539978027,0,True,False
7,3,block1.W1,79,0.4424563163443457,1.366628646850586,0,True,False
7,4,block1.W2,79,0.3923953750842734,0.9712551236152649,0,True,False
7,5,block2.W1,79,0.3213224709033966,0.8799725770950317,0,True,False
7,6,block2.W2,79,0.28473117089346994,0.844890832901001,0,True,False
7,7,block3.W1,79,0.2543457495638087,0.7638294100761414,0,True,False
7,8,block3.W2,79,0.2370361605588394,0.7888095378875732,0,True,False
7,9,block4.W1,79,0.1924553716295882,0.6082608699798584,0,True,False
7,10,block4.W2,79,0.1751003624234773,0.48794448375701904,0,True,False
7,11,block5.W1,79,0.15074666792267485,0.3804626166820526,0,True,False
7,12,block5.W2,79,0.12693801107285899,0.35135340690612793,0,True,False
7,13,block6.W1,79,0.11808906566304496,0.40872830152511597,0,True,False
7,14,block6.W2,79,0.1038567428536053,0.30407774448394775,0,True,False
7,15,block7.W1,79,0.0920385878203036,0.38716328144073486,0,True,False
7,16,block7.W2,79,0.08445924737408192,0.33609557151794434,0,True,False
7,17,W_out,79,0.21153635512801666,0.7174882292747498,0,True,False
8,0,W_in,79,1.1588534214828587,5.752755641937256,0,True,False
8,1,block0.W1,79,0.6292968490455724,2.9785311222076416,0,True,False
8,2,block0.W2,79,0.5556418373237683,2.4455816745758057,0,True,False
8,3,block1.W1,79,0.44971011748796774,1.986786961555481,0,True,False
8,4,block1.W2,79,0.3944137373679801,1.694782018661499,0,True,False
8,5,block2.W1,79,0.3304029823858527,1.3404862880706787,0,True,False
8,6,block2.W2,79,0.2912535365623764,1.0003101825714111,0,True,False
8,7,block3.W1,79,0.24773097179735762,0.8818039894104004,0,True,False
8,8,block3.W2,79,0.23575942152285878,0.7720330357551575,0,True,False
8,9,block4.W1,79,0.19505339776036107,0.7707998156547546,0,True,False
8,10,block4.W2,79,0.18027918267099163,0.6074484586715698,0,True,False
8,11,block5.W1,79,0.1549275600457493,0.6068508625030518,0,True,False
8,12,block5.W2,79,0.13099794523625435,0.49768418073654175,0,True,False
8,13,block6.W1,79,0.11842948490683036,0.45112156867980957,0,True,False
8,14,block6.W2,79,0.10382333020620708,0.4150772988796234,0,True,False
8,15,block7.W1,79,0.09173364333714111,0.34057921171188354,0,True,False
8,16,block7.W2,79,0.08228689620766459,0.3122778832912445,0,True,False
8,17,W_out,79,0.2047904945815666,0.888997495174408,0,True,False
9,0,W_in,79,1.3259017708935315,2.517775774002075,0,True,False
9,1,block0.W1,79,0.6982052326202393,1.289313554763794,0,True,False
9,2,block0.W2,79,0.6199930806325961,1.286912441253662,0,True,False
9,3,block1.W1,79,0.492377432275422,0.9324569702148438,0,True,False
9,4,block1.W2,79,0.4466937546488605,0.859865665435791,0,True,False
9,5,block2.W1,79,0.35303101566018935,0.5791702270507812,0,True,False
9,6,block2.W2,79,0.3226113836222057,0.5558104515075684,0,True,False
9,7,block3.W1,79,0.28034434024291705,0.479852557182312,0,True,False
9,8,block3.W2,79,0.2733700568728809,0.47653549909591675,0,True,False
9,9,block4.W1,79,0.21675396191922924,0.34862056374549866,0,True,False
9,10,block4.W2,79,0.2145034330366533,0.3752385377883911,0,True,False
9,11,block5.W1,79,0.1703272407190709,0.26370444893836975,0,True,False
9,12,block5.W2,79,0.1508572523163844,0.26996904611587524,0,True,False
9,13,block6.W1,79,0.13374851521434664,0.21278560161590576,0,True,False
9,14,block6.W2,79,0.12515576584618301,0.20471525192260742,0,True,False
9,15,block7.W1,79,0.10325626793164241,0.1658770740032196,0,True,False
9,16,block7.W2,79,0.09220623672951626,0.15438565611839294,0,True,False
9,17,W_out,79,0.2367776688895648,0.41613447666168213,0,True,False
10,0,W_in,79,1.080976772911941,1.9262367486953735,0,True,False
10,1,block0.W1,79,0.5830129119037073,1.0753328800201416,0,True,False
10,2,block0.W2,79,0.5077496204949632,0.9850846529006958,0,True,False
10,3,block1.W1,79,0.4119837367081944,0.7358307242393494,0,True,False
10,4,block1.W2,79,0.35926108854480937,0.6119344830513,0,True,False
10,5,block2.W1,79,0.2952116724056534,0.5011510252952576,0,True,False
10,6,block2.W2,79,0.26555409197565877,0.5111033916473389,0,True,False
10,7,block3.W1,79,0.23678277300882944,0.39056286215782166,0,True,False
10,8,block3.W2,79,0.22153149130223673,0.36812055110931396,0,True,False
10,9,block4.W1,79,0.1858263027064408,0.29877176880836487,0,True,False
10,10,block4.W2,79,0.17117480848786198,0.3029772639274597,0,True,False
10,11,block5.W1,79,0.1447002343550513,0.23707720637321472,0,True,False
10,12,block5.W2,79,0.123133184930569,0.21596528589725494,0,True,False
10,13,block6.W1,79,0.11350305614214909,0.17415770888328552,0,True,False
10,14,block6.W2,79,0.09945792539776126,0.16587601602077484,0,True,False
10,15,block7.W1,79,0.08707552714438378,0.13840752840042114,0,True,False
10,16,block7.W2,79,0.0771740230295477,0.14112341403961182,0,True,False
10,17,W_out,79,0.19060988677076146,0.29442447423934937,0,True,False
11,0,W_in,79,1.0110885459410994,1.8603657484054565,0,True,False
11,1,block0.W1,79,0.5434218116953403,1.047868251800537,0,True,False
11,2,block0.W2,79,0.4680905479796325,0.7967706322669983,0,True,False
11,3,block1.W1,79,0.383595008827463,0.6296679973602295,0,True,False
11,4,block1.W2,79,0.3319326235523707,0.5201370716094971,0,True,False
11,5,block2.W1,79,0.2841267663089535,0.43904271721839905,0,True,False
11,6,block2.W2,79,0.251557392315774,0.4095156192779541,0,True,False
11,7,block3.W1,79,0.21863516646472714,0.3283024728298187,0,True,False
11,8,block3.W2,79,0.20193718034255353,0.3053918182849884,0,True,False
11,9,block4.W1,79,0.17317419980145707,0.24950011074543,0,True,False
11,10,block4.W2,79,0.15604385969382298,0.24042458832263947,0,True,False
11,11,block5.W1,79,0.1364921171548246,0.2075061947107315,0,True,False
11,12,block5.W2,79,0.11291544587363171,0.19466999173164368,0,True,False
11,13,block6.W1,79,0.10417993923154058,0.1546073704957962,0,True,False
11,14,block6.W2,79,0.0874455753195135,0.13417883217334747,0,True,False
11,15,block7.W1,79,0.07912250754388073,0.12589970231056213,0,True,False
11,16,block7.W2,79,0.06917228514352176,0.12060603499412537,0,True,False
11,17,W_out,79,0.16350180137006542,0.25130119919776917,0,True,False
12,0,W_in,79,1.1512932275669485,2.747037410736084,0,True,False
12,1,block0.W1,79,0.6322974098634117,1.6446702480316162,0,True,False
12,2,block0.W2,79,0.5398026050268849,1.1700596809387207,0,True,False
12,3,block1.W1,79,0.44657591343680514,0.9392386078834534,0,True,False
12,4,block1.W2,79,0.38888424625502355,0.8029512763023376,0,True,False
12,5,block2.W1,79,0.3283855279412451,0.697335958480835,0,True,False
12,6,block2.W2,79,0.2810178045419198,0.6318497061729431,0,True,False
12,7,block3.W1,79,0.2601675769384903,0.6163074970245361,0,True,False
12,8,block3.W2,79,0.2366691348673422,0.4787992835044861,0,True,False
12,9,block4.W1,79,0.20247829186765454,0.41900667548179626,0,True,False
12,10,block4.W2,79,0.17621409223426746,0.36451077461242676,0,True,False
12,11,block5.W1,79,0.15526360329947894,0.3247581720352173,0,True,False
12,12,block5.W2,79,0.12616197486655623,0.27817749977111816,0,True,False
12,13,block6.W1,79,0.11860533638656894,0.22178663313388824,0,True,False
12,14,block6.W2,79,0.09954057039716575,0.19044536352157593,0,True,False
12,15,block7.W1,79,0.09111729342066034,0.1696029156446457,0,True,False
12,16,block7.W2,79,0.07707641997575006,0.1563602238893509,0,True,False
12,17,W_out,79,0.1805618703365326,0.34644919633865356,0,True,False
13,0,W_in,79,0.9297678104684323,2.544121026992798,0,True,False
13,1,block0.W1,79,0.500835764445836,1.2648857831954956,0,True,False
13,2,block0.W2,79,0.4306382467097874,1.0540436506271362,0,True,False
13,3,block1.W1,79,0.36109577043901514,0.9950835108757019,0,True,False
13,4,block1.W2,79,0.30736701869511907,0.9429116249084473,0,True,False
13,5,block2.W1,79,0.2704106808840474,0.8172023892402649,0,True,False
13,6,block2.W2,79,0.24123711751986154,0.7085086107254028,0,True,False
13,7,block3.W1,79,0.21680306001931807,0.700263500213623,0,True,False
13,8,block3.W2,79,0.19249107207678542,0.6645483374595642,0,True,False
13,9,block4.W1,79,0.16728422036276588,0.5671119689941406,0,True,False
13,10,block4.W2,79,0.146200400458861,0.4597415030002594,0,True,False
13,11,block5.W1,79,0.13070288715483266,0.559685468673706,0,True,False
13,12,block5.W2,79,0.1058402806520462,0.4413374662399292,0,True,False
13,13,block6.W1,79,0.09871975888934316,0.42742663621902466,0,True,False
13,14,block6.W2,79,0.08426661598437195,0.32709431648254395,0,True,False
13,15,block7.W1,79,0.07505387860008433,0.2735397517681122,0,True,False
13,16,block7.W2,79,0.06502747556925574,0.21560369431972504,0,True,False
13,17,W_out,79,0.15136925055633618,0.5220229625701904,0,True,False
14,0,W_in,79,0.8901854964751231,1.8349112272262573,0,True,False
14,1,block0.W1,79,0.4846609928939916,0.9468809366226196,0,True,False
14,2,block0.W2,79,0.40678603777402567,0.7723759412765503,0,True,False
14,3,block1.W1,79,0.34726929504282866,0.6397928595542908,0,True,False
14,4,block1.W2,79,0.29032135151232347,0.5617669820785522,0,True,False
14,5,block2.W1,79,0.25162337050784994,0.46251580119132996,0,True,False
14,6,block2.W2,79,0.21994979764464534,0.44327518343925476,0,True,False
14,7,block3.W1,79,0.19842384821629222,0.4144846796989441,0,True,False
14,8,block3.W2,79,0.17338715710594685,0.3522897958755493,0,True,False
14,9,block4.W1,79,0.1530647911131382,0.30012720823287964,0,True,False
14,10,block4.W2,79,0.13381648992624465,0.29388976097106934,0,True,False
14,11,block5.W1,79,0.11839567619977118,0.22654329240322113,0,True,False
14,12,block5.W2,79,0.09609439483360399,0.19969654083251953,0,True,False
14,13,block6.W1,79,0.08970549000026304,0.17531025409698486,0,True,False
14,14,block6.W2,79,0.07552850826442996,0.15549269318580627,0,True,False
14,15,block7.W1,79,0.06581926668840873,0.12184666097164154,0,True,False
14,16,block7.W2,79,0.056740989083353476,0.12730631232261658,0,True,False
14,17,W_out,79,0.1286133375914791,0.25287994742393494,0,True,False
15,0,W_in,79,0.8634266676027563,2.0537331104278564,0,True,False
15,1,block0.W1,79,0.46417046310026433,1.085627555847168,0,True,False
15,2,block0.W2,79,0.3995534464528289,0.8208556771278381,0,True,False
15,3,block1.W1,79,0.33524849284676056,0.7263582348823547,0,True,False
15,4,block1.W2,79,0.2849474938798554,0.5503847002983093,0,True,False
15,5,block2.W1,79,0.2446174911117252,0.44906020164489746,0,True,False
15,6,block2.W2,79,0.21367104938607426,0.46633848547935486,0,True,False
15,7,block3.W1,79,0.1929835699781587,0.3643723130226135,0,True,False
15,8,block3.W2,79,0.16712076704996295,0.3353389799594879,0,True,False
15,9,block4.W1,79,0.14867993281517602,0.27241355180740356,0,True,False
15,10,block4.W2,79,0.12809757221065746,0.2626744508743286,0,True,False
15,11,block5.W1,79,0.11578039718862576,0.19815504550933838,0,True,False
15,12,block5.W2,79,0.0929828269430731,0.17325037717819214,0,True,False
15,13,block6.W1,79,0.08617273886699843,0.1467638462781906,0,True,False
15,14,block6.W2,79,0.07111806912889963,0.13714174926280975,0,True,False
15,15,block7.W1,79,0.06508213499725997,0.11446812003850937,0,True,False
15,16,block7.W2,79,0.05566877983746272,0.10129611939191818,0,True,False
15,17,W_out,79,0.12177795171737671,0.21362154185771942,0,True,False
16,0,W_in,79,0.8352051946935775,1.7662166357040405,0,True,False
16,1,block0.W1,79,0.4561063422809673,1.018653154373169,0,True,False
16,2,block0.W2,79,0.38571513859154305,0.9102791547775269,0,True,False
16,3,block1.W1,79,0.3267351993465725,0.7499411702156067,0,True,False
16,4,block1.W2,79,0.2761654036143158,0.656944215297699,0,True,False
16,5,block2.W1,79,0.24013591340825527,0.524652361869812,0,True,False
16,6,block2.W2,79,0.20662930560640141,0.44059309363365173,0,True,False
16,7,block3.W1,79,0.1875486276760886,0.4126008450984955,0,True,False
16,8,block3.W2,79,0.16733334807655478,0.34839367866516113,0,True,False
16,9,block4.W1,79,0.14565141645224788,0.28348255157470703,0,True,False
16,10,block4.W2,79,0.12507277359313604,0.25036418437957764,0,True,False
16,11,block5.W1,79,0.11313092694440975,0.2169368416070938,0,True,False
16,12,block5.W2,79,0.09196237059710902,0.17597968876361847,0,True,False
16,13,block6.W1,79,0.08381996284934538,0.14828701317310333,0,True,False
16,14,block6.W2,79,0.06986320025841647,0.1375877857208252,0,True,False
16,15,block7.W1,79,0.06294772127949738,0.11451903730630875,0,True,False
16,16,block7.W2,79,0.0535241170915999,0.10931428521871567,0,True,False
16,17,W_out,79,0.11695252920064746,0.2087612897157669,0,True,False
17,0,W_in,79,0.8845383447559574,2.201064109802246,0,True,False
17,1,block0.W1,79,0.4713657714332206,1.080489158630371,0,True,False
17,2,block0.W2,79,0.40325094929224325,0.8908065557479858,0,True,False
17,3,block1.W1,79,0.3408390180785445,0.7563163042068481,0,True,False
17,4,block1.W2,79,0.2862510388316233,0.6688348650932312,0,True,False
17,5,block2.W1,79,0.2535023434158367,0.5403072237968445,0,True,False
17,6,block2.W2,79,0.22427143703533126,0.5375750660896301,0,True,False
17,7,block3.W1,79,0.20191736401447766,0.4262654483318329,0,True,False
17,8,block3.W2,79,0.17861045137802256,0.3909541368484497,0,True,False
17,9,block4.W1,79,0.15561039269536356,0.3311749994754791,0,True,False
17,10,block4.W2,79,0.13449149404334115,0.2844260036945343,0,True,False
17,11,block5.W1,79,0.11879709836897216,0.2535117268562317,0,True,False
17,12,block5.W2,79,0.09480811214616781,0.18715162575244904,0,True,False
17,13,block6.W1,79,0.08617423057461841,0.17246930301189423,0,True,False
17,14,block6.W2,79,0.07333633711537983,0.13742691278457642,0,True,False
17,15,block7.W1,79,0.06546676827335282,0.12005755305290222,0,True,False
17,16,block7.W2,79,0.05432838201522827,0.11585523933172226,0,True,False
17,17,W_out,79,0.11856822525681573,0.21409833431243896,0,True,False
18,0,W_in,79,0.8784235580058037,1.82109797000885,0,True,False
18,1,block0.W1,79,0.47466882337120514,1.0306305885314941,0,True,False
18,2,block0.W2,79,0.39154084036244624,0.9209543466567993,0,True,False
18,3,block1.W1,79,0.3319742904056477,0.7347858548164368,0,True,False
18,4,block1.W2,79,0.2763376503805571,0.6018396019935608,0,True,False
18,5,block2.W1,79,0.24431345253428327,0.5526852011680603,0,True,False
18,6,block2.W2,79,0.2033859274432629,0.46938201785087585,0,True,False
18,7,block3.W1,79,0.19247270300041272,0.41637298464775085,0,True,False
18,8,block3.W2,79,0.16995188608011114,0.40194809436798096,0,True,False
18,9,block4.W1,79,0.14828900526030153,0.31565824151039124,0,True,False
18,10,block4.W2,79,0.12735192619169813,0.28831300139427185,0,True,False
18,11,block5.W1,79,0.11448245853940144,0.255769282579422,0,True,False
18,12,block5.W2,79,0.09236426168133187,0.22895734012126923,0,True,False
18,13,block6.W1,79,0.08428718795693374,0.1646040976047516,0,True,False
18,14,block6.W2,79,0.06973982281699966,0.1633320450782776,0,True,False
18,15,block7.W1,79,0.06267778629649289,0.13053065538406372,0,True,False
18,16,block7.W2,79,0.05232139370298084,0.12858320772647858,0,True,False
18,17,W_out,79,0.11290766468530969,0.22142639756202698,0,True,False
19,0,W_in,79,1.044467835675312,5.640369415283203,0,True,False
19,1,block0.W1,79,0.5828492093501212,3.4634029865264893,0,True,False
19,2,block0.W2,79,0.485045613508813,3.112154483795166,0,True,False
19,3,block1.W1,79,0.4058284977380234,2.4472076892852783,0,True,False
19,4,block1.W2,79,0.3462306089416335,2.13567852973938,0,True,False
19,5,block2.W1,79,0.300177782726816,1.9550602436065674,0,True,False
19,6,block2.W2,79,0.2567406227175571,1.7840348482131958,0,True,False
19,7,block3.W1,79,0.24396610707987712,1.5837572813034058,0,True,False
19,8,block3.W2,79,0.2060273551629691,1.2504615783691406,0,True,False
19,9,block4.W1,79,0.18740243099252635,1.4026823043823242,0,True,False
19,10,block4.W2,79,0.15579842337513272,1.0199310779571533,0,True,False
19,11,block5.W1,79,0.14530760700566858,1.0398807525634766,0,True,False
19,12,block5.W2,79,0.11062180834433323,0.7330977916717529,0,True,False
19,13,block6.W1,79,0.10228244782295785,0.6789454221725464,0,True,False
19,14,block6.W2,79,0.08221342664542078,0.549083948135376,0,True,False
19,15,block7.W1,79,0.07590761930457776,0.5028234720230103,0,True,False
19,16,block7.W2,79,0.062192623114472705,0.406162828207016,0,True,False
19,17,W_out,79,0.13001358692970458,0.7763896584510803,0,True,False
20,0,W_in,79,1.043040146296726,3.276963949203491,0,True,False
20,1,block0.W1,79,0.5739673815573318,1.8155102729797363,0,True,False
20,2,block0.W2,79,0.48044560084567417,1.3858674764633179,0,True,False
20,3,block1.W1,79,0.4047709136399664,0.8663601875305176,0,True,False
20,4,block1.W2,79,0.33180843404482435,0.7868484854698181,0,True,False
20,5,block2.W1,79,0.3042184014840028,0.6649889349937439,0,True,False
20,6,block2.W2,79,0.26697996844643657,0.5504220128059387,0,True,False
20,7,block3.W1,79,0.24204883775732752,0.5534975528717041,0,True,False
20,8,block3.W2,79,0.2082935112434192,0.5080238580703735,0,True,False
20,9,block4.W1,79,0.185237618664256,0.40378889441490173,0,True,False
20,10,block4.W2,79,0.15697333649909007,0.3482043147087097,0,True,False
20,11,block5.W1,79,0.14676911154278566,0.31093746423721313,0,True,False
20,12,block5.W2,79,0.11560858173083656,0.2311212718486786,0,True,False
20,13,block6.W1,79,0.10684548669105655,0.21447373926639557,0,True,False
20,14,block6.W2,79,0.0887468217170644,0.20167605578899384,0,True,False
20,15,block7.W1,79,0.08076079725287855,0.16825354099273682,0,True,False
20,16,block7.W2,79,0.066071870462686,0.1445394903421402,0,True,False
20,17,W_out,79,0.13891578227564505,0.25873681902885437,0,True,False
21,0,W_in,79,0.8820982822511769,3.5039126873016357,0,True,False
21,1,block0.W1,79,0.4846928398820418,1.70223867893219,0,True,False
21,2,block0.W2,79,0.4072223902691769,1.1634222269058228,0,True,False
21,3,block1.W1,79,0.33862738900735406,1.2353767156600952,0,True,False
21,4,block1.W2,79,0.2830008530069756,0.9532181024551392,0,True,False
21,5,block2.W1,79,0.2526620442307071,0.8201044201850891,0,True,False
21,6,block2.W2,79,0.20830520556037185,0.5723260045051575,0,True,False
21,7,block3.W1,79,0.19729981220126908,0.6128821969032288,0,True,False
21,8,block3.W2,79,0.17085406375176546,0.5543822646141052,0,True,False
21,9,block4.W1,79,0.15164527568164504,0.40612512826919556,0,True,False
21,10,block4.W2,79,0.12556716810346027,0.4136927127838135,0,True,False
21,11,block5.W1,79,0.12242877510482375,0.36621129512786865,0,True,False
21,12,block5.W2,79,0.09295335443855464,0.2786570191383362,0,True,False
21,13,block6.W1,79,0.08889668272171594,0.28021639585494995,0,True,False
21,14,block6.W2,79,0.07140574798789583,0.15388239920139313,0,True,False
21,15,block7.W1,79,0.06502287053279107,0.14807066321372986,0,True,False
21,16,block7.W2,79,0.05216437023533862,0.14699722826480865,0,True,False
21,17,W_out,79,0.11169034395885619,0.3396315574645996,0,True,False
22,0,W_in,79,0.9684892830592168,2.0583696365356445,0,True,False
22,1,block0.W1,79,0.5267079455565803,1.1474237442016602,0,True,False
22,2,block0.W2,79,0.4321960059902336,0.8725359439849854,0,True,False
22,3,block1.W1,79,0.3709795326937603,0.9927098751068115,0,True,False
22,4,block1.W2,79,0.31852877286227443,0.8263972401618958,0,True,False
22,5,block2.W1,79,0.28515268051171605,1.0051748752593994,0,True,False
22,6,block2.W2,79,0.24499610354062878,0.8182329535484314,0,True,False
22,7,block3.W1,79,0.22555201656267612,0.6783030033111572,0,True,False
22,8,block3.W2,79,0.1983540386810333,0.7055332064628601,0,True,False
22,9,block4.W1,79,0.17111021799000004,0.6110725998878479,0,True,False
22,10,block4.W2,79,0.14644703320875951,0.5372296571731567,0,True,False
22,11,block5.W1,79,0.133918299634434,0.44703519344329834,0,True,False
22,12,block5.W2,79,0.10751603152367133,0.36345720291137695,0,True,False
22,13,block6.W1,79,0.10086698283123065,0.4358053505420685,0,True,False
22,14,block6.W2,79,0.08362682446648803,0.2853539288043976,0,True,False
22,15,block7.W1,79,0.07349271640841719,0.28550899028778076,0,True,False
22,16,block7.W2,79,0.06056310355521833,0.21613265573978424,0,True,False
22,17,W_out,79,0.12728356155036372,0.4987558424472809,0,True,False
23,0,W_in,79,0.6477289830770674,2.025437593460083,0,True,False
23,1,block0.W1,79,0.36011109260630003,1.2530465126037598,0,True,False
23,2,block0.W2,79,0.3080103272878671,1.0296950340270996,0,True,False
23,3,block1.W1,79,0.2608146498663516,0.7373368144035339,0,True,False
23,4,block1.W2,79,0.21307235918467557,0.5672726035118103,0,True,False
23,5,block2.W1,79,0.1982742894582356,0.5715075731277466,0,True,False
23,6,block2.W2,79,0.17212894226459763,0.5437806844711304,0,True,False
23,7,block3.W1,79,0.15584272834696347,0.4391075670719147,0,True,False
23,8,block3.W2,79,0.13450648094515635,0.34873145818710327,0,True,False
23,9,block4.W1,79,0.1203648931099267,0.337332159280777,0,True,False
23,10,block4.W2,79,0.10007729216278353,0.2907831072807312,0,True,False
23,11,block5.W1,79,0.0923606452260968,0.21791626513004303,0,True,False
23,12,block5.W2,79,0.06903271005736498,0.17304742336273193,0,True,False
23,13,block6.W1,79,0.06523704579500836,0.1628132462501526,0,True,False
23,14,block6.W2,79,0.05229205502008524,0.12445832788944244,0,True,False
23,15,block7.W1,79,0.04731200061903536,0.11590578407049179,0,True,False
23,16,block7.W2,79,0.03813270554889606,0.09089664369821548,0,True,False
23,17,W_out,79,0.07945432921847966,0.20638221502304077,0,True,False
24,0,W_in,79,0.4782683152375342,1.1851168870925903,0,True,False
24,1,block0.W1,79,0.2640708843835547,0.7419102787971497,0,True,False
24,2,block0.W2,79,0.22639042478573473,0.6464368104934692,0,True,False
24,3,block1.W1,79,0.18746713138645207,0.4974910318851471,0,True,False
24,4,block1.W2,79,0.1581243076892216,0.3892885148525238,0,True,False
24,5,block2.W1,79,0.14471728656488128,0.3986952006816864,0,True,False
24,6,block2.W2,79,0.1257709071888954,0.3862539827823639,0,True,False
24,7,block3.W1,79,0.11577958201022842,0.30312734842300415,0,True,False
24,8,block3.W2,79,0.09751712679391421,0.2726556360721588,0,True,False
24,9,block4.W1,79,0.08793844230755975,0.24983425438404083,0,True,False
24,10,block4.W2,79,0.07451059676329547,0.201558455824852,0,True,False
24,11,block5.W1,79,0.06866074229673116,0.16908042132854462,0,True,False
24,12,block5.W2,79,0.05339625968208796,0.13524506986141205,0,True,False
24,13,block6.W1,79,0.05023518590775283,0.13163918256759644,0,True,False
24,14,block6.W2,79,0.04098190097256175,0.10364986956119537,0,True,False
24,15,block7.W1,79,0.037384624239293084,0.09980788081884384,0,True,False
24,16,block7.W2,79,0.029851726798600035,0.07469283789396286,0,True,False
24,17,W_out,79,0.061850240300822104,0.13966992497444153,0,True,False
25,0,W_in,79,0.5741480626637423,1.8721072673797607,0,True,False
25,1,block0.W1,79,0.3069779279205618,0.8896331787109375,0,True,False
25,2,block0.W2,79,0.2514573013103461,0.7071630358695984,0,True,False
25,3,block1.W1,79,0.2177538371444503,0.6089954972267151,0,True,False
25,4,block1.W2,79,0.1831048442215859,0.4688912630081177,0,True,False
25,5,block2.W1,79,0.1645199563118476,0.43499475717544556,0,True,False
25,6,block2.W2,79,0.14085434638906882,0.3730281591415405,0,True,False
25,7,block3.W1,79,0.13197682680019848,0.31689074635505676,0,True,False
25,8,block3.W2,79,0.11373054151293598,0.2644239664077759,0,True,False
25,9,block4.W1,79,0.09915746724869631,0.22435195744037628,0,True,False
25,10,block4.W2,79,0.08447347017877464,0.20810259878635406,0,True,False
25,11,block5.W1,79,0.07821015386453158,0.17049625515937805,0,True,False
25,12,block5.W2,79,0.061586132461700256,0.1552630215883255,0,True,False
25,13,block6.W1,79,0.054919503511318676,0.132191464304924,0,True,False
25,14,block6.W2,79,0.04629322657762449,0.10977164655923843,0,True,False
25,15,block7.W1,79,0.04046984869821728,0.08989521116018295,0,True,False
25,16,block7.W2,79,0.03399152760217084,0.07832960039377213,0,True,False
25,17,W_out,79,0.07199619083276278,0.17854906618595123,0,True,False
26,0,W_in,79,0.5396587336553803,1.5723158121109009,0,True,False
26,1,block0.W1,79,0.2914894167098063,0.7808808088302612,0,True,False
26,2,block0.W2,79,0.24947184503455705,0.6330487728118896,0,True,False
26,3,block1.W1,79,0.210066090019632,0.5959755778312683,0,True,False
26,4,block1.W2,79,0.17232375481177734,0.4265153408050537,0,True,False
26,5,block2.W1,79,0.1567296975445521,0.35836488008499146,0,True,False
26,6,block2.W2,79,0.13147543747968313,0.3141646385192871,0,True,False
26,7,block3.W1,79,0.12416708823057669,0.3058792054653168,0,True,False
26,8,block3.W2,79,0.10678002405675906,0.22657804191112518,0,True,False
26,9,block4.W1,79,0.09461573789579959,0.21107642352581024,0,True,False
26,10,block4.W2,79,0.07589406654521634,0.14890436828136444,0,True,False
26,11,block5.W1,79,0.07169248351143508,0.16564279794692993,0,True,False
26,12,block5.W2,79,0.05639055364211149,0.12969999015331268,0,True,False
26,13,block6.W1,79,0.051828758425633364,0.12482107430696487,0,True,False
26,14,block6.W2,79,0.04263831897862727,0.09802135825157166,0,True,False
26,15,block7.W1,79,0.03774359624219846,0.09287571161985397,0,True,False
26,16,block7.W2,79,0.030393259022149104,0.06869210302829742,0,True,False
26,17,W_out,79,0.06424263794022271,0.17216163873672485,0,True,False
27,0,W_in,79,0.4970733097082452,1.3001904487609863,0,True,False
27,1,block0.W1,79,0.26966117963760716,0.7266604900360107,0,True,False
27,2,block0.W2,79,0.22362073822112022,0.5303547978401184,0,True,False
27,3,block1.W1,79,0.1938512449541801,0.47386428713798523,0,True,False
27,4,block1.W2,79,0.15915865097430687,0.34563881158828735,0,True,False
27,5,block2.W1,79,0.14482291665258287,0.3084755539894104,0,True,False
27,6,block2.W2,79,0.12016763476819932,0.26706385612487793,0,True,False
27,7,block3.W1,79,0.11084338315302812,0.218706414103508,0,True,False
27,8,block3.W2,79,0.09539477469375994,0.22562910616397858,0,True,False
27,9,block4.W1,79,0.08621922981795631,0.18220309913158417,0,True,False
27,10,block4.W2,79,0.07006124114688439,0.16614048182964325,0,True,False
27,11,block5.W1,79,0.06623679366481455,0.13687944412231445,0,True,False
27,12,block5.W2,79,0.05123418614362614,0.11263459175825119,0,True,False
27,13,block6.W1,79,0.0461573940112338,0.09064523130655289,0,True,False
27,14,block6.W2,79,0.03776419474566473,0.07930629700422287,0,True,False
27,15,block7.W1,79,0.03393945524681218,0.07057934254407883,0,True,False
27,16,block7.W2,79,0.027120438050714474,0.06892620027065277,0,True,False
27,17,W_out,79,0.05589668789902066,0.1328107863664627,0,True,False
28,0,W_in,79,0.611536996368366,1.7074997425079346,0,True,False
28,1,block0.W1,79,0.3344316587465096,0.9510524868965149,0,True,False
28,2,block0.W2,79,0.2772906652262694,0.691291332244873,0,True,False
28,3,block1.W1,79,0.24166525077499165,0.6233740448951721,0,True,False
28,4,block1.W2,79,0.19810892843134417,0.5363031625747681,0,True,False
28,5,block2.W1,79,0.1820450675544105,0.4533470869064331,0,True,False
28,6,block2.W2,79,0.16048800303966185,0.37560030817985535,0,True,False
28,7,block3.W1,79,0.1463136824932468,0.3368220925331116,0,True,False
28,8,block3.W2,79,0.1250426523045554,0.2812039852142334,0,True,False
28,9,block4.W1,79,0.11449035536497831,0.2624468505382538,0,True,False
28,10,block4.W2,79,0.0925999868460754,0.2100527435541153,0,True,False
28,11,block5.W1,79,0.08745347282295174,0.18870019912719727,0,True,False
28,12,block5.W2,79,0.06870897749698238,0.1524738371372223,0,True,False
28,13,block6.W1,79,0.06069827702226518,0.12926079332828522,0,True,False
28,14,block6.W2,79,0.04953150562588361,0.11578581482172012,0,True,False
28,15,block7.W1,79,0.0442245174494065,0.09071766585111618,0,True,False
28,16,block7.W2,79,0.03609415131939363,0.07815965265035629,0,True,False
28,17,W_out,79,0.07305215188313889,0.18172994256019592,0,True,False
29,0,W_in,79,0.8329164723429499,2.234833002090454,0,True,False
29,1,block0.W1,79,0.4526166837615303,1.1202876567840576,0,True,False
29,2,block0.W2,79,0.378561291372097,0.8986667394638062,0,True,False
29,3,block1.W1,79,0.32272926916050004,0.7754884958267212,0,True,False
29,4,block1.W2,79,0.267000622811574,0.6512959599494934,0,True,False
29,5,block2.W1,79,0.23892456283674965,0.5730457305908203,0,True,False
29,6,block2.W2,79,0.2052528304106827,0.5599442720413208,0,True,False
29,7,block3.W1,79,0.1924400022135505,0.5185979008674622,0,True,False
29,8,block3.W2,79,0.16316911955422994,0.43694356083869934,0,True,False
29,9,block4.W1,79,0.14721736703303795,0.34656885266304016,0,True,False
29,10,block4.W2,79,0.1182664082020144,0.3824581205844879,0,True,False
29,11,block5.W1,79,0.11100923411453827,0.2667800188064575,0,True,False
29,12,block5.W2,79,0.08254314164477813,0.18292954564094543,0,True,False
29,13,block6.W1,79,0.07582166623559934,0.1629563719034195,0,True,False
29,14,block6.W2,79,0.06315941045272953,0.13866446912288666,0,True,False
29,15,block7.W1,79,0.05499016669213395,0.12799258530139923,0,True,False
29,16,block7.W2,79,0.04328588849004311,0.10382352024316788,0,True,False
29,17,W_out,79,0.08592911397071579,0.1862049549818039,0,True,False
30,0,W_in,79,0.6578601116809664,1.6326467990875244,0,True,False
30,1,block0.W1,79,0.37187240244467046,0.9438936114311218,0,True,False
30,2,block0.W2,79,0.2954698501602758,0.7967609763145447,0,True,False
30,3,block1.W1,79,0.25840282991905755,0.6479261517524719,0,True,False
30,4,block1.W2,79,0.21760225442202785,0.5230787396430969,0,True,False
30,5,block2.W1,79,0.19604019412794446,0.46191900968551636,0,True,False
30,6,block2.W2,79,0.15854386183657224,0.35320666432380676,0,True,False
30,7,block3.W1,79,0.15286272853801522,0.35012397170066833,0,True,False
30,8,block3.W2,79,0.12829441178731527,0.28459712862968445,0,True,False
30,9,block4.W1,79,0.11778584042493301,0.2667449116706848,0,True,False
30,10,block4.W2,79,0.09262465208155822,0.1927289068698883,0,True,False
30,11,block5.W1,79,0.09035938174192663,0.1845281720161438,0,True,False
30,12,block5.W2,79,0.067636051592476,0.1566242277622223,0,True,False
30,13,block6.W1,79,0.06273694120677589,0.1329277753829956,0,True,False
30,14,block6.W2,79,0.05104500509185504,0.12002965062856674,0,True,False
30,15,block7.W1,79,0.04467567379433143,0.08800192177295685,0,True,False
30,16,block7.W2,79,0.03501927227229823,0.0749610885977745,0,True,False
30,17,W_out,79,0.07210594920229309,0.15544719994068146,0,True,False
31,0,W_in,79,0.5658234604457512,1.347100853919983,0,True,False
31,1,block0.W1,79,0.3055834437048511,0.7686643600463867,0,True,False
31,2,block0.W2,79,0.25532387542432244,0.6709718108177185,0,True,False
31,3,block1.W1,79,0.22386775205878517,0.5513213276863098,0,True,False
31,4,block1.W2,79,0.19379844202931168,0.4787043035030365,0,True,False
31,5,block2.W1,79,0.1713793218442345,0.4177614450454712,0,True,False
31,6,block2.W2,79,0.14830774765555996,0.41963449120521545,0,True,False
31,7,block3.W1,79,0.13910754027929675,0.38700997829437256,0,True,False
31,8,block3.W2,79,0.11676348222396042,0.30397260189056396,0,True,False
31,9,block4.W1,79,0.10674851826875459,0.2988102436065674,0,True,False
31,10,block4.W2,79,0.08586233458776452,0.22242724895477295,0,True,False
31,11,block5.W1,79,0.08139973838778236,0.21166637539863586,0,True,False
31,12,block5.W2,79,0.05938437813303516,0.14198194444179535,0,True,False
31,13,block6.W1,79,0.05577421169492263,0.13825121521949768,0,True,False
31,14,block6.W2,79,0.04601789180401571,0.1175352931022644,0,True,False
31,15,block7.W1,79,0.04075219075171913,0.10510285198688507,0,True,False
31,16,block7.W2,79,0.032232041921631635,0.08106815814971924,0,True,False
31,17,W_out,79,0.06332846075485024,0.14795757830142975,0,True,False
32,0,W_in,79,0.6878206748279589,3.050100088119507,0,True,False
32,1,block0.W1,79,0.3631902556347696,1.6224908828735352,0,True,False
32,2,block0.W2,79,0.3046213575414842,1.3868635892868042,0,True,False
32,3,block1.W1,79,0.2712195729483155,1.1610589027404785,0,True,False
32,4,block1.W2,79,0.22329515552360424,0.9070116877555847,0,True,False
32,5,block2.W1,79,0.19952152691828676,0.7408265471458435,0,True,False
32,6,block2.W2,79,0.16733841969384045,0.581394612789154,0,True,False
32,7,block3.W1,79,0.15790144521507282,0.5485585927963257,0,True,False
32,8,block3.W2,79,0.13510191959293583,0.44244351983070374,0,True,False
32,9,block4.W1,79,0.12066621685259138,0.37608277797698975,0,True,False
32,10,block4.W2,79,0.09792509120358509,0.3104855716228485,0,True,False
32,11,block5.W1,79,0.09143424988429569,0.28959718346595764,0,True,False
32,12,block5.W2,79,0.0715590760972398,0.19823789596557617,0,True,False
32,13,block6.W1,79,0.06289236597964375,0.18756724894046783,0,True,False
32,14,block6.W2,79,0.053220169724825815,0.15751108527183533,0,True,False
32,15,block7.W1,79,0.04604529166488048,0.14236469566822052,0,True,False
32,16,block7.W2,79,0.0368181160250325,0.10281798988580704,0,True,False
32,17,W_out,79,0.0742979396570804,0.18112164735794067,0,True,False
33,0,W_in,79,0.8098693704114684,2.5798120498657227,0,True,False
33,1,block0.W1,79,0.4452181436310086,1.3752113580703735,0,True,False
33,2,block0.W2,79,0.35637678139949147,0.9708639979362488,0,True,False
33,3,block1.W1,79,0.29995916161356095,0.8178237676620483,0,True,False
33,4,block1.W2,79,0.2574920270922063,0.8027308583259583,0,True,False
33,5,block2.W1,79,0.23133686840345588,0.6750844120979309,0,True,False
33,6,block2.W2,79,0.19738248044837126,0.5800639986991882,0,True,False
33,7,block3.W1,79,0.18617194707069215,0.5429279804229736,0,True,False
33,8,block3.W2,79,0.16107148889310752,0.5583152770996094,0,True,False
33,9,block4.W1,79,0.14209299831639363,0.42481735348701477,0,True,False
33,10,block4.W2,79,0.11448800528445575,0.39866548776626587,0,True,False
33,11,block5.W1,79,0.10911235331168657,0.32425063848495483,0,True,False
33,12,block5.W2,79,0.08164525744092616,0.2433914989233017,0,True,False
33,13,block6.W1,79,0.07624755282237937,0.23969165980815887,0,True,False
33,14,block6.W2,79,0.06331435344005122,0.22114957869052887,0,True,False
33,15,block7.W1,79,0.05556258978911593,0.17040134966373444,0,True,False
33,16,block7.W2,79,0.043330180187579954,0.1403113454580307,0,True,False
33,17,W_out,79,0.08733988739550114,0.3483218848705292,0,True,False
34,0,W_in,79,0.6722149433968942,1.8025065660476685,0,True,False
34,1,block0.W1,79,0.377138648040687,1.1503812074661255,0,True,False
34,2,block0.W2,79,0.31190281785741636,0.7453480958938599,0,True,False
34,3,block1.W1,79,0.2675381989418706,0.6688615679740906,0,True,False
34,4,block1.W2,79,0.22422514021208015,0.4686303734779358,0,True,False
34,5,block2.W1,79,0.20105020466107357,0.44887158274650574,0,True,False
34,6,block2.W2,79,0.16936594247817993,0.35314270853996277,0,True,False
34,7,block3.W1,79,0.1622635662744317,0.3295905888080597,0,True,False
34,8,block3.W2,79,0.1375844884145109,0.2863631844520569,0,True,False
34,9,block4.W1,79,0.1248475331813097,0.2742140591144562,0,True,False
34,10,block4.W2,79,0.09896651596491095,0.19564303755760193,0,True,False
34,11,block5.W1,79,0.09637586397555055,0.18884441256523132,0,True,False
34,12,block5.W2,79,0.07334064284363125,0.15231573581695557,0,True,False
34,13,block6.W1,79,0.06594405443513696,0.1438455581665039,0,True,False
34,14,block6.W2,79,0.05304494714718076,0.12014998495578766,0,True,False
34,15,block7.W1,79,0.04796925304999834,0.10901147127151489,0,True,False
34,16,block7.W2,79,0.03757512050716183,0.1008223444223404,0,True,False
34,17,W_out,79,0.0723867192864418,0.1750912219285965,0,True,False
35,0,W_in,79,0.7580057491041436,2.294610023498535,0,True,False
35,1,block0.W1,79,0.4079157069702692,1.5153589248657227,0,True,False
35,2,block0.W2,79,0.3509299263499583,1.1187870502471924,0,True,False
35,3,block1.W1,79,0.29525164578440066,0.9571996927261353,0,True,False
35,4,block1.W2,79,0.24579407001220727,0.6831607222557068,0,True,False
35,5,block2.W1,79,0.22189109131127974,0.6638368964195251,0,True,False
35,6,block2.W2,79,0.1936287177325804,0.5228278040885925,0,True,False
35,7,block3.W1,79,0.181187146873791,0.5391016602516174,0,True,False
35,8,block3.W2,79,0.15654555177669735,0.4389662444591522,0,True,False
35,9,block4.W1,79,0.14090575676269923,0.4384334981441498,0,True,False
35,10,block4.W2,79,0.11432182036717481,0.26758360862731934,0,True,False
35,11,block5.W1,79,0.10520515144107086,0.2856421172618866,0,True,False
35,12,block5.W2,79,0.07967622173195586,0.2233063280582428,0,True,False
35,13,block6.W1,79,0.07268063266042478,0.1847814917564392,0,True,False
35,14,block6.W2,79,0.05743012392209678,0.1580977737903595,0,True,False
35,15,block7.W1,79,0.0520888378525365,0.1246400699019432,0,True,False
35,16,block7.W2,79,0.04129182082553736,0.10217884182929993,0,True,False
35,17,W_out,79,0.07798756110847374,0.23544737696647644,0,True,False
36,0,W_in,79,0.5864924779043922,1.595762014389038,0,True,False
36,1,block0.W1,79,0.3310566239200438,1.2246724367141724,0,True,False
36,2,block0.W2,79,0.2735216653186686,0.809132993221283,0,True,False
36,3,block1.W1,79,0.23353794101578526,0.6160886883735657,0,True,False
36,4,block1.W2,79,0.1953884041101872,0.4632413983345032,0,True,False
36,5,block2.W1,79,0.17663140019661264,0.4588955342769623,0,True,False
36,6,block2.W2,79,0.14181324119290598,0.39201560616493225,0,True,False
36,7,block3.W1,79,0.13823922552592768,0.3850729763507843,0,True,False
36,8,block3.W2,79,0.12113653751726769,0.3399886190891266,0,True,False
36,9,block4.W1,79,0.10860557663195496,0.27539288997650146,0,True,False
36,10,block4.W2,79,0.08602279181816155,0.21606624126434326,0,True,False
36,11,block5.W1,79,0.08170631214316133,0.20391151309013367,0,True,False
36,12,block5.W2,79,0.06022647645654557,0.1673826277256012,0,True,False
36,13,block6.W1,79,0.05651402649104218,0.13552437722682953,0,True,False
36,14,block6.W2,79,0.04614218594977939,0.10104583203792572,0,True,False
36,15,block7.W1,79,0.04255749724357377,0.10382377356290817,0,True,False
36,16,block7.W2,79,0.03257833856829925,0.08674261718988419,0,True,False
36,17,W_out,79,0.06117573332135813,0.13341698050498962,0,True,False
37,0,W_in,79,0.38803793966204303,2.243508815765381,0,True,False
37,1,block0.W1,79,0.2136788648093426,1.5962454080581665,0,True,False
37,2,block0.W2,79,0.17583278177565412,1.2820883989334106,0,True,False
37,3,block1.W1,79,0.15616545114147512,1.091402530670166,0,True,False
37,4,block1.W2,79,0.13506381713514087,0.8229283094406128,0,True,False
37,5,block2.W1,79,0.11677718863975775,0.6978841423988342,0,True,False
37,6,block2.W2,79,0.09400712870815887,0.5932090878486633,0,True,False
37,7,block3.W1,79,0.0914398072098818,0.4785485565662384,0,True,False
37,8,block3.W2,79,0.07720102515967586,0.4222344756126404,0,True,False
37,9,block4.W1,79,0.07251083536097143,0.511681854724884,0,True,False
37,10,block4.W2,79,0.05840532803507168,0.3747967779636383,0,True,False
37,11,block5.W1,79,0.054157551395695044,0.2896551489830017,0,True,False
37,12,block5.W2,79,0.04200626511268223,0.2532616853713989,0,True,False
37,13,block6.W1,79,0.03754830044470256,0.20657064020633698,0,True,False
37,14,block6.W2,79,0.031282671397151074,0.16466349363327026,0,True,False
37,15,block7.W1,79,0.027340454691903122,0.1299712210893631,0,True,False
37,16,block7.W2,79,0.021220158031092413,0.11706982553005219,0,True,False
37,17,W_out,79,0.04346414940148781,0.24070315062999725,0,True,False
38,0,W_in,79,0.595906527736519,2.4450221061706543,0,True,False
38,1,block0.W1,79,0.3203928515409367,1.5345081090927124,0,True,False
38,2,block0.W2,79,0.25431435142608383,1.183804988861084,0,True,False
38,3,block1.W1,79,0.2286741326834205,0.9869571328163147,0,True,False
38,4,block1.W2,79,0.19058624624357193,0.8241465091705322,0,True,False
38,5,block2.W1,79,0.1681004284492022,0.6607567667961121,0,True,False
38,6,block2.W2,79,0.14105631501850072,0.5733994841575623,0,True,False
38,7,block3.W1,79,0.13161842323415265,0.4699310064315796,0,True,False
38,8,block3.W2,79,0.10947970404655119,0.4408448040485382,0,True,False
38,9,block4.W1,79,0.09931788858780756,0.36468297243118286,0,True,False
38,10,block4.W2,79,0.07935219305225566,0.2526782155036926,0,True,False
38,11,block5.W1,79,0.07342713801897591,0.22983399033546448,0,True,False
38,12,block5.W2,79,0.05593083077994517,0.1802445948123932,0,True,False
38,13,block6.W1,79,0.05031628452264999,0.1311112493276596,0,True,False
38,14,block6.W2,79,0.04076867672626542,0.11046560108661652,0,True,False
38,15,block7.W1,79,0.03700311010396933,0.10039551556110382,0,True,False
38,16,block7.W2,79,0.02859336977435535,0.07492320239543915,0,True,False
38,17,W_out,79,0.05591679118644399,0.14860039949417114,0,True,False
39,0,W_in,79,0.4881676885806307,2.0042474269866943,0,True,False
39,1,block0.W1,79,0.26404944823795484,0.9846327900886536,0,True,False
39,2,block0.W2,79,0.22478311548976204,0.9509002566337585,0,True,False
39,3,block1.W1,79,0.19322067999009845,0.8119613528251648,0,True,False
39,4,block1.W2,79,0.1630778127361702,0.592279314994812,0,True,False
39,5,block2.W1,79,0.1474747779790925,0.5132689476013184,0,True,False
39,6,block2.W2,79,0.1207120796264727,0.44898971915245056,0,True,False
39,7,block3.W1,79,0.1152701233101042,0.4171847999095917,0,True,False
39,8,block3.W2,79,0.09661046469796307,0.43364784121513367,0,True,False
39,9,block4.W1,79,0.0863962422620175,0.3503230810165405,0,True,False
39,10,block4.W2,79,0.07140225242776206,0.29677078127861023,0,True,False
39,11,block5.W1,79,0.06642869726719358,0.27674707770347595,0,True,False
39,12,block5.W2,79,0.050762292634271365,0.23395420610904694,0,True,False
39,13,block6.W1,79,0.046073946082092164,0.173833429813385,0,True,False
39,14,block6.W2,79,0.03545346372772621,0.12637948989868164,0,True,False
39,15,block7.W1,79,0.030867310099398033,0.095914326608181,0,True,False
39,16,block7.W2,79,0.02430124556103462,0.09634628891944885,0,True,False
39,17,W_out,79,0.046579146233116146,0.15405981242656708,0,True,False
40,0,W_in,79,0.31906022080750784,1.3196444511413574,0,True,False
40,1,block0.W1,79,0.18041642310828726,0.7030450105667114,0,True,False
40,2,block0.W2,79,0.14078912390631776,0.48543885350227356,0,True,False
40,3,block1.W1,79,0.12562969662956422,0.4724406898021698,0,True,False
40,4,block1.W2,79,0.10799394561496528,0.47570136189460754,0,True,False
40,5,block2.W1,79,0.09500497548039295,0.37329360842704773,0,True,False
40,6,block2.W2,79,0.07817083753680787,0.31114283204078674,0,True,False
40,7,block3.W1,79,0.0787478349041901,0.3281733989715576,0,True,False
40,8,block3.W2,79,0.06611727665567511,0.283537894487381,0,True,False
40,9,block4.W1,79,0.05896896102371378,0.23190569877624512,0,True,False
40,10,block4.W2,79,0.047023926913160596,0.19164517521858215,0,True,False
40,11,block5.W1,79,0.0439329977026445,0.18269303441047668,0,True,False
40,12,block5.W2,79,0.0338837281886276,0.1852332502603531,0,True,False
40,13,block6.W1,79,0.030566434016380505,0.1371966153383255,0,True,False
40,14,block6.W2,79,0.026080465542529768,0.14195749163627625,0,True,False
40,15,block7.W1,79,0.02199280856153633,0.0988125130534172,0,True,False
40,16,block7.W2,79,0.016890890473393795,0.060872819274663925,0,True,False
40,17,W_out,79,0.03498766048151198,0.1738276332616806,0,True,False
41,0,W_in,79,0.44561224294048324,2.173292636871338,0,True,False
41,1,block0.W1,79,0.24695518305171518,1.2047858238220215,0,True,False
41,2,block0.W2,79,0.19402997779270895,0.7812973260879517,0,True,False
41,3,block1.W1,79,0.17378620911813988,0.82249915599823,0,True,False
41,4,block1.W2,79,0.1586353800412786,0.8104661703109741,0,True,False
41,5,block2.W1,79,0.13479358095180574,0.5504568219184875,0,True,False
41,6,block2.W2,79,0.10591879735783308,0.36505356431007385,0,True,False
41,7,block3.W1,79,0.10457532426719612,0.38392728567123413,0,True,False
41,8,block3.W2,79,0.08756018779535271,0.3644915819168091,0,True,False
41,9,block4.W1,79,0.07691849619621717,0.26047128438949585,0,True,False
41,10,block4.W2,79,0.061083799154391584,0.20729224383831024,0,True,False
41,11,block5.W1,79,0.05814048665858616,0.19714301824569702,0,True,False
41,12,block5.W2,79,0.046462517343697295,0.1999940425157547,0,True,False
41,13,block6.W1,79,0.03969339501478155,0.13291698694229126,0,True,False
41,14,block6.W2,79,0.033467726761333735,0.13919155299663544,0,True,False
41,15,block7.W1,79,0.027612595341486645,0.0974162295460701,0,True,False
41,16,block7.W2,79,0.021562822048163302,0.07886061072349548,0,True,False
41,17,W_out,79,0.04583257333894225,0.20053963363170624,0,True,False
42,0,W_in,79,0.3784769785036392,1.5875664949417114,0,True,False
42,1,block0.W1,79,0.21096126580775915,0.862053632736206,0,True,False
42,2,block0.W2,79,0.16217510950386146,0.6617472767829895,0,True,False
42,3,block1.W1,79,0.14288339306470715,0.5497451424598694,0,True,False
42,4,block1.W2,79,0.12849504527741973,0.637765109539032,0,True,False
42,5,block2.W1,79,0.11387136325098668,0.45440569519996643,0,True,False
42,6,block2.W2,79,0.09188814965795868,0.37046176195144653,0,True,False
42,7,block3.W1,79,0.08993804047497202,0.37870344519615173,0,True,False
42,8,block3.W2,79,0.07589944234542266,0.2722761929035187,0,True,False
42,9,block4.W1,79,0.06815204176391605,0.23874880373477936,0,True,False
42,10,block4.W2,79,0.053904402620878214,0.18902359902858734,0,True,False
42,11,block5.W1,79,0.050352538638170574,0.15935483574867249,0,True,False
42,12,block5.W2,79,0.036507874559257414,0.11068806052207947,0,True,False
42,13,block6.W1,79,0.033939438562580866,0.11036097258329391,0,True,False
42,14,block6.W2,79,0.026804789990670035,0.08476036787033081,0,True,False
42,15,block7.W1,79,0.0238360709634527,0.08088889718055725,0,True,False
42,16,block7.W2,79,0.018180369767890888,0.05552222207188606,0,True,False
42,17,W_out,79,0.03618586997065363,0.10682513564825058,0,True,False
43,0,W_in,79,0.35778077300402183,6.17677116394043,0,True,False
43,1,block0.W1,79,0.2027069780669069,3.885878086090088,0,True,False
43,2,block0.W2,79,0.15413366811043477,2.397522211074829,0,True,False
43,3,block1.W1,79,0.13850385013118952,2.3062071800231934,0,True,False
43,4,block1.W2,79,0.12186344257921358,1.9035283327102661,0,True,False
43,5,block2.W1,79,0.10471762133809397,1.5278149843215942,0,True,False
43,6,block2.W2,79,0.07964816734289067,1.0749661922454834,0,True,False
43,7,block3.W1,79,0.0820329723219517,1.1462733745574951,0,True,False
43,8,block3.W2,79,0.0697615103077002,0.9837837219238281,0,True,False
43,9,block4.W1,79,0.061113147212404614,0.8118047118186951,0,True,False
43,10,block4.W2,79,0.04571891362672743,0.47285404801368713,0,True,False
43,11,block5.W1,79,0.04563185940732401,0.5241788029670715,0,True,False
43,12,block5.W2,79,0.03417180828702978,0.4014029800891876,0,True,False
43,13,block6.W1,79,0.0307141288295624,0.3106568157672882,0,True,False
43,14,block6.W2,79,0.02610527216515775,0.31171873211860657,0,True,False
43,15,block7.W1,79,0.021435058469400754,0.21737506985664368,0,True,False
43,16,block7.W2,79,0.01633737111151737,0.1803940385580063,0,True,False
43,17,W_out,79,0.035632416264071494,0.43966853618621826,0,True,False
44,0,W_in,79,0.49572233984223274,3.8376541137695312,0,True,False
44,1,block0.W1,79,0.27909447679508337,2.1284866333007812,0,True,False
44,2,block0.W2,79,0.21243493105108036,1.5757687091827393,0,True,False
44,3,block1.W1,79,0.18815954376153554,1.241393804550171,0,True,False
44,4,block1.W2,79,0.16154595731486437,1.1159284114837646,0,True,False
44,5,block2.W1,79,0.13750503069567907,0.8630492091178894,0,True,False
44,6,block2.W2,79,0.10833652759018013,0.6675862073898315,0,True,False
44,7,block3.W1,79,0.1064790653394936,0.6430153250694275,0,True,False
44,8,block3.W2,79,0.08900692719447462,0.5865656137466431,0,True,False
44,9,block4.W1,79,0.07833135978000451,0.39428335428237915,0,True,False
44,10,block4.W2,79,0.06259199866400206,0.3323197662830353,0,True,False
44,11,block5.W1,79,0.06033295747835802,0.3248855173587799,0,True,False
44,12,block5.W2,79,0.04851933703698878,0.28412166237831116,0,True,False
44,13,block6.W1,79,0.041905162605468796,0.20079980790615082,0,True,False
44,14,block6.W2,79,0.03551723821460022,0.22799564898014069,0,True,False
44,15,block7.W1,79,0.029520686660580855,0.16335976123809814,0,True,False
44,16,block7.W2,79,0.02332252425162263,0.1410103589296341,0,True,False
44,17,W_out,79,0.04593423144491036,0.2924362123012543,0,True,False
45,0,W_in,79,0.2516232750296027,1.6237425804138184,0,True,False
45,1,block0.W1,79,0.1396512574386559,0.8881577849388123,0,True,False
45,2,block0.W2,79,0.11296521644166942,0.7532396912574768,0,True,False
45,3,block1.W1,79,0.10061000628231824,0.5968959927558899,0,True,False
45,4,block1.W2,79,0.08693311305693056,0.47859203815460205,0,True,False
45,5,block2.W1,79,0.0772436210543766,0.45172128081321716,0,True,False
45,6,block2.W2,79,0.06308775864942354,0.35326680541038513,0,True,False
45,7,block3.W1,79,0.06131083274236585,0.33981484174728394,0,True,False
45,8,block3.W2,79,0.049589110220063334,0.23693668842315674,0,True,False
45,9,block4.W1,79,0.04588284647634512,0.22720491886138916,0,True,False
45,10,block4.W2,79,0.03422197550417313,0.16013787686824799,0,True,False
45,11,block5.W1,79,0.033207532286620406,0.1447114199399948,0,True,False
45,12,block5.W2,79,0.02555281974823226,0.1099889948964119,0,True,False
45,13,block6.W1,79,0.02299232103366735,0.09350023418664932,0,True,False
45,14,block6.W2,79,0.019475662999762857,0.08677621930837631,0,True,False
45,15,block7.W1,79,0.016370314748108954,0.06942158192396164,0,True,False
45,16,block7.W2,79,0.012530293697314454,0.05230240896344185,0,True,False
45,17,W_out,79,0.026415206880980653,0.10901661217212677,0,True,False
46,0,W_in,79,0.26014427232402787,1.3620567321777344,0,True,False
46,1,block0.W1,79,0.14096139314808423,0.7484639286994934,0,True,False
46,2,block0.W2,79,0.11183429808839213,0.5285327434539795,0,True,False
46,3,block1.W1,79,0.09786687751265266,0.4374389946460724,0,True,False
46,4,block1.W2,79,0.08647675117878598,0.4000929296016693,0,True,False
46,5,block2.W1,79,0.07669145338048663,0.364946186542511,0,True,False
46,6,block2.W2,79,0.06076494322005141,0.2557325065135956,0,True,False
46,7,block3.W1,79,0.06067461328274464,0.29079028964042664,0,True,False
46,8,block3.W2,79,0.052906950741204654,0.2614222764968872,0,True,False
46,9,block4.W1,79,0.0449865923876155,0.19606585800647736,0,True,False
46,10,block4.W2,79,0.03643440731353115,0.16825364530086517,0,True,False
46,11,block5.W1,79,0.03338239446305965,0.13661640882492065,0,True,False
46,12,block5.W2,79,0.02626188077427494,0.10210667550563812,0,True,False
46,13,block6.W1,79,0.02399245299740777,0.09960601478815079,0,True,False
46,14,block6.W2,79,0.020672255550817694,0.09839048236608505,0,True,False
46,15,block7.W1,79,0.017406245745140825,0.08090106397867203,0,True,False
46,16,block7.W2,79,0.0135768917006075,0.06117003783583641,0,True,False
46,17,W_out,79,0.028288198455201485,0.12465132027864456,0,True,False
47,0,W_in,79,0.2723123063392277,1.4375544786453247,0,True,False
47,1,block0.W1,79,0.14487844137357006,0.6293889880180359,0,True,False
47,2,block0.W2,79,0.11518039655742011,0.5852153897285461,0,True,False
47,3,block1.W1,79,0.10413219210326294,0.4620908498764038,0,True,False
47,4,block1.W2,79,0.0942146564374053,0.4147147238254547,0,True,False
47,5,block2.W1,79,0.08452555471206014,0.3798178732395172,0,True,False
47,6,block2.W2,79,0.06719161567714395,0.28252163529396057,0,True,False
47,7,block3.W1,79,0.06810136053333932,0.3039124011993408,0,True,False
47,8,block3.W2,79,0.05538445906831494,0.23231860995292664,0,True,False
47,9,block4.W1,79,0.04982487542578314,0.2264644056558609,0,True,False
47,10,block4.W2,79,0.038838843655878606,0.19246676564216614,0,True,False
47,11,block5.W1,79,0.03629149475924765,0.14772261679172516,0,True,False
47,12,block5.W2,79,0.026857890218166234,0.10555946826934814,0,True,False
47,13,block6.W1,79,0.024627489308956304,0.1024894192814827,0,True,False
47,14,block6.W2,79,0.021024400097188315,0.09828118979930878,0,True,False
47,15,block7.W1,79,0.01776008666021443,0.07310952246189117,0,True,False
47,16,block7.W2,79,0.013642576800164166,0.05582883208990097,0,True,False
47,17,W_out,79,0.028717743362524088,0.1183774322271347,0,True,False
48,0,W_in,79,0.1827029241602632,1.0425267219543457,0,True,False
48,1,block0.W1,79,0.1000476237504354,0.5665033459663391,0,True,False
48,2,block0.W2,79,0.0782839130563072,0.3880223333835602,0,True,False
48,3,block1.W1,79,0.06960410706085872,0.3489568531513214,0,True,False
48,4,block1.W2,79,0.06262768090620072,0.38449689745903015,0,True,False
48,5,block2.W1,79,0.05488155831146655,0.33067572116851807,0,True,False
48,6,block2.W2,79,0.045191611522879406,0.3029080927371979,0,True,False
48,7,block3.W1,79,0.04455320920229335,0.295617938041687,0,True,False
48,8,block3.W2,79,0.03803209731756132,0.26198938488960266,0,True,False
48,9,block4.W1,79,0.034884621501204714,0.23938971757888794,0,True,False
48,10,block4.W2,79,0.026991991329160105,0.19446472823619843,0,True,False
48,11,block5.W1,79,0.025204857834909535,0.13749639689922333,0,True,False
48,12,block5.W2,79,0.019281701520792668,0.0919872298836708,0,True,False
48,13,block6.W1,79,0.017757692362500143,0.09517699480056763,0,True,False
48,14,block6.W2,79,0.01511961755731815,0.08862439543008804,0,True,False
48,15,block7.W1,79,0.012813376722550845,0.06610895693302155,0,True,False
48,16,block7.W2,79,0.00981726458655741,0.04530346021056175,0,True,False
48,17,W_out,79,0.020977931055888722,0.10468925535678864,0,True,False
49,0,W_in,79,0.194653899727177,1.5385403633117676,0,True,False
49,1,block0.W1,79,0.11076870607801631,1.0031583309173584,0,True,False
49,2,block0.W2,79,0.09104995815012651,0.8894273638725281,0,True,False
49,3,block1.W1,79,0.07956634141221831,0.7823618650436401,0,True,False
49,4,block1.W2,79,0.06647215831930502,0.5557973980903625,0,True,False
49,5,block2.W1,79,0.060282355221577835,0.5232100486755371,0,True,False
49,6,block2.W2,79,0.04731223769368061,0.34443399310112,0,True,False
49,7,block3.W1,79,0.04707086142270437,0.3768874704837799,0,True,False
49,8,block3.W2,79,0.03954390218316377,0.27717649936676025,0,True,False
49,9,block4.W1,79,0.03620190677952163,0.256889671087265,0,True,False
49,10,block4.W2,79,0.028197658501706923,0.18869803845882416,0,True,False
49,11,block5.W1,79,0.02649098733746553,0.18589749932289124,0,True,False
49,12,block5.W2,79,0.02075894339941442,0.1147148460149765,0,True,False
49,13,block6.W1,79,0.017939438418591323,0.11125440895557404,0,True,False
49,14,block6.W2,79,0.015127182727432043,0.08845507353544235,0,True,False
49,15,block7.W1,79,0.012915014861080843,0.07601522654294968,0,True,False
49,16,block7.W2,79,0.010101890680674889,0.05993225798010826,0,True,False
49,17,W_out,79,0.02134232003171044,0.09839095920324326,0,True,False
