block_size,threshold,val_accuracy_10000,val_accuracy_100000,val_accuracy_delta_pp,test_accuracy_10000,test_accuracy_100000,fires_10000,fires_100000
1,4,0.6566666666666667,0.36733333333333335,-28.933333333333337,0.6840666666666667,0.3555666666666667,1528.6666666666667,1721.3333333333333
1,8,0.652,0.35666666666666663,-29.53333333333334,0.6744666666666667,0.3473,1293.6666666666667,1474.3333333333333
1,16,0.619,0.313,-30.599999999999998,0.64,0.30806666666666666,896.0,1082.3333333333333
8,4,0.8283333333333333,0.7436666666666667,-8.466666666666656,0.8454333333333333,0.7484333333333334,2887.0,2953.6666666666665
8,8,0.8163333333333332,0.7356666666666667,-8.066666666666656,0.8392999999999999,0.745,2318.0,2684.3333333333335
8,16,0.7823333333333333,0.68,-10.233333333333327,0.7982666666666667,0.6956333333333333,989.3333333333334,1581.0
32,4,0.8263333333333333,0.7903333333333333,-3.599999999999992,0.8464666666666667,0.7978,3000.0,2999.3333333333335
32,8,0.8303333333333333,0.793,-3.733333333333322,0.8463666666666667,0.8008666666666667,2960.6666666666665,2986.0
32,16,0.7706666666666667,0.7423333333333333,-2.8333333333333433,0.7901333333333334,0.7573,1109.0,1806.6666666666667
