step,matrix,layer,values,zero_fraction,mse,relative_squared_error,code_histogram,cosine_mean_valid,cosine_valid_examples,cosine_undefined_examples
0,W_in,0,90000,0.0,0.0,0.0,{},1.0,1000,0
0,block0.W1,1,76000,0.0,0.0,0.0,{},1.0,1000,0
0,block0.W2,2,76000,0.5185657894736843,0.0,0.0,{},1.0,1000,0
0,block1.W1,3,76000,0.0,0.0,0.0,{},1.0,1000,0
0,block1.W2,4,76000,0.4967236842105263,0.0,0.0,{},1.0,1000,0
0,block2.W1,5,76000,0.0,0.0,0.0,{},1.0,1000,0
0,block2.W2,6,76000,0.49298684210526317,0.0,0.0,{},1.0,1000,0
0,block3.W1,7,76000,0.0,0.0,0.0,{},1.0,1000,0
0,block3.W2,8,76000,0.5188157894736842,0.0,0.0,{},1.0,1000,0
0,block4.W1,9,76000,0.0,0.0,0.0,{},1.0,1000,0
0,block4.W2,10,76000,0.4753552631578947,0.0,0.0,{},1.0,1000,0
0,block5.W1,11,76000,0.0,0.0,0.0,{},1.0,1000,0
0,block5.W2,12,76000,0.5231578947368422,0.0,0.0,{},1.0,1000,0
0,block6.W1,13,76000,0.0,0.0,0.0,{},1.0,1000,0
0,block6.W2,14,76000,0.5294473684210527,0.0,0.0,{},1.0,1000,0
0,block7.W1,15,76000,0.0,0.0,0.0,{},1.0,1000,0
0,block7.W2,16,76000,0.5342236842105264,0.0,0.0,{},1.0,1000,0
0,W_out,17,76000,0.0,0.0,0.0,{},1.0,1000,0
500,W_in,0,90000,0.0,0.0,0.0,{},1.0,1000,0
500,block0.W1,1,76000,0.0,0.0,0.0,{},1.0,1000,0
500,block0.W2,2,76000,0.49247368421052634,0.0,0.0,{},1.0,1000,0
500,block1.W1,3,76000,0.0,0.0,0.0,{},1.0,1000,0
500,block1.W2,4,76000,0.4933947368421053,0.0,0.0,{},1.0,1000,0
500,block2.W1,5,76000,0.0,0.0,0.0,{},1.0,1000,0
500,block2.W2,6,76000,0.4923026315789474,0.0,0.0,{},1.0,1000,0
500,block3.W1,7,76000,0.0,0.0,0.0,{},1.0,1000,0
500,block3.W2,8,76000,0.48169736842105265,0.0,0.0,{},1.0,1000,0
500,block4.W1,9,76000,0.0,0.0,0.0,{},1.0,1000,0
500,block4.W2,10,76000,0.47182894736842107,0.0,0.0,{},1.0,1000,0
500,block5.W1,11,76000,0.0,0.0,0.0,{},1.0,1000,0
500,block5.W2,12,76000,0.5340394736842106,0.0,0.0,{},1.0,1000,0
500,block6.W1,13,76000,0.0,0.0,0.0,{},1.0,1000,0
500,block6.W2,14,76000,0.5293684210526316,0.0,0.0,{},1.0,1000,0
500,block7.W1,15,76000,0.0,0.0,0.0,{},1.0,1000,0
500,block7.W2,16,76000,0.5317236842105263,0.0,0.0,{},1.0,1000,0
500,W_out,17,76000,0.0,0.0,0.0,{},1.0,1000,0
1000,W_in,0,90000,0.0,0.0,0.0,{},1.0,1000,0
1000,block0.W1,1,76000,0.0,0.0,0.0,{},1.0,1000,0
1000,block0.W2,2,76000,0.482421052631579,0.0,0.0,{},1.0,1000,0
1000,block1.W1,3,76000,0.0,0.0,0.0,{},1.0,1000,0
1000,block1.W2,4,76000,0.48769736842105266,0.0,0.0,{},1.0,1000,0
1000,block2.W1,5,76000,0.0,0.0,0.0,{},1.0,1000,0
1000,block2.W2,6,76000,0.4764342105263158,0.0,0.0,{},1.0,1000,0
1000,block3.W1,7,76000,0.0,0.0,0.0,{},1.0,1000,0
1000,block3.W2,8,76000,0.48419736842105265,0.0,0.0,{},1.0,1000,0
1000,block4.W1,9,76000,0.0,0.0,0.0,{},1.0,1000,0
1000,block4.W2,10,76000,0.48201315789473687,0.0,0.0,{},1.0,1000,0
1000,block5.W1,11,76000,0.0,0.0,0.0,{},1.0,1000,0
1000,block5.W2,12,76000,0.5294736842105263,0.0,0.0,{},1.0,1000,0
1000,block6.W1,13,76000,0.0,0.0,0.0,{},1.0,1000,0
1000,block6.W2,14,76000,0.5219736842105264,0.0,0.0,{},1.0,1000,0
1000,block7.W1,15,76000,0.0,0.0,0.0,{},1.0,1000,0
1000,block7.W2,16,76000,0.5359078947368421,0.0,0.0,{},1.0,1000,0
1000,W_out,17,76000,0.0,0.0,0.0,{},1.0,1000,0
1500,W_in,0,90000,0.0,0.0,0.0,{},1.0,1000,0
1500,block0.W1,1,76000,0.0,0.0,0.0,{},1.0,1000,0
1500,block0.W2,2,76000,0.47371052631578947,0.0,0.0,{},1.0,1000,0
1500,block1.W1,3,76000,0.0,0.0,0.0,{},1.0,1000,0
1500,block1.W2,4,76000,0.48067105263157894,0.0,0.0,{},1.0,1000,0
1500,block2.W1,5,76000,0.0,0.0,0.0,{},1.0,1000,0
1500,block2.W2,6,76000,0.48585526315789473,0.0,0.0,{},1.0,1000,0
1500,block3.W1,7,76000,0.0,0.0,0.0,{},1.0,1000,0
1500,block3.W2,8,76000,0.49028947368421055,0.0,0.0,{},1.0,1000,0
1500,block4.W1,9,76000,0.0,0.0,0.0,{},1.0,1000,0
1500,block4.W2,10,76000,0.5010657894736842,0.0,0.0,{},1.0,1000,0
1500,block5.W1,11,76000,0.0,0.0,0.0,{},1.0,1000,0
1500,block5.W2,12,76000,0.5432105263157895,0.0,0.0,{},1.0,1000,0
1500,block6.W1,13,76000,0.0,0.0,0.0,{},1.0,1000,0
1500,block6.W2,14,76000,0.517921052631579,0.0,0.0,{},1.0,1000,0
1500,block7.W1,15,76000,0.0,0.0,0.0,{},1.0,1000,0
1500,block7.W2,16,76000,0.5300394736842106,0.0,0.0,{},1.0,1000,0
1500,W_out,17,76000,0.0,0.0,0.0,{},1.0,1000,0
2000,W_in,0,90000,0.0,0.0,0.0,{},1.0,1000,0
2000,block0.W1,1,76000,0.0,0.0,0.0,{},1.0,1000,0
2000,block0.W2,2,76000,0.4688157894736842,0.0,0.0,{},1.0,1000,0
2000,block1.W1,3,76000,0.0,0.0,0.0,{},1.0,1000,0
2000,block1.W2,4,76000,0.48026315789473684,0.0,0.0,{},1.0,1000,0
2000,block2.W1,5,76000,0.0,0.0,0.0,{},1.0,1000,0
2000,block2.W2,6,76000,0.4808421052631579,0.0,0.0,{},1.0,1000,0
2000,block3.W1,7,76000,0.0,0.0,0.0,{},1.0,1000,0
2000,block3.W2,8,76000,0.49148684210526317,0.0,0.0,{},1.0,1000,0
2000,block4.W1,9,76000,0.0,0.0,0.0,{},1.0,1000,0
2000,block4.W2,10,76000,0.504421052631579,0.0,0.0,{},1.0,1000,0
2000,block5.W1,11,76000,0.0,0.0,0.0,{},1.0,1000,0
2000,block5.W2,12,76000,0.5525921052631579,0.0,0.0,{},1.0,1000,0
2000,block6.W1,13,76000,0.0,0.0,0.0,{},1.0,1000,0
2000,block6.W2,14,76000,0.5085921052631579,0.0,0.0,{},1.0,1000,0
2000,block7.W1,15,76000,0.0,0.0,0.0,{},1.0,1000,0
2000,block7.W2,16,76000,0.5403947368421053,0.0,0.0,{},1.0,1000,0
2000,W_out,17,76000,0.0,0.0,0.0,{},1.0,1000,0
2500,W_in,0,90000,0.0,0.0,0.0,{},1.0,1000,0
2500,block0.W1,1,76000,0.0,0.0,0.0,{},1.0,1000,0
2500,block0.W2,2,76000,0.46928947368421053,0.0,0.0,{},1.0,1000,0
2500,block1.W1,3,76000,0.0,0.0,0.0,{},1.0,1000,0
2500,block1.W2,4,76000,0.4805263157894737,0.0,0.0,{},1.0,1000,0
2500,block2.W1,5,76000,0.0,0.0,0.0,{},1.0,1000,0
2500,block2.W2,6,76000,0.4856315789473684,0.0,0.0,{},1.0,1000,0
2500,block3.W1,7,76000,0.0,0.0,0.0,{},1.0,1000,0
2500,block3.W2,8,76000,0.49164473684210525,0.0,0.0,{},1.0,1000,0
2500,block4.W1,9,76000,0.0,0.0,0.0,{},1.0,1000,0
2500,block4.W2,10,76000,0.5137236842105263,0.0,0.0,{},1.0,1000,0
2500,block5.W1,11,76000,0.0,0.0,0.0,{},1.0,1000,0
2500,block5.W2,12,76000,0.552078947368421,0.0,0.0,{},1.0,1000,0
2500,block6.W1,13,76000,0.0,0.0,0.0,{},1.0,1000,0
2500,block6.W2,14,76000,0.5163947368421052,0.0,0.0,{},1.0,1000,0
2500,block7.W1,15,76000,0.0,0.0,0.0,{},1.0,1000,0
2500,block7.W2,16,76000,0.5411710526315789,0.0,0.0,{},1.0,1000,0
2500,W_out,17,76000,0.0,0.0,0.0,{},1.0,1000,0
3000,W_in,0,90000,0.0,0.0,0.0,{},1.0,1000,0
3000,block0.W1,1,76000,0.0,0.0,0.0,{},1.0,1000,0
3000,block0.W2,2,76000,0.4658684210526316,0.0,0.0,{},1.0,1000,0
3000,block1.W1,3,76000,0.0,0.0,0.0,{},1.0,1000,0
3000,block1.W2,4,76000,0.4807368421052632,0.0,0.0,{},1.0,1000,0
3000,block2.W1,5,76000,0.0,0.0,0.0,{},1.0,1000,0
3000,block2.W2,6,76000,0.48528947368421055,0.0,0.0,{},1.0,1000,0
3000,block3.W1,7,76000,0.0,0.0,0.0,{},1.0,1000,0
3000,block3.W2,8,76000,0.4891184210526316,0.0,0.0,{},1.0,1000,0
3000,block4.W1,9,76000,0.0,0.0,0.0,{},1.0,1000,0
3000,block4.W2,10,76000,0.5174342105263158,0.0,0.0,{},1.0,1000,0
3000,block5.W1,11,76000,0.0,0.0,0.0,{},1.0,1000,0
3000,block5.W2,12,76000,0.5531973684210526,0.0,0.0,{},1.0,1000,0
3000,block6.W1,13,76000,0.0,0.0,0.0,{},1.0,1000,0
3000,block6.W2,14,76000,0.5094736842105263,0.0,0.0,{},1.0,1000,0
3000,block7.W1,15,76000,0.0,0.0,0.0,{},1.0,1000,0
3000,block7.W2,16,76000,0.5382105263157895,0.0,0.0,{},1.0,1000,0
3000,W_out,17,76000,0.0,0.0,0.0,{},1.0,1000,0
3500,W_in,0,90000,0.0,0.0,0.0,{},1.0,1000,0
3500,block0.W1,1,76000,0.0,0.0,0.0,{},1.0,1000,0
3500,block0.W2,2,76000,0.4671315789473684,0.0,0.0,{},1.0,1000,0
3500,block1.W1,3,76000,0.0,0.0,0.0,{},1.0,1000,0
3500,block1.W2,4,76000,0.48426315789473684,0.0,0.0,{},1.0,1000,0
3500,block2.W1,5,76000,0.0,0.0,0.0,{},1.0,1000,0
3500,block2.W2,6,76000,0.47877631578947366,0.0,0.0,{},1.0,1000,0
3500,block3.W1,7,76000,0.0,0.0,0.0,{},1.0,1000,0
3500,block3.W2,8,76000,0.4989342105263158,0.0,0.0,{},1.0,1000,0
3500,block4.W1,9,76000,0.0,0.0,0.0,{},1.0,1000,0
3500,block4.W2,10,76000,0.5125,0.0,0.0,{},1.0,1000,0
3500,block5.W1,11,76000,0.0,0.0,0.0,{},1.0,1000,0
3500,block5.W2,12,76000,0.5460526315789473,0.0,0.0,{},1.0,1000,0
3500,block6.W1,13,76000,0.0,0.0,0.0,{},1.0,1000,0
3500,block6.W2,14,76000,0.5052894736842105,0.0,0.0,{},1.0,1000,0
3500,block7.W1,15,76000,0.0,0.0,0.0,{},1.0,1000,0
3500,block7.W2,16,76000,0.53375,0.0,0.0,{},1.0,1000,0
3500,W_out,17,76000,0.0,0.0,0.0,{},1.0,1000,0
4000,W_in,0,90000,0.0,0.0,0.0,{},1.0,1000,0
4000,block0.W1,1,76000,0.0,0.0,0.0,{},1.0,1000,0
4000,block0.W2,2,76000,0.4663552631578947,0.0,0.0,{},1.0,1000,0
4000,block1.W1,3,76000,0.0,0.0,0.0,{},1.0,1000,0
4000,block1.W2,4,76000,0.48273684210526313,0.0,0.0,{},1.0,1000,0
4000,block2.W1,5,76000,0.0,0.0,0.0,{},1.0,1000,0
4000,block2.W2,6,76000,0.48086842105263156,0.0,0.0,{},1.0,1000,0
4000,block3.W1,7,76000,0.0,0.0,0.0,{},1.0,1000,0
4000,block3.W2,8,76000,0.5008026315789473,0.0,0.0,{},1.0,1000,0
4000,block4.W1,9,76000,0.0,0.0,0.0,{},1.0,1000,0
4000,block4.W2,10,76000,0.51325,0.0,0.0,{},1.0,1000,0
4000,block5.W1,11,76000,0.0,0.0,0.0,{},1.0,1000,0
4000,block5.W2,12,76000,0.545171052631579,0.0,0.0,{},1.0,1000,0
4000,block6.W1,13,76000,0.0,0.0,0.0,{},1.0,1000,0
4000,block6.W2,14,76000,0.5025394736842105,0.0,0.0,{},1.0,1000,0
4000,block7.W1,15,76000,0.0,0.0,0.0,{},1.0,1000,0
4000,block7.W2,16,76000,0.5312763157894737,0.0,0.0,{},1.0,1000,0
4000,W_out,17,76000,0.0,0.0,0.0,{},1.0,1000,0
4500,W_in,0,90000,0.0,0.0,0.0,{},1.0,1000,0
4500,block0.W1,1,76000,0.0,0.0,0.0,{},1.0,1000,0
4500,block0.W2,2,76000,0.46540789473684213,0.0,0.0,{},1.0,1000,0
4500,block1.W1,3,76000,0.0,0.0,0.0,{},1.0,1000,0
4500,block1.W2,4,76000,0.4810657894736842,0.0,0.0,{},1.0,1000,0
4500,block2.W1,5,76000,0.0,0.0,0.0,{},1.0,1000,0
4500,block2.W2,6,76000,0.47997368421052633,0.0,0.0,{},1.0,1000,0
4500,block3.W1,7,76000,0.0,0.0,0.0,{},1.0,1000,0
4500,block3.W2,8,76000,0.5024078947368421,0.0,0.0,{},1.0,1000,0
4500,block4.W1,9,76000,0.0,0.0,0.0,{},1.0,1000,0
4500,block4.W2,10,76000,0.5129473684210526,0.0,0.0,{},1.0,1000,0
4500,block5.W1,11,76000,0.0,0.0,0.0,{},1.0,1000,0
4500,block5.W2,12,76000,0.5426578947368421,0.0,0.0,{},1.0,1000,0
4500,block6.W1,13,76000,0.0,0.0,0.0,{},1.0,1000,0
4500,block6.W2,14,76000,0.5096842105263157,0.0,0.0,{},1.0,1000,0
4500,block7.W1,15,76000,0.0,0.0,0.0,{},1.0,1000,0
4500,block7.W2,16,76000,0.5240394736842106,0.0,0.0,{},1.0,1000,0
4500,W_out,17,76000,0.0,0.0,0.0,{},1.0,1000,0
5000,W_in,0,90000,0.0,0.0,0.0,{},1.0,1000,0
5000,block0.W1,1,76000,0.0,0.0,0.0,{},1.0,1000,0
5000,block0.W2,2,76000,0.46021052631578946,0.0,0.0,{},1.0,1000,0
5000,block1.W1,3,76000,0.0,0.0,0.0,{},1.0,1000,0
5000,block1.W2,4,76000,0.47925,0.0,0.0,{},1.0,1000,0
5000,block2.W1,5,76000,0.0,0.0,0.0,{},1.0,1000,0
5000,block2.W2,6,76000,0.47498684210526315,0.0,0.0,{},1.0,1000,0
5000,block3.W1,7,76000,0.0,0.0,0.0,{},1.0,1000,0
5000,block3.W2,8,76000,0.5005921052631579,0.0,0.0,{},1.0,1000,0
5000,block4.W1,9,76000,0.0,0.0,0.0,{},1.0,1000,0
5000,block4.W2,10,76000,0.5141052631578947,0.0,0.0,{},1.0,1000,0
5000,block5.W1,11,76000,0.0,0.0,0.0,{},1.0,1000,0
5000,block5.W2,12,76000,0.5435,0.0,0.0,{},1.0,1000,0
5000,block6.W1,13,76000,0.0,0.0,0.0,{},1.0,1000,0
5000,block6.W2,14,76000,0.5061447368421053,0.0,0.0,{},1.0,1000,0
5000,block7.W1,15,76000,0.0,0.0,0.0,{},1.0,1000,0
5000,block7.W2,16,76000,0.52225,0.0,0.0,{},1.0,1000,0
5000,W_out,17,76000,0.0,0.0,0.0,{},1.0,1000,0
5500,W_in,0,90000,0.0,0.0,0.0,{},1.0,1000,0
5500,block0.W1,1,76000,0.0,0.0,0.0,{},1.0,1000,0
5500,block0.W2,2,76000,0.45413157894736844,0.0,0.0,{},1.0,1000,0
5500,block1.W1,3,76000,0.0,0.0,0.0,{},1.0,1000,0
5500,block1.W2,4,76000,0.4832105263157895,0.0,0.0,{},1.0,1000,0
5500,block2.W1,5,76000,0.0,0.0,0.0,{},1.0,1000,0
5500,block2.W2,6,76000,0.47251315789473686,0.0,0.0,{},1.0,1000,0
5500,block3.W1,7,76000,0.0,0.0,0.0,{},1.0,1000,0
5500,block3.W2,8,76000,0.4988421052631579,0.0,0.0,{},1.0,1000,0
5500,block4.W1,9,76000,0.0,0.0,0.0,{},1.0,1000,0
5500,block4.W2,10,76000,0.5098552631578948,0.0,0.0,{},1.0,1000,0
5500,block5.W1,11,76000,0.0,0.0,0.0,{},1.0,1000,0
5500,block5.W2,12,76000,0.5444473684210527,0.0,0.0,{},1.0,1000,0
5500,block6.W1,13,76000,0.0,0.0,0.0,{},1.0,1000,0
5500,block6.W2,14,76000,0.5093552631578947,0.0,0.0,{},1.0,1000,0
5500,block7.W1,15,76000,0.0,0.0,0.0,{},1.0,1000,0
5500,block7.W2,16,76000,0.5277105263157895,0.0,0.0,{},1.0,1000,0
5500,W_out,17,76000,0.0,0.0,0.0,{},1.0,1000,0
6000,W_in,0,90000,0.0,0.0,0.0,{},1.0,1000,0
6000,block0.W1,1,76000,0.0,0.0,0.0,{},1.0,1000,0
6000,block0.W2,2,76000,0.45602631578947367,0.0,0.0,{},1.0,1000,0
6000,block1.W1,3,76000,0.0,0.0,0.0,{},1.0,1000,0
6000,block1.W2,4,76000,0.4861842105263158,0.0,0.0,{},1.0,1000,0
6000,block2.W1,5,76000,0.0,0.0,0.0,{},1.0,1000,0
6000,block2.W2,6,76000,0.46792105263157896,0.0,0.0,{},1.0,1000,0
6000,block3.W1,7,76000,0.0,0.0,0.0,{},1.0,1000,0
6000,block3.W2,8,76000,0.5035263157894737,0.0,0.0,{},1.0,1000,0
6000,block4.W1,9,76000,0.0,0.0,0.0,{},1.0,1000,0
6000,block4.W2,10,76000,0.5084342105263158,0.0,0.0,{},1.0,1000,0
6000,block5.W1,11,76000,0.0,0.0,0.0,{},1.0,1000,0
6000,block5.W2,12,76000,0.5412236842105264,0.0,0.0,{},1.0,1000,0
6000,block6.W1,13,76000,0.0,0.0,0.0,{},1.0,1000,0
6000,block6.W2,14,76000,0.5061052631578947,0.0,0.0,{},1.0,1000,0
6000,block7.W1,15,76000,0.0,0.0,0.0,{},1.0,1000,0
6000,block7.W2,16,76000,0.5256184210526316,0.0,0.0,{},1.0,1000,0
6000,W_out,17,76000,0.0,0.0,0.0,{},1.0,1000,0
6500,W_in,0,90000,0.0,0.0,0.0,{},1.0,1000,0
6500,block0.W1,1,76000,0.0,0.0,0.0,{},1.0,1000,0
6500,block0.W2,2,76000,0.4589736842105263,0.0,0.0,{},1.0,1000,0
6500,block1.W1,3,76000,0.0,0.0,0.0,{},1.0,1000,0
6500,block1.W2,4,76000,0.48280263157894737,0.0,0.0,{},1.0,1000,0
6500,block2.W1,5,76000,0.0,0.0,0.0,{},1.0,1000,0
6500,block2.W2,6,76000,0.46930263157894736,0.0,0.0,{},1.0,1000,0
6500,block3.W1,7,76000,0.0,0.0,0.0,{},1.0,1000,0
6500,block3.W2,8,76000,0.4985657894736842,0.0,0.0,{},1.0,1000,0
6500,block4.W1,9,76000,0.0,0.0,0.0,{},1.0,1000,0
6500,block4.W2,10,76000,0.5088157894736842,0.0,0.0,{},1.0,1000,0
6500,block5.W1,11,76000,0.0,0.0,0.0,{},1.0,1000,0
6500,block5.W2,12,76000,0.5389078947368421,0.0,0.0,{},1.0,1000,0
6500,block6.W1,13,76000,0.0,0.0,0.0,{},1.0,1000,0
6500,block6.W2,14,76000,0.5083684210526316,0.0,0.0,{},1.0,1000,0
6500,block7.W1,15,76000,0.0,0.0,0.0,{},1.0,1000,0
6500,block7.W2,16,76000,0.5245921052631579,0.0,0.0,{},1.0,1000,0
6500,W_out,17,76000,0.0,0.0,0.0,{},1.0,1000,0
7000,W_in,0,90000,0.0,0.0,0.0,{},1.0,1000,0
7000,block0.W1,1,76000,0.0,0.0,0.0,{},1.0,1000,0
7000,block0.W2,2,76000,0.46273684210526317,0.0,0.0,{},1.0,1000,0
7000,block1.W1,3,76000,0.0,0.0,0.0,{},1.0,1000,0
7000,block1.W2,4,76000,0.48236842105263156,0.0,0.0,{},1.0,1000,0
7000,block2.W1,5,76000,0.0,0.0,0.0,{},1.0,1000,0
7000,block2.W2,6,76000,0.4715657894736842,0.0,0.0,{},1.0,1000,0
7000,block3.W1,7,76000,0.0,0.0,0.0,{},1.0,1000,0
7000,block3.W2,8,76000,0.49864473684210525,0.0,0.0,{},1.0,1000,0
7000,block4.W1,9,76000,0.0,0.0,0.0,{},1.0,1000,0
7000,block4.W2,10,76000,0.5113026315789474,0.0,0.0,{},1.0,1000,0
7000,block5.W1,11,76000,0.0,0.0,0.0,{},1.0,1000,0
7000,block5.W2,12,76000,0.5472763157894737,0.0,0.0,{},1.0,1000,0
7000,block6.W1,13,76000,0.0,0.0,0.0,{},1.0,1000,0
7000,block6.W2,14,76000,0.5055921052631579,0.0,0.0,{},1.0,1000,0
7000,block7.W1,15,76000,0.0,0.0,0.0,{},1.0,1000,0
7000,block7.W2,16,76000,0.5236842105263158,0.0,0.0,{},1.0,1000,0
7000,W_out,17,76000,0.0,0.0,0.0,{},1.0,1000,0
7500,W_in,0,90000,0.0,0.0,0.0,{},1.0,1000,0
7500,block0.W1,1,76000,0.0,0.0,0.0,{},1.0,1000,0
7500,block0.W2,2,76000,0.4649605263157895,0.0,0.0,{},1.0,1000,0
7500,block1.W1,3,76000,0.0,0.0,0.0,{},1.0,1000,0
7500,block1.W2,4,76000,0.4794473684210526,0.0,0.0,{},1.0,1000,0
7500,block2.W1,5,76000,0.0,0.0,0.0,{},1.0,1000,0
7500,block2.W2,6,76000,0.48146052631578945,0.0,0.0,{},1.0,1000,0
7500,block3.W1,7,76000,0.0,0.0,0.0,{},1.0,1000,0
7500,block3.W2,8,76000,0.49765789473684213,0.0,0.0,{},1.0,1000,0
7500,block4.W1,9,76000,0.0,0.0,0.0,{},1.0,1000,0
7500,block4.W2,10,76000,0.5146842105263157,0.0,0.0,{},1.0,1000,0
7500,block5.W1,11,76000,0.0,0.0,0.0,{},1.0,1000,0
7500,block5.W2,12,76000,0.5447763157894737,0.0,0.0,{},1.0,1000,0
7500,block6.W1,13,76000,0.0,0.0,0.0,{},1.0,1000,0
7500,block6.W2,14,76000,0.5066315789473684,0.0,0.0,{},1.0,1000,0
7500,block7.W1,15,76000,0.0,0.0,0.0,{},1.0,1000,0
7500,block7.W2,16,76000,0.5259605263157895,0.0,0.0,{},1.0,1000,0
7500,W_out,17,76000,0.0,0.0,0.0,{},1.0,1000,0
8000,W_in,0,90000,0.0,0.0,0.0,{},1.0,1000,0
8000,block0.W1,1,76000,0.0,0.0,0.0,{},1.0,1000,0
8000,block0.W2,2,76000,0.4645394736842105,0.0,0.0,{},1.0,1000,0
8000,block1.W1,3,76000,0.0,0.0,0.0,{},1.0,1000,0
8000,block1.W2,4,76000,0.48328947368421055,0.0,0.0,{},1.0,1000,0
8000,block2.W1,5,76000,0.0,0.0,0.0,{},1.0,1000,0
8000,block2.W2,6,76000,0.4805394736842105,0.0,0.0,{},1.0,1000,0
8000,block3.W1,7,76000,0.0,0.0,0.0,{},1.0,1000,0
8000,block3.W2,8,76000,0.49673684210526314,0.0,0.0,{},1.0,1000,0
8000,block4.W1,9,76000,0.0,0.0,0.0,{},1.0,1000,0
8000,block4.W2,10,76000,0.5093947368421052,0.0,0.0,{},1.0,1000,0
8000,block5.W1,11,76000,0.0,0.0,0.0,{},1.0,1000,0
8000,block5.W2,12,76000,0.5449342105263157,0.0,0.0,{},1.0,1000,0
8000,block6.W1,13,76000,0.0,0.0,0.0,{},1.0,1000,0
8000,block6.W2,14,76000,0.5025131578947368,0.0,0.0,{},1.0,1000,0
8000,block7.W1,15,76000,0.0,0.0,0.0,{},1.0,1000,0
8000,block7.W2,16,76000,0.5294736842105263,0.0,0.0,{},1.0,1000,0
8000,W_out,17,76000,0.0,0.0,0.0,{},1.0,1000,0
8500,W_in,0,90000,0.0,0.0,0.0,{},1.0,1000,0
8500,block0.W1,1,76000,0.0,0.0,0.0,{},1.0,1000,0
8500,block0.W2,2,76000,0.4617894736842105,0.0,0.0,{},1.0,1000,0
8500,block1.W1,3,76000,0.0,0.0,0.0,{},1.0,1000,0
8500,block1.W2,4,76000,0.4836578947368421,0.0,0.0,{},1.0,1000,0
8500,block2.W1,5,76000,0.0,0.0,0.0,{},1.0,1000,0
8500,block2.W2,6,76000,0.4757368421052632,0.0,0.0,{},1.0,1000,0
8500,block3.W1,7,76000,0.0,0.0,0.0,{},1.0,1000,0
8500,block3.W2,8,76000,0.4906578947368421,0.0,0.0,{},1.0,1000,0
8500,block4.W1,9,76000,0.0,0.0,0.0,{},1.0,1000,0
8500,block4.W2,10,76000,0.5069078947368421,0.0,0.0,{},1.0,1000,0
8500,block5.W1,11,76000,0.0,0.0,0.0,{},1.0,1000,0
8500,block5.W2,12,76000,0.5407105263157894,0.0,0.0,{},1.0,1000,0
8500,block6.W1,13,76000,0.0,0.0,0.0,{},1.0,1000,0
8500,block6.W2,14,76000,0.5062763157894736,0.0,0.0,{},1.0,1000,0
8500,block7.W1,15,76000,0.0,0.0,0.0,{},1.0,1000,0
8500,block7.W2,16,76000,0.5244210526315789,0.0,0.0,{},1.0,1000,0
8500,W_out,17,76000,0.0,0.0,0.0,{},1.0,1000,0
9000,W_in,0,90000,0.0,0.0,0.0,{},1.0,1000,0
9000,block0.W1,1,76000,0.0,0.0,0.0,{},1.0,1000,0
9000,block0.W2,2,76000,0.4615394736842105,0.0,0.0,{},1.0,1000,0
9000,block1.W1,3,76000,0.0,0.0,0.0,{},1.0,1000,0
9000,block1.W2,4,76000,0.4824473684210526,0.0,0.0,{},1.0,1000,0
9000,block2.W1,5,76000,0.0,0.0,0.0,{},1.0,1000,0
9000,block2.W2,6,76000,0.4716447368421053,0.0,0.0,{},1.0,1000,0
9000,block3.W1,7,76000,0.0,0.0,0.0,{},1.0,1000,0
9000,block3.W2,8,76000,0.49344736842105263,0.0,0.0,{},1.0,1000,0
9000,block4.W1,9,76000,0.0,0.0,0.0,{},1.0,1000,0
9000,block4.W2,10,76000,0.507,0.0,0.0,{},1.0,1000,0
9000,block5.W1,11,76000,0.0,0.0,0.0,{},1.0,1000,0
9000,block5.W2,12,76000,0.538921052631579,0.0,0.0,{},1.0,1000,0
9000,block6.W1,13,76000,0.0,0.0,0.0,{},1.0,1000,0
9000,block6.W2,14,76000,0.5089736842105264,0.0,0.0,{},1.0,1000,0
9000,block7.W1,15,76000,0.0,0.0,0.0,{},1.0,1000,0
9000,block7.W2,16,76000,0.5183815789473685,0.0,0.0,{},1.0,1000,0
9000,W_out,17,76000,0.0,0.0,0.0,{},1.0,1000,0
9500,W_in,0,90000,0.0,0.0,0.0,{},1.0,1000,0
9500,block0.W1,1,76000,0.0,0.0,0.0,{},1.0,1000,0
9500,block0.W2,2,76000,0.4617631578947368,0.0,0.0,{},1.0,1000,0
9500,block1.W1,3,76000,0.0,0.0,0.0,{},1.0,1000,0
9500,block1.W2,4,76000,0.48327631578947366,0.0,0.0,{},1.0,1000,0
9500,block2.W1,5,76000,0.0,0.0,0.0,{},1.0,1000,0
9500,block2.W2,6,76000,0.47038157894736843,0.0,0.0,{},1.0,1000,0
9500,block3.W1,7,76000,0.0,0.0,0.0,{},1.0,1000,0
9500,block3.W2,8,76000,0.4906052631578947,0.0,0.0,{},1.0,1000,0
9500,block4.W1,9,76000,0.0,0.0,0.0,{},1.0,1000,0
9500,block4.W2,10,76000,0.4973421052631579,0.0,0.0,{},1.0,1000,0
9500,block5.W1,11,76000,0.0,0.0,0.0,{},1.0,1000,0
9500,block5.W2,12,76000,0.5385131578947369,0.0,0.0,{},1.0,1000,0
9500,block6.W1,13,76000,0.0,0.0,0.0,{},1.0,1000,0
9500,block6.W2,14,76000,0.506671052631579,0.0,0.0,{},1.0,1000,0
9500,block7.W1,15,76000,0.0,0.0,0.0,{},1.0,1000,0
9500,block7.W2,16,76000,0.5139473684210526,0.0,0.0,{},1.0,1000,0
9500,W_out,17,76000,0.0,0.0,0.0,{},1.0,1000,0
10000,W_in,0,90000,0.0,0.0,0.0,{},1.0,1000,0
10000,block0.W1,1,76000,0.0,0.0,0.0,{},1.0,1000,0
10000,block0.W2,2,76000,0.46160526315789474,0.0,0.0,{},1.0,1000,0
10000,block1.W1,3,76000,0.0,0.0,0.0,{},1.0,1000,0
10000,block1.W2,4,76000,0.48496052631578945,0.0,0.0,{},1.0,1000,0
10000,block2.W1,5,76000,0.0,0.0,0.0,{},1.0,1000,0
10000,block2.W2,6,76000,0.4769078947368421,0.0,0.0,{},1.0,1000,0
10000,block3.W1,7,76000,0.0,0.0,0.0,{},1.0,1000,0
10000,block3.W2,8,76000,0.48927631578947367,0.0,0.0,{},1.0,1000,0
10000,block4.W1,9,76000,0.0,0.0,0.0,{},1.0,1000,0
10000,block4.W2,10,76000,0.4934210526315789,0.0,0.0,{},1.0,1000,0
10000,block5.W1,11,76000,0.0,0.0,0.0,{},1.0,1000,0
10000,block5.W2,12,76000,0.5328815789473684,0.0,0.0,{},1.0,1000,0
10000,block6.W1,13,76000,0.0,0.0,0.0,{},1.0,1000,0
10000,block6.W2,14,76000,0.5045921052631579,0.0,0.0,{},1.0,1000,0
10000,block7.W1,15,76000,0.0,0.0,0.0,{},1.0,1000,0
10000,block7.W2,16,76000,0.5214736842105263,0.0,0.0,{},1.0,1000,0
10000,W_out,17,76000,0.0,0.0,0.0,{},1.0,1000,0
10500,W_in,0,90000,0.0,0.0,0.0,{},1.0,1000,0
10500,block0.W1,1,76000,0.0,0.0,0.0,{},1.0,1000,0
10500,block0.W2,2,76000,0.46123684210526317,0.0,0.0,{},1.0,1000,0
10500,block1.W1,3,76000,0.0,0.0,0.0,{},1.0,1000,0
10500,block1.W2,4,76000,0.48310526315789476,0.0,0.0,{},1.0,1000,0
10500,block2.W1,5,76000,0.0,0.0,0.0,{},1.0,1000,0
10500,block2.W2,6,76000,0.4736447368421053,0.0,0.0,{},1.0,1000,0
10500,block3.W1,7,76000,0.0,0.0,0.0,{},1.0,1000,0
10500,block3.W2,8,76000,0.4923026315789474,0.0,0.0,{},1.0,1000,0
10500,block4.W1,9,76000,0.0,0.0,0.0,{},1.0,1000,0
10500,block4.W2,10,76000,0.49226315789473685,0.0,0.0,{},1.0,1000,0
10500,block5.W1,11,76000,0.0,0.0,0.0,{},1.0,1000,0
10500,block5.W2,12,76000,0.5401052631578948,0.0,0.0,{},1.0,1000,0
10500,block6.W1,13,76000,0.0,0.0,0.0,{},1.0,1000,0
10500,block6.W2,14,76000,0.5039473684210526,0.0,0.0,{},1.0,1000,0
10500,block7.W1,15,76000,0.0,0.0,0.0,{},1.0,1000,0
10500,block7.W2,16,76000,0.5178684210526315,0.0,0.0,{},1.0,1000,0
10500,W_out,17,76000,0.0,0.0,0.0,{},1.0,1000,0
11000,W_in,0,90000,0.0,0.0,0.0,{},1.0,1000,0
11000,block0.W1,1,76000,0.0,0.0,0.0,{},1.0,1000,0
11000,block0.W2,2,76000,0.4545921052631579,0.0,0.0,{},1.0,1000,0
11000,block1.W1,3,76000,0.0,0.0,0.0,{},1.0,1000,0
11000,block1.W2,4,76000,0.4883026315789474,0.0,0.0,{},1.0,1000,0
11000,block2.W1,5,76000,0.0,0.0,0.0,{},1.0,1000,0
11000,block2.W2,6,76000,0.4785263157894737,0.0,0.0,{},1.0,1000,0
11000,block3.W1,7,76000,0.0,0.0,0.0,{},1.0,1000,0
11000,block3.W2,8,76000,0.49586842105263157,0.0,0.0,{},1.0,1000,0
11000,block4.W1,9,76000,0.0,0.0,0.0,{},1.0,1000,0
11000,block4.W2,10,76000,0.4910263157894737,0.0,0.0,{},1.0,1000,0
11000,block5.W1,11,76000,0.0,0.0,0.0,{},1.0,1000,0
11000,block5.W2,12,76000,0.5424210526315789,0.0,0.0,{},1.0,1000,0
11000,block6.W1,13,76000,0.0,0.0,0.0,{},1.0,1000,0
11000,block6.W2,14,76000,0.501671052631579,0.0,0.0,{},1.0,1000,0
11000,block7.W1,15,76000,0.0,0.0,0.0,{},1.0,1000,0
11000,block7.W2,16,76000,0.5110921052631578,0.0,0.0,{},1.0,1000,0
11000,W_out,17,76000,0.0,0.0,0.0,{},1.0,1000,0
11500,W_in,0,90000,0.0,0.0,0.0,{},1.0,1000,0
11500,block0.W1,1,76000,0.0,0.0,0.0,{},1.0,1000,0
11500,block0.W2,2,76000,0.45435526315789476,0.0,0.0,{},1.0,1000,0
11500,block1.W1,3,76000,0.0,0.0,0.0,{},1.0,1000,0
11500,block1.W2,4,76000,0.48875,0.0,0.0,{},1.0,1000,0
11500,block2.W1,5,76000,0.0,0.0,0.0,{},1.0,1000,0
11500,block2.W2,6,76000,0.4819078947368421,0.0,0.0,{},1.0,1000,0
11500,block3.W1,7,76000,0.0,0.0,0.0,{},1.0,1000,0
11500,block3.W2,8,76000,0.5030526315789474,0.0,0.0,{},1.0,1000,0
11500,block4.W1,9,76000,0.0,0.0,0.0,{},1.0,1000,0
11500,block4.W2,10,76000,0.49375,0.0,0.0,{},1.0,1000,0
11500,block5.W1,11,76000,0.0,0.0,0.0,{},1.0,1000,0
11500,block5.W2,12,76000,0.538671052631579,0.0,0.0,{},1.0,1000,0
11500,block6.W1,13,76000,0.0,0.0,0.0,{},1.0,1000,0
11500,block6.W2,14,76000,0.5015526315789474,0.0,0.0,{},1.0,1000,0
11500,block7.W1,15,76000,0.0,0.0,0.0,{},1.0,1000,0
11500,block7.W2,16,76000,0.5145131578947368,0.0,0.0,{},1.0,1000,0
11500,W_out,17,76000,0.0,0.0,0.0,{},1.0,1000,0
12000,W_in,0,90000,0.0,0.0,0.0,{},1.0,1000,0
12000,block0.W1,1,76000,0.0,0.0,0.0,{},1.0,1000,0
12000,block0.W2,2,76000,0.45823684210526316,0.0,0.0,{},1.0,1000,0
12000,block1.W1,3,76000,0.0,0.0,0.0,{},1.0,1000,0
12000,block1.W2,4,76000,0.48527631578947367,0.0,0.0,{},1.0,1000,0
12000,block2.W1,5,76000,0.0,0.0,0.0,{},1.0,1000,0
12000,block2.W2,6,76000,0.4818289473684211,0.0,0.0,{},1.0,1000,0
12000,block3.W1,7,76000,0.0,0.0,0.0,{},1.0,1000,0
12000,block3.W2,8,76000,0.4993684210526316,0.0,0.0,{},1.0,1000,0
12000,block4.W1,9,76000,0.0,0.0,0.0,{},1.0,1000,0
12000,block4.W2,10,76000,0.5053947368421052,0.0,0.0,{},1.0,1000,0
12000,block5.W1,11,76000,0.0,0.0,0.0,{},1.0,1000,0
12000,block5.W2,12,76000,0.5407763157894737,0.0,0.0,{},1.0,1000,0
12000,block6.W1,13,76000,0.0,0.0,0.0,{},1.0,1000,0
12000,block6.W2,14,76000,0.5033026315789474,0.0,0.0,{},1.0,1000,0
12000,block7.W1,15,76000,0.0,0.0,0.0,{},1.0,1000,0
12000,block7.W2,16,76000,0.5050526315789474,0.0,0.0,{},1.0,1000,0
12000,W_out,17,76000,0.0,0.0,0.0,{},1.0,1000,0
