epoch,train_loss,train_accuracy,val_loss,val_accuracy,lr,selected_best,elapsed_seconds
1,1.1862890162467956,0.5872,0.664428955078125,0.784,0.001,True,0.3149008974432945
2,0.4223782633304596,0.8694,0.4031171569824219,0.878,0.001,True,0.46449288353323936
3,0.31888167400360107,0.9033,0.3267607421875,0.912,0.001,True,0.6136688068509102
4,0.2429016484260559,0.9283,0.26910626220703127,0.923,0.001,True,0.7624533288180828
5,0.1953917589187622,0.9415,0.27081427001953123,0.92,0.001,False,0.9100073203444481
6,0.17071524052619935,0.9471,0.2747504272460938,0.916,0.001,False,1.0571140199899673
7,0.1698181451320648,0.948,0.2781632080078125,0.924,0.001,False,1.204229425638914
8,0.1338535150051117,0.961,0.25364730834960936,0.925,0.001,True,1.3520290777087212
9,0.13578303685188292,0.9604,0.23867605590820312,0.941,0.001,True,1.500021006911993
10,0.12957632403969765,0.9624,0.25177479553222654,0.926,0.001,False,1.6472621411085129
11,0.11199301160275936,0.9658,0.22874229431152343,0.93,0.001,True,1.7950657978653908
12,0.09955383069515228,0.9689,0.2094254913330078,0.944,0.001,True,1.9428256414830685
13,0.10078368746042252,0.9703,0.2535032653808594,0.929,0.001,False,2.089453473687172
14,0.10404313674867154,0.9683,0.238364501953125,0.94,0.001,False,2.2361596152186394
15,0.07678808633089065,0.9761,0.19198719787597657,0.949,0.001,True,2.3841877542436123
16,0.06625431727170944,0.9796,0.25204776000976564,0.938,0.001,False,2.5315496176481247
17,0.07207543736249208,0.9774,0.20487713623046874,0.948,0.001,False,2.6777458302676678
18,0.05170710729341954,0.9848,0.2234121856689453,0.94,0.001,False,2.8240605369210243
19,0.04548334817290306,0.9858,0.22025790405273438,0.944,0.001,False,2.970297008752823
20,0.06847447397708893,0.9792,0.24528359985351564,0.939,0.001,False,3.116575539112091
21,0.05602854450941086,0.9836,0.22035713195800782,0.942,0.001,False,3.2627852521836758
22,0.03165418626964092,0.9908,0.2116756134033203,0.946,0.0005,False,3.4090122543275356
23,0.014308411521837115,0.9959,0.22387640380859375,0.949,0.0005,False,3.5552194975316525
24,0.009814685699343682,0.9972,0.21302012634277342,0.953,0.0005,False,3.701190635561943
25,0.0072012519290670755,0.9981,0.23241447448730468,0.952,0.0005,False,3.8473313823342323
26,0.005599202466476709,0.9985,0.2553576507568359,0.952,0.0005,False,3.9935536310076714
27,0.010997147730365395,0.9964,0.23462324523925782,0.956,0.0005,False,4.139903198927641
28,0.008827732275798916,0.9976,0.21750489807128906,0.957,0.00025,False,4.286045804619789
29,0.00478177647581324,0.9986,0.24017332458496093,0.956,0.00025,False,4.432184800505638
30,0.003346431012119865,0.9993,0.23614105224609375,0.957,0.00025,False,4.578518807888031
31,0.002864151415968081,0.9993,0.25233721923828123,0.957,0.00025,False,4.72483017295599
32,0.0025291620735311882,0.9993,0.24776837158203124,0.957,0.00025,False,4.8709649331867695
33,0.0022902240477502347,0.9993,0.2582607421875,0.958,0.00025,False,5.017302222549915
34,0.002107622915090178,0.9993,0.25713214111328125,0.958,0.000125,False,5.163619831204414
35,0.0019162877197377384,0.9994,0.25814410400390625,0.959,0.000125,False,5.30996099114418
