condition,seed,stage,layer,values,zero_fraction,mse,relative_squared_error,cosine_mean_valid,cosine_valid_examples,cosine_undefined_examples,code_-1_fraction,code_0_fraction,code_1_fraction
residual,0,initial,0,90000,0.11097777777777777,0.20353275200104815,0.3443828583467337,0.8199608809768789,1000,0,0.6533777777777777,0.11097777777777777,0.23564444444444443
residual,0,initial,1,79000,0.3139367088607595,0.08894980035478414,0.21417337440789264,0.8863500574850609,1000,0,0.36063291139240505,0.3139367088607595,0.3254303797468354
residual,0,initial,2,82000,0.30473170731707316,0.1311968389203195,0.20405860455285346,0.89253017815759,1000,0,0.3626951219512195,0.30473170731707316,0.33257317073170733
residual,0,initial,3,80000,0.3018625,0.2353668088108514,0.2001580539300204,0.8939548319713071,1000,0,0.36725,0.3018625,0.3308875
residual,0,initial,4,82000,0.3083658536585366,0.39799820263071595,0.2082472514316426,0.8898416591690648,1000,0,0.3575853658536585,0.3083658536585366,0.3340487804878049
residual,0,initial,5,80000,0.3077875,0.7296569419664733,0.21039363627940721,0.888175941868751,1000,0,0.350775,0.3077875,0.3414375
residual,0,initial,6,82000,0.3050731707317073,1.2712811703681195,0.20602142271125817,0.891034556302734,1000,0,0.3478414634146341,0.3050731707317073,0.3470853658536585
residual,0,initial,7,81000,0.3068395061728395,2.3381017830621316,0.20917219608123716,0.8889531999177418,1000,0,0.3487654320987654,0.3068395061728395,0.34439506172839507
residual,0,initial,8,81000,0.31135802469135804,4.278723345866437,0.2118256640021853,0.8879540456441825,1000,0,0.36401234567901236,0.31135802469135804,0.32462962962962966
residual,0,initial,9,81000,0.3079876543209877,8.078071834017006,0.2116266903212079,0.8881073561271678,1000,0,0.3835802469135802,0.3079876543209877,0.3084320987654321
residual,0,initial,10,81000,0.30576543209876544,15.300600532555059,0.20770095024340948,0.8904705564657124,1000,0,0.36965432098765433,0.30576543209876544,0.32458024691358023
residual,0,initial,11,81000,0.30739506172839504,28.4111292612049,0.20986058128610913,0.889536408533615,1000,0,0.37444444444444447,0.30739506172839504,0.3181604938271605
residual,0,initial,12,82000,0.3139390243902439,53.6714436765828,0.21751766379653772,0.884724754503252,1000,0,0.3667439024390244,0.3139390243902439,0.3193170731707317
residual,0,initial,13,81000,0.30858024691358027,90.70117623552075,0.20999182637618508,0.8882276675334743,1000,0,0.36518518518518517,0.30858024691358027,0.32623456790123456
residual,0,initial,14,82000,0.30471951219512194,154.0807091938148,0.20434607872454738,0.8909523046369501,1000,0,0.3518780487804878,0.30471951219512194,0.34340243902439027
residual,0,initial,15,80000,0.3076375,281.38644502651573,0.2062889163400888,0.8901943904691232,1000,0,0.3538,0.3076375,0.3385625
residual,0,final,0,90000,0.11097777777777777,0.20353275200104815,0.3443828583467337,0.8199608809768789,1000,0,0.6533777777777777,0.11097777777777777,0.23564444444444443
residual,0,final,1,79000,0.3032405063291139,0.08654306042164098,0.2119796871870471,0.8869342655392208,1000,0,0.37950632911392407,0.3032405063291139,0.317253164556962
residual,0,final,2,82000,0.3098170731707317,0.11760544183336488,0.20652798986514667,0.8896123576311887,1000,0,0.38232926829268293,0.3098170731707317,0.30785365853658536
residual,0,final,3,80000,0.3056375,0.18783129410440538,0.20702638986117344,0.8893840270776285,1000,0,0.360975,0.3056375,0.3333875
residual,0,final,4,82000,0.3064268292682927,0.3105167345584231,0.2060205011491913,0.89049435492412,1000,0,0.3585121951219512,0.3064268292682927,0.3350609756097561
residual,0,final,5,80000,0.30965,0.5570482670568434,0.2126503005568047,0.887640198297366,1000,0,0.3463375,0.30965,0.3440125
residual,0,final,6,82000,0.31034146341463414,0.9197761043984813,0.2099215761782047,0.8889019446561909,1000,0,0.34942682926829266,0.31034146341463414,0.3402317073170732
residual,0,final,7,81000,0.30758024691358027,1.4958826788799937,0.2110429147814466,0.8877777746688872,1000,0,0.32737037037037037,0.30758024691358027,0.36504938271604936
residual,0,final,8,81000,0.30949382716049384,2.567522656544969,0.2111241323482227,0.8878648801562582,1000,0,0.34353086419753087,0.30949382716049384,0.3469753086419753
residual,0,final,9,81000,0.3090864197530864,4.478968248242604,0.20718753623045247,0.8897145083805295,1000,0,0.36118518518518516,0.3090864197530864,0.3297283950617284
residual,0,final,10,81000,0.3082469135802469,8.095134907171735,0.20712594740324605,0.889588543653202,1000,0,0.3672469135802469,0.3082469135802469,0.32450617283950617
residual,0,final,11,81000,0.30764197530864196,14.154560366398792,0.20806013632714832,0.8889209183395893,1000,0,0.3638271604938272,0.30764197530864196,0.32853086419753086
residual,0,final,12,82000,0.3088048780487805,23.579397084958025,0.20981241050146046,0.888274975851774,1000,0,0.34941463414634144,0.3088048780487805,0.3417804878048781
residual,0,final,13,81000,0.30869135802469133,41.53387892857114,0.20914545358575665,0.8895850279330212,1000,0,0.3500740740740741,0.30869135802469133,0.3412345679012346
residual,0,final,14,82000,0.3064512195121951,72.85404863130518,0.20943767709940944,0.8896586331711138,1000,0,0.34610975609756095,0.3064512195121951,0.3474390243902439
residual,0,final,15,80000,0.3071625,131.51624086681716,0.20829235524255627,0.8897086202250419,1000,0,0.3465375,0.3071625,0.3463
residual,2,initial,0,90000,0.11097777777777777,0.20353275200104815,0.3443828583467337,0.8199608809768789,1000,0,0.6533777777777777,0.11097777777777777,0.23564444444444443
residual,2,initial,1,79000,0.294,0.08411248623790149,0.22189953542148047,0.8803996710516465,1000,0,0.3366329113924051,0.294,0.36936708860759493
residual,2,initial,2,82000,0.30921951219512195,0.17182182903658352,0.2317152246615198,0.8741799989950866,1000,0,0.3373658536585366,0.30921951219512195,0.35341463414634144
residual,2,initial,3,80000,0.30185,0.2468812350043857,0.19932598255838946,0.8947000282669954,1000,0,0.3409125,0.30185,0.3572375
residual,2,initial,4,82000,0.3064268292682927,0.5171035346766213,0.2042064685475147,0.8925877824501224,1000,0,0.3258658536585366,0.3064268292682927,0.3677073170731707
residual,2,initial,5,80000,0.309275,0.9802196467816381,0.20849689831209453,0.8899318132339733,1000,0,0.364,0.309275,0.326725
residual,2,initial,6,82000,0.3085,1.791990136127095,0.2082552145087672,0.8892181531542627,1000,0,0.3515243902439024,0.3085,0.3399756097560976
residual,2,initial,7,81000,0.31039506172839504,3.0043482645477297,0.21167318470086216,0.8875243333644296,1000,0,0.3578641975308642,0.31039506172839504,0.3317407407407407
residual,2,initial,8,81000,0.306320987654321,5.523533786089385,0.2072942880543668,0.8903373963779518,1000,0,0.3511851851851852,0.306320987654321,0.3424938271604938
residual,2,initial,9,81000,0.3172469135802469,10.762996570865935,0.23168702926968238,0.8768438833554171,1000,0,0.3296296296296296,0.3172469135802469,0.35312345679012347
residual,2,initial,10,81000,0.31107407407407406,16.477495627195303,0.2171509183747517,0.8844252840719738,1000,0,0.3227777777777778,0.31107407407407406,0.36614814814814817
residual,2,initial,11,81000,0.31020987654320986,27.630699070356396,0.20890789929148607,0.8885178549016282,1000,0,0.32680246913580246,0.31020987654320986,0.3629876543209877
residual,2,initial,12,82000,0.3113292682926829,51.82184466771376,0.21082277889352763,0.8883047460984351,1000,0,0.3324390243902439,0.3113292682926829,0.35623170731707315
residual,2,initial,13,81000,0.3108395061728395,92.89418075403455,0.21121807852730026,0.888217433500147,1000,0,0.3378888888888889,0.3108395061728395,0.3512716049382716
residual,2,initial,14,82000,0.30935365853658536,162.866487286709,0.21099470480524224,0.887650550534851,1000,0,0.34480487804878046,0.30935365853658536,0.3458414634146341
residual,2,initial,15,80000,0.30685,304.7536295307198,0.20897859351062775,0.889241991009091,1000,0,0.3326,0.30685,0.36055
residual,2,final,0,90000,0.11097777777777777,0.20353275200104815,0.3443828583467337,0.8199608809768789,1000,0,0.6533777777777777,0.11097777777777777,0.23564444444444443
residual,2,final,1,79000,0.29355696202531645,0.07023935931569147,0.2131778553890739,0.8873808585474355,1000,0,0.32156962025316455,0.29355696202531645,0.384873417721519
residual,2,final,2,82000,0.31259756097560976,0.11062363818594527,0.21304331503505938,0.8866791149907887,1000,0,0.3514512195121951,0.31259756097560976,0.33595121951219514
residual,2,final,3,80000,0.3095875,0.17594895730521667,0.20630154746627116,0.8910644064876452,1000,0,0.34735,0.3095875,0.3430625
residual,2,final,4,82000,0.3021219512195122,0.2879615230723063,0.20253092647729715,0.8938765019633539,1000,0,0.3273536585365854,0.3021219512195122,0.37052439024390244
residual,2,final,5,80000,0.3069625,0.5175974808538606,0.2084181235719902,0.8895471947399949,1000,0,0.34535,0.3069625,0.3476875
residual,2,final,6,82000,0.309,0.8786443762711348,0.2100612739061802,0.888607565803088,1000,0,0.3531219512195122,0.309,0.3378780487804878
residual,2,final,7,81000,0.3052962962962963,1.4015409648066042,0.20772270295029274,0.889460012031802,1000,0,0.3464567901234568,0.3052962962962963,0.3482469135802469
residual,2,final,8,81000,0.30876543209876545,2.4867939028744614,0.210823189526635,0.8886169442393211,1000,0,0.3480987654320988,0.30876543209876545,0.3431358024691358
residual,2,final,9,81000,0.30965432098765433,4.163546761427632,0.20929595474389662,0.8887645319620613,1000,0,0.3500987654320988,0.30965432098765433,0.3402469135802469
residual,2,final,10,81000,0.31290123456790125,7.531015759941663,0.2144467083400037,0.8860831729124657,1000,0,0.34053086419753087,0.31290123456790125,0.3465679012345679
residual,2,final,11,81000,0.3062469135802469,12.843971014650046,0.2078086330401763,0.8890971761138954,1000,0,0.3568395061728395,0.3062469135802469,0.3369135802469136
residual,2,final,12,82000,0.3104878048780488,23.552184598759457,0.2096097838585812,0.8886332272872514,1000,0,0.3497073170731707,0.3104878048780488,0.3398048780487805
residual,2,final,13,81000,0.3100246913580247,41.727938747955434,0.21364787274947486,0.8872304124826419,1000,0,0.3431111111111111,0.3100246913580247,0.34686419753086417
residual,2,final,14,82000,0.3083658536585366,70.48397227414584,0.20823007235357568,0.8893282191515568,1000,0,0.34340243902439027,0.3083658536585366,0.34823170731707315
residual,2,final,15,80000,0.306475,124.74206099912772,0.20739263725295598,0.8897983936953238,1000,0,0.3395125,0.306475,0.3540125
residual,1,initial,0,90000,0.11097777777777777,0.20353275200104815,0.3443828583467337,0.8199608809768789,1000,0,0.6533777777777777,0.11097777777777777,0.23564444444444443
residual,1,initial,1,79000,0.30737974683544306,0.08069430855661165,0.21418911060101595,0.88606115639078,1000,0,0.38454430379746835,0.30737974683544306,0.3080759493670886
residual,1,initial,2,82000,0.2990243902439024,0.12953422167808595,0.20200310512723402,0.8930335303947178,1000,0,0.37797560975609756,0.2990243902439024,0.323
residual,1,initial,3,80000,0.3059375,0.25000887637349206,0.20999382263565647,0.8885051050205401,1000,0,0.3703375,0.3059375,0.323725
residual,1,initial,4,82000,0.31085365853658536,0.4993255175158713,0.20407394782245625,0.8920522632785264,1000,0,0.34175609756097564,0.31085365853658536,0.347390243902439
residual,1,initial,5,80000,0.312625,0.9178888829909347,0.21310753654547251,0.8865394256044903,1000,0,0.31285,0.312625,0.374525
residual,1,initial,6,82000,0.31452439024390244,1.8384022253559846,0.2193092219894865,0.8838167012016915,1000,0,0.3072682926829268,0.31452439024390244,0.37820731707317073
residual,1,initial,7,81000,0.31196296296296294,3.2307048488237435,0.2150410403126425,0.8857735330033998,1000,0,0.31112345679012343,0.31196296296296294,0.37691358024691357
residual,1,initial,8,81000,0.3034074074074074,4.96550865450388,0.20214286474516066,0.8927691466632314,1000,0,0.32737037037037037,0.3034074074074074,0.36922222222222223
residual,1,initial,9,81000,0.3082716049382716,9.389387436432502,0.2077444296985316,0.8897588378422024,1000,0,0.3534814814814815,0.3082716049382716,0.3382469135802469
residual,1,initial,10,81000,0.3078888888888889,16.361188377804467,0.20800768452270677,0.889492387018198,1000,0,0.356641975308642,0.3078888888888889,0.3354691358024691
residual,1,initial,11,81000,0.31433333333333335,29.104879574635447,0.21330606453719123,0.8867843670635407,1000,0,0.3534938271604938,0.31433333333333335,0.3321728395061728
residual,1,initial,12,82000,0.30729268292682926,47.6911185762348,0.2074553602109707,0.889794056208294,1000,0,0.3616829268292683,0.30729268292682926,0.33102439024390246
residual,1,initial,13,81000,0.309,87.20582897350981,0.21071967862067936,0.8883271362227935,1000,0,0.36966666666666664,0.309,0.32133333333333336
residual,1,initial,14,82000,0.3073292682926829,155.86170452542072,0.2121052749476127,0.8872802234646557,1000,0,0.36558536585365853,0.3073292682926829,0.32708536585365855
residual,1,initial,15,80000,0.309575,265.83793487656476,0.21142703700354978,0.8880325566472703,1000,0,0.3472,0.309575,0.343225
residual,1,final,0,90000,0.11097777777777777,0.20353275200104815,0.3443828583467337,0.8199608809768789,1000,0,0.6533777777777777,0.11097777777777777,0.23564444444444443
residual,1,final,1,79000,0.31418987341772153,0.08559954519490388,0.21937625057636523,0.8834544829777808,1000,0,0.36886075949367086,0.31418987341772153,0.3169493670886076
residual,1,final,2,82000,0.3195487804878049,0.1367704745198279,0.22841676885940032,0.8789772540359952,1000,0,0.3691219512195122,0.3195487804878049,0.3113292682926829
residual,1,final,3,80000,0.3076375,0.20514604091837518,0.21014830958553424,0.888456171244521,1000,0,0.3938875,0.3076375,0.298475
residual,1,final,4,82000,0.30529268292682926,0.34495659122218325,0.20543130375649576,0.8909451180300386,1000,0,0.3600853658536585,0.30529268292682926,0.3346219512195122
residual,1,final,5,80000,0.310375,0.5863625376675141,0.2105353732218001,0.8884096210134692,1000,0,0.3433375,0.310375,0.3462875
residual,1,final,6,82000,0.31279268292682927,0.9598398720205168,0.21394153676343566,0.8866060706902319,1000,0,0.3256951219512195,0.31279268292682927,0.3615121951219512
residual,1,final,7,81000,0.30666666666666664,1.5176656396536765,0.2053300795373475,0.8905992917731178,1000,0,0.32509876543209876,0.30666666666666664,0.36823456790123454
residual,1,final,8,81000,0.30844444444444447,2.681689285312516,0.21018282109388195,0.8891897653975268,1000,0,0.3318888888888889,0.30844444444444447,0.3596666666666667
residual,1,final,9,81000,0.30804938271604937,4.643423813042879,0.2084312764134095,0.8897292482945268,1000,0,0.3515061728395062,0.30804938271604937,0.34044444444444444
residual,1,final,10,81000,0.30822222222222223,7.866563999000395,0.20795304898377379,0.8894170995361405,1000,0,0.3437530864197531,0.30822222222222223,0.3480246913580247
residual,1,final,11,81000,0.30553086419753084,13.736569689105306,0.2043533028921214,0.891273830250611,1000,0,0.3369506172839506,0.30553086419753084,0.3575185185185185
residual,1,final,12,82000,0.3118658536585366,23.781913345076838,0.21066583537194702,0.8882475766327913,1000,0,0.3382439024390244,0.3118658536585366,0.349890243902439
residual,1,final,13,81000,0.31012345679012343,40.67956507905085,0.20880084011242506,0.8893781596285576,1000,0,0.3464567901234568,0.31012345679012343,0.34341975308641975
residual,1,final,14,82000,0.30970731707317073,72.19640274673809,0.2111902130245541,0.8879910087164189,1000,0,0.34,0.30970731707317073,0.35029268292682925
residual,1,final,15,80000,0.3085875,128.42084761326782,0.20882917800808945,0.8888406173073611,1000,0,0.3360625,0.3085875,0.35535
rmsnorm,1,initial,0,90000,0.11097777777777777,0.20353275200104815,0.3443828583467337,0.8199608809768789,1000,0,0.6533777777777777,0.11097777777777777,0.23564444444444443
rmsnorm,1,initial,1,79000,0.30737974683544306,0.08069430855661165,0.21418911060101595,0.88606115639078,1000,0,0.38454430379746835,0.30737974683544306,0.3080759493670886
rmsnorm,1,initial,2,82000,0.3235,0.16284838905340637,0.1991021363834899,0.8948138343822202,1000,0,0.343,0.3235,0.3335
rmsnorm,1,initial,3,80000,0.3169375,0.19641960545401524,0.2016073117275541,0.8936170293352378,1000,0,0.347625,0.3169375,0.3354375
rmsnorm,1,initial,4,82000,0.3060731707317073,0.21723140007365546,0.20238024974667876,0.893157473510692,1000,0,0.33896341463414636,0.3060731707317073,0.3549634146341463
rmsnorm,1,initial,5,80000,0.315575,0.22786576523115323,0.21743397768212228,0.8850263264316729,1000,0,0.364025,0.315575,0.3204
rmsnorm,1,initial,6,82000,0.3196341463414634,0.19339205505810952,0.20138842419579311,0.8936253415433869,1000,0,0.3267560975609756,0.3196341463414634,0.35360975609756096
rmsnorm,1,initial,7,81000,0.3197530864197531,0.19146381153928815,0.200987610942283,0.8938551113650056,1000,0,0.34355555555555556,0.3197530864197531,0.33669135802469136
rmsnorm,1,initial,8,81000,0.31809876543209875,0.20292345183779573,0.203410992573608,0.892612785256709,1000,0,0.33328395061728394,0.31809876543209875,0.3486172839506173
rmsnorm,1,initial,9,81000,0.31692592592592594,0.20670300327440908,0.20574854282283428,0.8914581522884212,1000,0,0.35498765432098767,0.31692592592592594,0.32808641975308644
rmsnorm,1,initial,10,81000,0.316,0.19518746863900932,0.201671712489275,0.8936144975856641,1000,0,0.360358024691358,0.316,0.32364197530864197
rmsnorm,1,initial,11,81000,0.3204444444444444,0.1950618091274064,0.20416184027366294,0.8920831652471304,1000,0,0.33167901234567904,0.3204444444444444,0.34787654320987654
rmsnorm,1,initial,12,82000,0.323109756097561,0.1962449029798316,0.20377186008183265,0.8923911225818315,1000,0,0.3447682926829268,0.323109756097561,0.3321219512195122
rmsnorm,1,initial,13,81000,0.3220246913580247,0.19835360771388005,0.20485522735951636,0.8917360864383013,1000,0,0.34298765432098766,0.3220246913580247,0.33498765432098765
rmsnorm,1,initial,14,82000,0.31578048780487805,0.20441169381810612,0.20400741070315878,0.8922628028706528,1000,0,0.33969512195121954,0.31578048780487805,0.3445243902439024
rmsnorm,1,initial,15,80000,0.3163,0.20720963814356183,0.20666002528477256,0.8909634339635307,1000,0,0.347075,0.3163,0.336625
rmsnorm,1,final,0,90000,0.11097777777777777,0.20353275200104815,0.3443828583467337,0.8199608809768789,1000,0,0.6533777777777777,0.11097777777777777,0.23564444444444443
rmsnorm,1,final,1,79000,0.30870886075949366,0.08593339138525115,0.21979855673909932,0.8829522717284853,1000,0,0.3898860759493671,0.30870886075949366,0.30140506329113925
rmsnorm,1,final,2,82000,0.3149878048780488,0.18947729765215146,0.1966756458082809,0.8963848605934462,1000,0,0.3268536585365854,0.3149878048780488,0.35815853658536584
rmsnorm,1,final,3,80000,0.3195,0.1898043762103606,0.20254517204331315,0.893041424389553,1000,0,0.3223,0.3195,0.3582
rmsnorm,1,final,4,82000,0.3228048780487805,0.18295033904958483,0.1999803042645827,0.8943516574930362,1000,0,0.3511463414634146,0.3228048780487805,0.3260487804878049
rmsnorm,1,final,5,80000,0.3073375,0.22259010905555998,0.20793127620049914,0.8900453967116576,1000,0,0.3488375,0.3073375,0.343825
rmsnorm,1,final,6,82000,0.32232926829268294,0.19424631276632592,0.20548353015874848,0.8913575516933089,1000,0,0.3383536585365854,0.32232926829268294,0.33931707317073173
rmsnorm,1,final,7,81000,0.32312345679012344,0.1953874803312089,0.20367292408413556,0.8923254403780814,1000,0,0.3191111111111111,0.32312345679012344,0.35776543209876543
rmsnorm,1,final,8,81000,0.321679012345679,0.2027547717299977,0.20455335267194658,0.8919857569835408,1000,0,0.34425925925925926,0.321679012345679,0.3340617283950617
rmsnorm,1,final,9,81000,0.3157037037037037,0.2037877159852668,0.20357150172139218,0.8924564103677926,1000,0,0.344679012345679,0.3157037037037037,0.3396172839506173
rmsnorm,1,final,10,81000,0.31566666666666665,0.2016252093194457,0.2024724138024684,0.8932236630780543,1000,0,0.3562716049382716,0.31566666666666665,0.3280617283950617
rmsnorm,1,final,11,81000,0.3148641975308642,0.1990253835912524,0.2024419247210577,0.8931200159506788,1000,0,0.3496172839506173,0.3148641975308642,0.3355185185185185
rmsnorm,1,final,12,82000,0.3177560975609756,0.2032489627329782,0.20457994556920675,0.8920111801252046,1000,0,0.33345121951219514,0.3177560975609756,0.34879268292682925
rmsnorm,1,final,13,81000,0.31253086419753084,0.21178724134229038,0.20745839341218486,0.890411057144939,1000,0,0.3429506172839506,0.31253086419753084,0.3445185185185185
rmsnorm,1,final,14,82000,0.31470731707317073,0.2125744286042136,0.20585066167742885,0.8913770468031057,1000,0,0.343,0.31470731707317073,0.3422926829268293
rmsnorm,1,final,15,80000,0.3136125,0.20105724229657362,0.20368112806046695,0.8925529402567413,1000,0,0.3397875,0.3136125,0.3466
rmsnorm,2,initial,0,90000,0.11097777777777777,0.20353275200104815,0.3443828583467337,0.8199608809768789,1000,0,0.6533777777777777,0.11097777777777777,0.23564444444444443
rmsnorm,2,initial,1,79000,0.294,0.08411248623790149,0.22189953542148047,0.8803996710516465,1000,0,0.3366329113924051,0.294,0.36936708860759493
rmsnorm,2,initial,2,82000,0.30959756097560975,0.24949541351938628,0.22219119743334517,0.8822033744530697,1000,0,0.3563170731707317,0.30959756097560975,0.33408536585365856
rmsnorm,2,initial,3,80000,0.3194125,0.18314916379892415,0.20220030609603246,0.8927929313243449,1000,0,0.3164625,0.3194125,0.364125
rmsnorm,2,initial,4,82000,0.3073658536585366,0.22765346139959433,0.2073973813475359,0.8904032116912008,1000,0,0.32078048780487806,0.3073658536585366,0.37185365853658536
rmsnorm,2,initial,5,80000,0.3117125,0.2166459759368955,0.2100354405981466,0.888903379010925,1000,0,0.3583125,0.3117125,0.329975
rmsnorm,2,initial,6,82000,0.3201829268292683,0.1987795828839446,0.20546832209854005,0.8915034396022022,1000,0,0.32851219512195123,0.3201829268292683,0.35130487804878047
rmsnorm,2,initial,7,81000,0.3180493827160494,0.19332571595238618,0.20454822892714586,0.8918865801287262,1000,0,0.3194814814814815,0.3180493827160494,0.36246913580246914
rmsnorm,2,initial,8,81000,0.31685185185185183,0.20509644192307758,0.20409240900175624,0.8921510001024566,1000,0,0.34417283950617283,0.31685185185185183,0.3389753086419753
rmsnorm,2,initial,9,81000,0.31577777777777777,0.20357177490013922,0.20398645261915707,0.8923003928799786,1000,0,0.3367654320987654,0.31577777777777777,0.3474567901234568
rmsnorm,2,initial,10,81000,0.30960493827160496,0.2113466603169165,0.20332794796396525,0.8927514549777776,1000,0,0.352,0.30960493827160496,0.33839506172839506
rmsnorm,2,initial,11,81000,0.3181851851851852,0.20014956100773085,0.20448965992591023,0.8919632355984627,1000,0,0.3446543209876543,0.3181851851851852,0.3371604938271605
rmsnorm,2,initial,12,82000,0.31839024390243903,0.20198279296212324,0.20430682525195923,0.892221371316358,1000,0,0.325609756097561,0.31839024390243903,0.356
rmsnorm,2,initial,13,81000,0.31950617283950616,0.19421825825853778,0.20206864916886483,0.8934203687402249,1000,0,0.3281358024691358,0.31950617283950616,0.352358024691358
rmsnorm,2,initial,14,82000,0.3146341463414634,0.21057963104105892,0.20456909453607977,0.8919736642290427,1000,0,0.34741463414634144,0.3146341463414634,0.33795121951219514
rmsnorm,2,initial,15,80000,0.3121625,0.21471031416997252,0.20585034830138513,0.8913973133292938,1000,0,0.3425875,0.3121625,0.34525
rmsnorm,2,final,0,90000,0.11097777777777777,0.20353275200104815,0.3443828583467337,0.8199608809768789,1000,0,0.6533777777777777,0.11097777777777777,0.23564444444444443
rmsnorm,2,final,1,79000,0.29268354430379745,0.07682508666310593,0.2053793053524488,0.8916054693697335,1000,0,0.33036708860759495,0.29268354430379745,0.3769493670886076
rmsnorm,2,final,2,82000,0.3138170731707317,0.24528098900248005,0.2201529288178176,0.8832571302115498,1000,0,0.3508292682926829,0.3138170731707317,0.3353536585365854
rmsnorm,2,final,3,80000,0.3169375,0.192078125039216,0.2033488902497517,0.8927825375483409,1000,0,0.3030875,0.3169375,0.379975
rmsnorm,2,final,4,82000,0.3150609756097561,0.20914479973878064,0.20225790852741637,0.8930869335839,1000,0,0.31265853658536585,0.3150609756097561,0.37228048780487805
rmsnorm,2,final,5,80000,0.3147,0.2097534859607363,0.2065124567191319,0.8909947656130789,1000,0,0.3624625,0.3147,0.3228375
rmsnorm,2,final,6,82000,0.3099878048780488,0.2060587393581441,0.20406865297365717,0.8923992323410501,1000,0,0.3098292682926829,0.3099878048780488,0.3801829268292683
rmsnorm,2,final,7,81000,0.30987654320987656,0.20662723655497986,0.20495651253967945,0.8919119011290764,1000,0,0.34028395061728395,0.30987654320987656,0.3498395061728395
rmsnorm,2,final,8,81000,0.31841975308641973,0.2001614834261972,0.20381692785309316,0.8925088178040328,1000,0,0.35528395061728396,0.31841975308641973,0.3262962962962963
rmsnorm,2,final,9,81000,0.318,0.2100569896148485,0.20789500504839525,0.8900042651553575,1000,0,0.32224691358024693,0.318,0.35975308641975307
rmsnorm,2,final,10,81000,0.3068888888888889,0.217952733607933,0.20462135491311403,0.8922498506891589,1000,0,0.33658024691358024,0.3068888888888889,0.3565308641975309
rmsnorm,2,final,11,81000,0.31066666666666665,0.20411645717426272,0.20433022305521617,0.8920256792155444,1000,0,0.38081481481481483,0.31066666666666665,0.3085185185185185
rmsnorm,2,final,12,82000,0.3129268292682927,0.19645445731093442,0.20101033772436847,0.8940516573581432,1000,0,0.35928048780487803,0.3129268292682927,0.3277926829268293
rmsnorm,2,final,13,81000,0.31790123456790126,0.19371921294683914,0.2036201535941542,0.8924119414708886,1000,0,0.336358024691358,0.31790123456790126,0.34574074074074074
rmsnorm,2,final,14,82000,0.3185609756097561,0.20083512502614806,0.20403570234597657,0.892300059106876,1000,0,0.3500731707317073,0.3185609756097561,0.3313658536585366
rmsnorm,2,final,15,80000,0.3142125,0.20718233328289917,0.2047927955517345,0.8920310732643829,1000,0,0.33555,0.3142125,0.3502375
rmsnorm,0,initial,0,90000,0.11097777777777777,0.20353275200104815,0.3443828583467337,0.8199608809768789,1000,0,0.6533777777777777,0.11097777777777777,0.23564444444444443
rmsnorm,0,initial,1,79000,0.3139367088607595,0.08894980035478414,0.21417337440789264,0.8863500574850609,1000,0,0.36063291139240505,0.3139367088607595,0.3254303797468354
rmsnorm,0,initial,2,82000,0.32470731707317074,0.19859641380237406,0.2079287127711273,0.8902946212312385,1000,0,0.3453170731707317,0.32470731707317074,0.3299756097560976
rmsnorm,0,initial,3,80000,0.3277,0.19503507448603422,0.21384118075123978,0.8860095440970447,1000,0,0.3186125,0.3277,0.3536875
rmsnorm,0,initial,4,82000,0.3219390243902439,0.19909450396017914,0.2041455448066773,0.892517350239264,1000,0,0.3184512195121951,0.3219390243902439,0.35960975609756096
rmsnorm,0,initial,5,80000,0.3230375,0.1874447294925421,0.20337388929766897,0.8924557639408032,1000,0,0.351375,0.3230375,0.3255875
rmsnorm,0,initial,6,82000,0.3159390243902439,0.20288878407546823,0.20250374224968848,0.8932628617397912,1000,0,0.33452439024390246,0.3159390243902439,0.34953658536585364
rmsnorm,0,initial,7,81000,0.314320987654321,0.19611846306449787,0.202638657756104,0.89314033583015,1000,0,0.354679012345679,0.314320987654321,0.331
rmsnorm,0,initial,8,81000,0.31565432098765434,0.21464167843756649,0.20867849918283063,0.8898373392820828,1000,0,0.3453827160493827,0.31565432098765434,0.33896296296296297
rmsnorm,0,initial,9,81000,0.3091358024691358,0.21418822595020173,0.20539773603877642,0.8915105955634999,1000,0,0.34414814814814815,0.3091358024691358,0.34671604938271605
rmsnorm,0,initial,10,81000,0.3077037037037037,0.21781671263612096,0.20581303174688853,0.8913850044409264,1000,0,0.34555555555555556,0.3077037037037037,0.34674074074074074
rmsnorm,0,initial,11,81000,0.3197407407407407,0.19405935181496795,0.2022257763425274,0.8932836262454135,1000,0,0.33909876543209877,0.3197407407407407,0.3411604938271605
rmsnorm,0,initial,12,82000,0.31465853658536586,0.20592211979007752,0.2051707729478311,0.8916609190799192,1000,0,0.34635365853658534,0.31465853658536586,0.3389878048780488
rmsnorm,0,initial,13,81000,0.31892592592592595,0.19468690944960662,0.2020497005095639,0.8932595137037792,1000,0,0.33655555555555555,0.31892592592592595,0.3445185185185185
rmsnorm,0,initial,14,82000,0.31621951219512195,0.20518663959323935,0.2031856174813043,0.8928119261973732,1000,0,0.3355609756097561,0.31621951219512195,0.3482195121951219
rmsnorm,0,initial,15,80000,0.315775,0.1960003902947515,0.2024446810044745,0.8930380859650635,1000,0,0.3449375,0.315775,0.3392875
rmsnorm,0,final,0,90000,0.11097777777777777,0.20353275200104815,0.3443828583467337,0.8199608809768789,1000,0,0.6533777777777777,0.11097777777777777,0.23564444444444443
rmsnorm,0,final,1,79000,0.30273417721518986,0.07912279354850356,0.20671710720169256,0.8904748038551448,1000,0,0.37659493670886074,0.30273417721518986,0.32067088607594935
rmsnorm,0,final,2,82000,0.3212317073170732,0.20478663792858554,0.20663238828811117,0.8915830503877938,1000,0,0.3548780487804878,0.3212317073170732,0.32389024390243903
rmsnorm,0,final,3,80000,0.33235,0.1916599279375271,0.20788928649121513,0.8896920237814447,1000,0,0.33755,0.33235,0.3301
rmsnorm,0,final,4,82000,0.3252926829268293,0.19267257634805626,0.20224167398303258,0.8931719853384048,1000,0,0.3302926829268293,0.3252926829268293,0.34441463414634144
rmsnorm,0,final,5,80000,0.3145,0.1995514965575132,0.20114001982750376,0.8939768731071736,1000,0,0.349875,0.3145,0.335625
rmsnorm,0,final,6,82000,0.3209878048780488,0.1941485996783496,0.20176353861943944,0.8934660566217756,1000,0,0.3505731707317073,0.3209878048780488,0.3284390243902439
rmsnorm,0,final,7,81000,0.3213086419753086,0.18926374271189578,0.20233994790669915,0.8932587010614355,1000,0,0.3465061728395062,0.3213086419753086,0.3321851851851852
rmsnorm,0,final,8,81000,0.3127160493827161,0.20365249343745345,0.20275187563531402,0.8930100646466885,1000,0,0.33553086419753086,0.3127160493827161,0.3517530864197531
rmsnorm,0,final,9,81000,0.3089876543209877,0.21876246831499485,0.20372698754433918,0.8924821759712951,1000,0,0.3403827160493827,0.3089876543209877,0.3506296296296296
rmsnorm,0,final,10,81000,0.31244444444444447,0.21065038497655267,0.20518306668188943,0.8916382496313568,1000,0,0.3391604938271605,0.31244444444444447,0.3483950617283951
rmsnorm,0,final,11,81000,0.31733333333333336,0.20389648426623522,0.20411233126981865,0.8921469318528741,1000,0,0.33628395061728394,0.31733333333333336,0.3463827160493827
rmsnorm,0,final,12,82000,0.31921951219512196,0.20415051405720624,0.20731480286101386,0.8906540810736763,1000,0,0.3539390243902439,0.31921951219512196,0.32684146341463416
rmsnorm,0,final,13,81000,0.31344444444444447,0.20619888156780428,0.20437025550639504,0.8920633570523308,1000,0,0.3392345679012346,0.31344444444444447,0.347320987654321
rmsnorm,0,final,14,82000,0.31226829268292683,0.21055042437175317,0.20501820471039564,0.8918413732905642,1000,0,0.3428536585365854,0.31226829268292683,0.3448780487804878
rmsnorm,0,final,15,80000,0.3175625,0.19803965280659824,0.20375143589197747,0.8924461246675176,1000,0,0.35005,0.3175625,0.3323875
lloyd,2,initial,0,90000,0.4970888888888889,0.14891085450358912,0.2519611473269743,0.8601227175210698,1000,0,0.3023888888888889,0.4970888888888889,0.2005222222222222
lloyd,2,initial,1,79000,0.46462025316455696,0.08866033368795617,0.18893105104220856,0.8993079519354459,1000,0,0.26567088607594935,0.46462025316455696,0.2697088607594937
lloyd,2,initial,2,82000,0.46076829268292685,0.07994977830163437,0.19170939129800127,0.8982897514071303,1000,0,0.27220731707317075,0.46076829268292685,0.26702439024390245
lloyd,2,initial,3,80000,0.442275,0.054980662000877215,0.17910054395770475,0.9052399257243423,1000,0,0.2597625,0.442275,0.2979625
lloyd,2,initial,4,82000,0.45190243902439026,0.04585210296874836,0.18397894709277868,0.9027107034232948,1000,0,0.2559878048780488,0.45190243902439026,0.29210975609756096
lloyd,2,initial,5,80000,0.451175,0.03861212075285745,0.1805832250020716,0.9037406146023605,1000,0,0.268375,0.451175,0.28045
lloyd,2,initial,6,82000,0.44864634146341464,0.031343276082494965,0.1832603332988029,0.9029069112537452,1000,0,0.26009756097560977,0.44864634146341464,0.2912560975609756
lloyd,2,initial,7,81000,0.4521604938271605,0.02488297281238946,0.18433178577140527,0.9029698181520728,1000,0,0.2651728395061728,0.4521604938271605,0.2826666666666667
lloyd,2,initial,8,81000,0.45224691358024693,0.019882099713445234,0.18308754468471458,0.9033902861934593,1000,0,0.2764691358024691,0.45224691358024693,0.27128395061728394
lloyd,2,initial,9,81000,0.4494814814814815,0.016264470996494848,0.1808941979905252,0.9041601509523732,1000,0,0.26550617283950617,0.4494814814814815,0.28501234567901235
lloyd,2,initial,10,81000,0.44693827160493826,0.013745621804944104,0.18061423884743033,0.9044842693451376,1000,0,0.27853086419753087,0.44693827160493826,0.27453086419753087
lloyd,2,initial,11,81000,0.4493086419753086,0.011258284729351259,0.18269371894739536,0.9037175599646076,1000,0,0.2801111111111111,0.4493086419753086,0.27058024691358024
lloyd,2,initial,12,82000,0.4527439024390244,0.009315830927851619,0.18627045415388696,0.9029459245616831,1000,0,0.26147560975609757,0.4527439024390244,0.285780487804878
lloyd,2,initial,13,81000,0.44379012345679014,0.00696997164358279,0.18267032619658427,0.9044960460400755,1000,0,0.2709012345679012,0.44379012345679014,0.28530864197530864
lloyd,2,initial,14,82000,0.45128048780487806,0.005918099211520319,0.18456201422343604,0.9031258517897616,1000,0,0.2785975609756098,0.45128048780487806,0.2701219512195122
lloyd,2,initial,15,80000,0.4505,0.005017791298026974,0.1845274589185213,0.9032044453135109,1000,0,0.2747125,0.4505,0.2747875
lloyd,2,final,0,90000,0.4970888888888889,0.14891085450358912,0.2519611473269743,0.8601227175210698,1000,0,0.3023888888888889,0.4970888888888889,0.2005222222222222
lloyd,2,final,1,79000,0.4662911392405063,0.08934766057480518,0.1856467619726587,0.9004502324919594,1000,0,0.26346835443037975,0.4662911392405063,0.27024050632911395
lloyd,2,final,2,82000,0.4550609756097561,0.07328914361488076,0.1871011641475888,0.90169368749228,1000,0,0.27870731707317076,0.4550609756097561,0.2662317073170732
lloyd,2,final,3,80000,0.447025,0.056055419255076004,0.1776372501131659,0.9061678895176299,1000,0,0.2548875,0.447025,0.2980875
lloyd,2,final,4,82000,0.44595121951219513,0.04897700162412131,0.18196288342400466,0.9049960220172735,1000,0,0.24808536585365853,0.44595121951219513,0.30596341463414634
lloyd,2,final,5,80000,0.447425,0.046966723758877026,0.18234762439424113,0.9038248338899091,1000,0,0.2554375,0.447425,0.2971375
lloyd,2,final,6,82000,0.44853658536585367,0.03851444545922368,0.1886651963197925,0.9006061762775079,1000,0,0.25709756097560976,0.44853658536585367,0.29436585365853657
lloyd,2,final,7,81000,0.44958024691358023,0.03062931950296405,0.18445315394715434,0.9029912955029851,1000,0,0.2630493827160494,0.44958024691358023,0.2873703703703704
lloyd,2,final,8,81000,0.450641975308642,0.025093153855412255,0.1817377923714751,0.9039826203394393,1000,0,0.2778888888888889,0.450641975308642,0.2714691358024691
lloyd,2,final,9,81000,0.45108641975308644,0.02212201251703962,0.18373396956395463,0.9035759729129008,1000,0,0.271641975308642,0.45108641975308644,0.27727160493827163
lloyd,2,final,10,81000,0.4537777777777778,0.018790705539413383,0.18226811054897366,0.9038938405150476,1000,0,0.2639012345679012,0.4537777777777778,0.282320987654321
lloyd,2,final,11,81000,0.4503086419753086,0.015569263217722597,0.18186559490665982,0.9038100892228568,1000,0,0.2761111111111111,0.4503086419753086,0.27358024691358024
lloyd,2,final,12,82000,0.44997560975609757,0.013011540629329132,0.182037248249181,0.9042005353019552,1000,0,0.27663414634146344,0.44997560975609757,0.27339024390243905
lloyd,2,final,13,81000,0.4484074074074074,0.01035900373179332,0.18097780461432267,0.9044566432941191,1000,0,0.27382716049382716,0.4484074074074074,0.2777654320987654
lloyd,2,final,14,82000,0.4468780487804878,0.008936603454656952,0.18099240309620063,0.9044829915919473,1000,0,0.27846341463414637,0.4468780487804878,0.2746585365853659
lloyd,2,final,15,80000,0.449975,0.008287860001387324,0.1855268165522594,0.9018974411801765,1000,0,0.2718625,0.449975,0.2781625
lloyd,0,initial,0,90000,0.4970888888888889,0.14891085450358912,0.2519611473269743,0.8601227175210698,1000,0,0.3023888888888889,0.4970888888888889,0.2005222222222222
lloyd,0,initial,1,79000,0.4525063291139241,0.08191542447614567,0.18770248351982755,0.9014670281953024,1000,0,0.2878607594936709,0.4525063291139241,0.2596329113924051
lloyd,0,initial,2,82000,0.4463536585365854,0.06621397792378014,0.18959043875553622,0.9016438151780685,1000,0,0.30097560975609755,0.4463536585365854,0.2526707317073171
lloyd,0,initial,3,80000,0.4543375,0.05012861755244696,0.1871037703976186,0.8997853027960933,1000,0,0.2770625,0.4543375,0.2686
lloyd,0,initial,4,82000,0.44847560975609757,0.03960897509077746,0.184380744876149,0.903494475947994,1000,0,0.27145121951219514,0.44847560975609757,0.28007317073170734
lloyd,0,initial,5,80000,0.4499875,0.031003670678660115,0.18321522932524711,0.9032873403951194,1000,0,0.2848,0.4499875,0.2652125
lloyd,0,initial,6,82000,0.4493780487804878,0.0249823504571278,0.1835994700246554,0.9037096226597678,1000,0,0.25229268292682927,0.4493780487804878,0.2983292682926829
lloyd,0,initial,7,81000,0.45024691358024693,0.019387572866920506,0.1848083534675828,0.9030525824551942,1000,0,0.2788641975308642,0.45024691358024693,0.2708888888888889
lloyd,0,initial,8,81000,0.4519012345679012,0.015950496748014107,0.1840135224222653,0.9029601475702009,1000,0,0.2808395061728395,0.4519012345679012,0.26725925925925925
lloyd,0,initial,9,81000,0.4524444444444444,0.013213931191243748,0.18316109845876977,0.9035393950963387,1000,0,0.26741975308641974,0.4524444444444444,0.2801358024691358
lloyd,0,initial,10,81000,0.44695061728395064,0.011123762405689585,0.18095667899002219,0.9046972454596889,1000,0,0.27514814814814814,0.44695061728395064,0.2779012345679012
lloyd,0,initial,11,81000,0.45209876543209876,0.008889589679422048,0.18414918783028303,0.9029903174430165,1000,0,0.2709259259259259,0.45209876543209876,0.2769753086419753
lloyd,0,initial,12,82000,0.45095121951219513,0.007293436128903002,0.18315293840209762,0.9035847484055306,1000,0,0.27907317073170734,0.45095121951219513,0.2699756097560976
lloyd,0,initial,13,81000,0.44765432098765434,0.005763495961221035,0.18298310345263086,0.9036326633578596,1000,0,0.274358024691358,0.44765432098765434,0.27798765432098765
lloyd,0,initial,14,82000,0.44932926829268294,0.004663146768117809,0.18203754470622438,0.9033596245931061,1000,0,0.2740609756097561,0.44932926829268294,0.276609756097561
lloyd,0,initial,15,80000,0.44705,0.0037105272537170534,0.18164162229432146,0.9045878186522582,1000,0,0.2756875,0.44705,0.2772625
lloyd,0,final,0,90000,0.4970888888888889,0.14891085450358912,0.2519611473269743,0.8601227175210698,1000,0,0.3023888888888889,0.4970888888888889,0.2005222222222222
lloyd,0,final,1,79000,0.44864556962025315,0.08397660116130583,0.18218438727186484,0.9046758922802485,1000,0,0.289873417721519,0.44864556962025315,0.2614810126582279
lloyd,0,final,2,82000,0.45769512195121953,0.06948833640374973,0.18547782271433455,0.9016240373329656,1000,0,0.2908414634146341,0.45769512195121953,0.25146341463414634
lloyd,0,final,3,80000,0.4523,0.05389457718947358,0.18816420269514955,0.9004749285712929,1000,0,0.260175,0.4523,0.287525
lloyd,0,final,4,82000,0.4489146341463415,0.04218556625165745,0.18580357001359118,0.9027655865498783,1000,0,0.25608536585365854,0.4489146341463415,0.295
lloyd,0,final,5,80000,0.448525,0.03250498139167426,0.18022801094109353,0.9047516915905294,1000,0,0.28485,0.448525,0.266625
lloyd,0,final,6,82000,0.45359756097560977,0.028056797072324367,0.18363614754135668,0.9036988759782361,1000,0,0.277219512195122,0.45359756097560977,0.2691829268292683
lloyd,0,final,7,81000,0.44425925925925924,0.021777112223514205,0.1827684145471306,0.9041139066431345,1000,0,0.279641975308642,0.44425925925925924,0.27609876543209877
lloyd,0,final,8,81000,0.45169135802469135,0.01803222367334793,0.18468438611691324,0.9025906760341732,1000,0,0.28628395061728396,0.45169135802469135,0.2620246913580247
lloyd,0,final,9,81000,0.4476172839506173,0.014626539929236605,0.18443803145491802,0.9033523497454689,1000,0,0.26065432098765434,0.4476172839506173,0.2917283950617284
lloyd,0,final,10,81000,0.44850617283950617,0.011676619603780294,0.18444396313122133,0.9024698183589884,1000,0,0.27585185185185185,0.44850617283950617,0.275641975308642
lloyd,0,final,11,81000,0.44895061728395064,0.009655388689369979,0.18481256162533347,0.9029637998279114,1000,0,0.2750246913580247,0.44895061728395064,0.2760246913580247
lloyd,0,final,12,82000,0.45107317073170733,0.00824139333594038,0.18380107130681103,0.903028676204076,1000,0,0.2723048780487805,0.45107317073170733,0.2766219512195122
lloyd,0,final,13,81000,0.44709876543209875,0.006384154305226963,0.1827936020086216,0.903613323780939,1000,0,0.26812345679012345,0.44709876543209875,0.2847777777777778
lloyd,0,final,14,82000,0.45039024390243904,0.005295278258019427,0.18370419812421218,0.9038052797568055,1000,0,0.2700487804878049,0.45039024390243904,0.2795609756097561
lloyd,0,final,15,80000,0.4462625,0.0042595828533907336,0.18073412738653938,0.9046327712527938,1000,0,0.2731125,0.4462625,0.280625
lloyd,1,initial,0,90000,0.4970888888888889,0.14891085450358912,0.2519611473269743,0.8601227175210698,1000,0,0.3023888888888889,0.4970888888888889,0.2005222222222222
lloyd,1,initial,1,79000,0.4361772151898734,0.07737616833431635,0.18482978700109767,0.9021829706401111,1000,0,0.32574683544303795,0.4361772151898734,0.23807594936708862
lloyd,1,initial,2,82000,0.43803658536585366,0.056945421873445326,0.18471232201438706,0.9035163173401788,1000,0,0.29784146341463413,0.43803658536585366,0.2641219512195122
lloyd,1,initial,3,80000,0.4557125,0.04442943446287025,0.18404472057404117,0.9029030471848413,1000,0,0.2873375,0.4557125,0.25695
lloyd,1,initial,4,82000,0.44470731707317074,0.035118408684029885,0.18192753833124212,0.9048492877947618,1000,0,0.2927682926829268,0.44470731707317074,0.26252439024390245
lloyd,1,initial,5,80000,0.455275,0.02827301193719254,0.18651493085163576,0.9009251031889007,1000,0,0.2805625,0.455275,0.2641625
lloyd,1,initial,6,82000,0.4471829268292683,0.022268758425779193,0.18540422086527775,0.9025402703204436,1000,0,0.2817682926829268,0.4471829268292683,0.2710487804878049
lloyd,1,initial,7,81000,0.4514444444444444,0.01726405495573182,0.18538486917356856,0.9024036259796075,1000,0,0.2690864197530864,0.4514444444444444,0.2794691358024691
lloyd,1,initial,8,81000,0.4507407407407407,0.014015482095538871,0.1836216665933714,0.9034366405397725,1000,0,0.27181481481481484,0.4507407407407407,0.27744444444444444
lloyd,1,initial,9,81000,0.4495679012345679,0.011113465167831002,0.1822530977759711,0.9038134543370525,1000,0,0.2813456790123457,0.4495679012345679,0.2690864197530864
lloyd,1,initial,10,81000,0.44962962962962966,0.008748566032896955,0.18303191317236275,0.9031437287166291,1000,0,0.2837037037037037,0.44962962962962966,0.26666666666666666
lloyd,1,initial,11,81000,0.44722222222222224,0.006904521675900248,0.18525920475447666,0.9027166951606578,1000,0,0.27653086419753087,0.44722222222222224,0.2762469135802469
lloyd,1,initial,12,82000,0.4546951219512195,0.005338223391032994,0.18344716823502497,0.902802006514965,1000,0,0.2771829268292683,0.4546951219512195,0.2681219512195122
lloyd,1,initial,13,81000,0.45051851851851854,0.004303065625881036,0.18716226009589887,0.9020346546794255,1000,0,0.276641975308642,0.45051851851851854,0.27283950617283953
lloyd,1,initial,14,82000,0.44951219512195123,0.0034152577418958335,0.1815842878930624,0.9039960514940172,1000,0,0.278609756097561,0.44951219512195123,0.2718780487804878
lloyd,1,initial,15,80000,0.4519125,0.0028125237400618047,0.1834129739168997,0.9034541489057715,1000,0,0.2777875,0.4519125,0.2703
lloyd,1,final,0,90000,0.4970888888888889,0.14891085450358912,0.2519611473269743,0.8601227175210698,1000,0,0.3023888888888889,0.4970888888888889,0.2005222222222222
lloyd,1,final,1,79000,0.43288607594936707,0.07398255742411014,0.17866800707334976,0.9059976006329681,1000,0,0.33282278481012656,0.43288607594936707,0.23429113924050632
lloyd,1,final,2,82000,0.44452439024390245,0.057366709038747805,0.18645297042438252,0.9022142834579094,1000,0,0.2940731707317073,0.44452439024390245,0.26140243902439025
lloyd,1,final,3,80000,0.4519625,0.04685407395512072,0.18373387142925943,0.9038480126411645,1000,0,0.2737375,0.4519625,0.2743
lloyd,1,final,4,82000,0.447,0.036827122078928146,0.18357171382655815,0.9032442291182092,1000,0,0.3075731707317073,0.447,0.24542682926829268
lloyd,1,final,5,80000,0.4518875,0.028461279222968483,0.1857077803955247,0.9020099911533671,1000,0,0.2817375,0.4518875,0.266375
lloyd,1,final,6,82000,0.44839024390243903,0.02219051685020253,0.18304134960486604,0.903846439950599,1000,0,0.2828170731707317,0.44839024390243903,0.2687926829268293
lloyd,1,final,7,81000,0.4536296296296296,0.01826671468698628,0.18422211299660687,0.9029768084613298,1000,0,0.2716172839506173,0.4536296296296296,0.2747530864197531
lloyd,1,final,8,81000,0.4528765432098765,0.014585560795546484,0.18653014467715529,0.9019339817797485,1000,0,0.2659753086419753,0.4528765432098765,0.28114814814814815
lloyd,1,final,9,81000,0.45014814814814813,0.011404544937895562,0.18354345503654781,0.9035603150308927,1000,0,0.2716172839506173,0.45014814814814813,0.2782345679012346
lloyd,1,final,10,81000,0.45165432098765435,0.009068970027187909,0.1840488867304919,0.9031449994296704,1000,0,0.277,0.45165432098765435,0.2713456790123457
lloyd,1,final,11,81000,0.44796296296296295,0.007243767781295954,0.18336737956701166,0.9039395476521213,1000,0,0.275320987654321,0.44796296296296295,0.27671604938271605
lloyd,1,final,12,82000,0.4529146341463415,0.005679071118395696,0.1829805648508265,0.9036656294056449,1000,0,0.27595121951219515,0.4529146341463415,0.27113414634146343
lloyd,1,final,13,81000,0.44895061728395064,0.004471320544083279,0.18550991923465696,0.9027628268824252,1000,0,0.27485185185185185,0.44895061728395064,0.2761975308641975
lloyd,1,final,14,82000,0.45251219512195123,0.0036921874801235303,0.18323524399997548,0.9033753434485977,1000,0,0.2689390243902439,0.45251219512195123,0.2785487804878049
lloyd,1,final,15,80000,0.4445625,0.0029046932950539386,0.18165691773833254,0.9045630438304875,1000,0,0.2782125,0.4445625,0.277225
none,0,initial,0,90000,0.11097777777777777,0.20353275200104815,0.3443828583467337,0.8199608809768789,1000,0,0.6533777777777777,0.11097777777777777,0.23564444444444443
none,0,initial,1,79000,0.3139367088607595,0.08894980035478414,0.21417337440789264,0.8863500574850609,1000,0,0.36063291139240505,0.3139367088607595,0.3254303797468354
none,0,initial,2,82000,0.3246707317073171,0.06551760152193026,0.20899114925319548,0.8902903429746937,1000,0,0.3453292682926829,0.3246707317073171,0.33
none,0,initial,3,80000,0.327725,0.048623941682835854,0.21326930343496028,0.8860297666966576,1000,0,0.3185875,0.327725,0.3536875
none,0,initial,4,82000,0.32195121951219513,0.035960885694737384,0.20504636885041333,0.8925566724211452,1000,0,0.31835365853658537,0.32195121951219513,0.3596951219512195
none,0,initial,5,80000,0.3229,0.026256329322654596,0.2040325611090903,0.8923942200375387,1000,0,0.3512625,0.3229,0.3258375
none,0,initial,6,82000,0.31602439024390244,0.02075447064676379,0.2024829231602096,0.893292720384702,1000,0,0.3344878048780488,0.31602439024390244,0.34948780487804876
none,0,initial,7,81000,0.3145802469135802,0.015771430071907004,0.20213718465358715,0.8930619387570048,1000,0,0.3544814814814815,0.3145802469135802,0.33093827160493827
none,0,initial,8,81000,0.31541975308641973,0.013439924788338166,0.20906560823740952,0.889759314360211,1000,0,0.3455925925925926,0.31541975308641973,0.33898765432098765
none,0,initial,9,81000,0.3092469135802469,0.01102075638349373,0.20677968825355736,0.891473512428889,1000,0,0.3441975308641975,0.3092469135802469,0.34655555555555556
none,0,initial,10,81000,0.30714814814814817,0.009255144830359203,0.20584700146291246,0.8914379169668195,1000,0,0.34582716049382717,0.30714814814814817,0.3470246913580247
none,0,initial,11,81000,0.31960493827160497,0.006908402921124926,0.20301335553804664,0.8932735867526055,1000,0,0.3390246913580247,0.31960493827160497,0.3413703703703704
none,0,initial,12,82000,0.31435365853658537,0.005558337256934679,0.20466596264563808,0.8915954004743395,1000,0,0.3464390243902439,0.31435365853658537,0.33920731707317076
none,0,initial,13,81000,0.3191851851851852,0.004192770313210389,0.20254399986829186,0.8932170990362668,1000,0,0.3361604938271605,0.3191851851851852,0.3446543209876543
none,0,initial,14,82000,0.316109756097561,0.0033972565051177237,0.2036462621467666,0.8926195631638382,1000,0,0.33551219512195124,0.316109756097561,0.3483780487804878
none,0,initial,15,80000,0.315825,0.0025871223773205783,0.2021465392179488,0.8931077006822667,1000,0,0.3446125,0.315825,0.3395625
none,0,final,0,90000,0.11097777777777777,0.20353275200104815,0.3443828583467337,0.8199608809768789,1000,0,0.6533777777777777,0.11097777777777777,0.23564444444444443
none,0,final,1,79000,0.31135443037974686,0.08577542195273936,0.20090612560085808,0.8943367918129627,1000,0,0.3567974683544304,0.31135443037974686,0.33184810126582276
none,0,final,2,82000,0.3307560975609756,0.06887267533535063,0.21398172675817675,0.8885248469338332,1000,0,0.36285365853658536,0.3307560975609756,0.306390243902439
none,0,final,3,80000,0.32825,0.04915179503352406,0.21043524490761553,0.8883498124882616,1000,0,0.3199125,0.32825,0.3518375
none,0,final,4,82000,0.3156829268292683,0.03788218397689381,0.20385162388727465,0.892506008229533,1000,0,0.3269146341463415,0.3156829268292683,0.35740243902439023
none,0,final,5,80000,0.319125,0.029509226695638654,0.2055543475657005,0.8909328522481269,1000,0,0.2944875,0.319125,0.3863875
none,0,final,6,82000,0.3190609756097561,0.022359875246657262,0.20173152039832845,0.8933891490602646,1000,0,0.3501951219512195,0.3190609756097561,0.3307439024390244
none,0,final,7,81000,0.3171481481481481,0.01765891492799037,0.20325256212782164,0.893247063301925,1000,0,0.34944444444444445,0.3171481481481481,0.33340740740740743
none,0,final,8,81000,0.3125432098765432,0.014919353519206232,0.2079476085173397,0.8904954181536641,1000,0,0.3458888888888889,0.3125432098765432,0.3415679012345679
none,0,final,9,81000,0.3138641975308642,0.011969051693322302,0.20672227645889807,0.891031417254138,1000,0,0.3461975308641975,0.3138641975308642,0.3399382716049383
none,0,final,10,81000,0.3132962962962963,0.00990058528767719,0.2041342719943276,0.8922291067350864,1000,0,0.33958024691358024,0.3132962962962963,0.34712345679012346
none,0,final,11,81000,0.31344444444444447,0.008151224706338191,0.20423390142445802,0.8924441515748892,1000,0,0.3469135802469136,0.31344444444444447,0.339641975308642
none,0,final,12,82000,0.31571951219512195,0.006420913680972793,0.2047388915983152,0.8919364778384676,1000,0,0.3462195121951219,0.31571951219512195,0.3380609756097561
none,0,final,13,81000,0.3117037037037037,0.005208488634937556,0.20435685947889376,0.8919314418274475,1000,0,0.35058024691358025,0.3117037037037037,0.33771604938271604
none,0,final,14,82000,0.3080609756097561,0.004454960666543029,0.20444496024617514,0.8919965540500181,1000,0,0.3475731707317073,0.3080609756097561,0.34436585365853656
none,0,final,15,80000,0.3157125,0.003534043146571711,0.20412700412921556,0.8920872182499047,1000,0,0.3507875,0.3157125,0.3335
none,1,initial,0,90000,0.11097777777777777,0.20353275200104815,0.3443828583467337,0.8199608809768789,1000,0,0.6533777777777777,0.11097777777777777,0.23564444444444443
none,1,initial,1,79000,0.30737974683544306,0.08069430855661165,0.21418911060101595,0.88606115639078,1000,0,0.38454430379746835,0.30737974683544306,0.3080759493670886
none,1,initial,2,82000,0.32347560975609757,0.048314375461085066,0.1984024029840936,0.8948112344232524,1000,0,0.34302439024390247,0.32347560975609757,0.3335
none,1,initial,3,80000,0.316975,0.0381308251344019,0.2013347844454313,0.8936328512484083,1000,0,0.34765,0.316975,0.335375
none,1,initial,4,82000,0.30609756097560975,0.03288354612643957,0.2028338434536139,0.8931998480206187,1000,0,0.3389268292682927,0.30609756097560975,0.35497560975609754
none,1,initial,5,80000,0.3152625,0.02938421464176228,0.217232391098001,0.8851965167177434,1000,0,0.3642125,0.3152625,0.320525
none,1,initial,6,82000,0.31971951219512196,0.020524989417404764,0.20143697230145466,0.8934605337674294,1000,0,0.32640243902439026,0.31971951219512196,0.3538780487804878
none,1,initial,7,81000,0.3195679012345679,0.015484524402010837,0.20143659166788536,0.8938187715781706,1000,0,0.3434691358024691,0.3195679012345679,0.33696296296296296
none,1,initial,8,81000,0.31777777777777777,0.01247414980310507,0.20371991504583745,0.8926706170493615,1000,0,0.33369135802469135,0.31777777777777777,0.3485308641975309
none,1,initial,9,81000,0.3165802469135802,0.010087905024415119,0.20634013260362075,0.8914971589663037,1000,0,0.35501234567901235,0.3165802469135802,0.3284074074074074
none,1,initial,10,81000,0.3154814814814815,0.0075731823971586275,0.20117651771092168,0.8935674411868705,1000,0,0.36071604938271606,0.3154814814814815,0.32380246913580246
none,1,initial,11,81000,0.32080246913580246,0.005826569773613888,0.20411507152595784,0.8917592891154236,1000,0,0.33138271604938274,0.32080246913580246,0.3478148148148148
none,1,initial,12,82000,0.32332926829268294,0.004452452500402698,0.20457781413050874,0.8923387395065688,1000,0,0.3450121951219512,0.32332926829268294,0.33165853658536587
none,1,initial,13,81000,0.321679012345679,0.003414250963767319,0.20452284131645285,0.8919308000110238,1000,0,0.3431111111111111,0.321679012345679,0.3352098765432099
none,1,initial,14,82000,0.31520731707317073,0.002722093378731625,0.20397757083454832,0.8922655734964623,1000,0,0.3397439024390244,0.31520731707317073,0.34504878048780485
none,1,initial,15,80000,0.316475,0.0021926208138795893,0.20555677026071562,0.8909364665681878,1000,0,0.3471,0.316475,0.336425
none,1,final,0,90000,0.11097777777777777,0.20353275200104815,0.3443828583467337,0.8199608809768789,1000,0,0.6533777777777777,0.11097777777777777,0.23564444444444443
none,1,final,1,79000,0.3022151898734177,0.07995949348802439,0.21998277843284433,0.883131679861393,1000,0,0.3840759493670886,0.3022151898734177,0.31370886075949367
none,1,final,2,82000,0.3314146341463415,0.05106856334909307,0.20522827616405973,0.8917659331928085,1000,0,0.34474390243902436,0.3314146341463415,0.32384146341463416
none,1,final,3,80000,0.319,0.04008607773155609,0.20292763617753887,0.8930682876500082,1000,0,0.3201875,0.319,0.3608125
none,1,final,4,82000,0.3161219512195122,0.03370089884113341,0.2064562357536691,0.8916323626079352,1000,0,0.3627073170731707,0.3161219512195122,0.3211707317073171
none,1,final,5,80000,0.3201,0.02650330380326944,0.20892002394372794,0.8895602677802286,1000,0,0.3741,0.3201,0.3058
none,1,final,6,82000,0.3144268292682927,0.021351447506843108,0.20605277118542953,0.8916705179870367,1000,0,0.31040243902439024,0.3144268292682927,0.3751707317073171
none,1,final,7,81000,0.31650617283950616,0.016717030852942585,0.20476761022903833,0.8922713990004769,1000,0,0.3551358024691358,0.31650617283950616,0.328358024691358
none,1,final,8,81000,0.3172962962962963,0.012875796006057748,0.20411679106673497,0.8921342556664856,1000,0,0.33301234567901233,0.3172962962962963,0.34969135802469137
none,1,final,9,81000,0.31155555555555553,0.010743256169050284,0.20657393598550228,0.8909292101839358,1000,0,0.36949382716049384,0.31155555555555553,0.31895061728395063
none,1,final,10,81000,0.32076543209876546,0.008456603417904678,0.20690321571784445,0.8913585477688607,1000,0,0.354,0.32076543209876546,0.32523456790123456
none,1,final,11,81000,0.3197037037037037,0.006590625334871812,0.20703194643057335,0.8914453007582112,1000,0,0.33137037037037037,0.3197037037037037,0.3489259259259259
none,1,final,12,82000,0.3187560975609756,0.005074308543837631,0.20333081757218352,0.8918247749543804,1000,0,0.3348536585365854,0.3187560975609756,0.346390243902439
none,1,final,13,81000,0.31630864197530867,0.00406810694603794,0.20367756081542254,0.8925756842932013,1000,0,0.3346543209876543,0.31630864197530867,0.34903703703703703
none,1,final,14,82000,0.31702439024390244,0.003194205581556142,0.20405022311533083,0.8924970052617425,1000,0,0.343,0.31702439024390244,0.3399756097560976
none,1,final,15,80000,0.3174875,0.002574078122366476,0.20677432859258565,0.8910926138786814,1000,0,0.342225,0.3174875,0.3402875
none,2,initial,0,90000,0.11097777777777777,0.20353275200104815,0.3443828583467337,0.8199608809768789,1000,0,0.6533777777777777,0.11097777777777777,0.23564444444444443
none,2,initial,1,79000,0.294,0.08411248623790149,0.22189953542148047,0.8803996710516465,1000,0,0.3366329113924051,0.294,0.36936708860759493
none,2,initial,2,82000,0.30952439024390244,0.07381100783195697,0.22096505960585283,0.8821920622530588,1000,0,0.35635365853658535,0.30952439024390244,0.3341219512195122
none,2,initial,3,80000,0.319475,0.04774324949849275,0.20157467169299811,0.892817510771333,1000,0,0.3165,0.319475,0.364025
none,2,initial,4,82000,0.3072682926829268,0.042789123813570536,0.2065057491999652,0.8904206526762366,1000,0,0.3207926829268293,0.3072682926829268,0.3719390243902439
none,2,initial,5,80000,0.3118,0.03487971388658211,0.20775324306830625,0.8888833644552875,1000,0,0.3582125,0.3118,0.3299875
none,2,initial,6,82000,0.3206341463414634,0.026284799756290375,0.2050836590698773,0.8914538971665749,1000,0,0.3281707317073171,0.3206341463414634,0.3511951219512195
none,2,initial,7,81000,0.31781481481481483,0.019638667171972546,0.20517173676523284,0.8917995192661761,1000,0,0.3195679012345679,0.31781481481481483,0.36261728395061726
none,2,initial,8,81000,0.31650617283950616,0.015607578935416255,0.20405716325978762,0.8920653791326295,1000,0,0.34444444444444444,0.31650617283950616,0.3390493827160494
none,2,initial,9,81000,0.3155802469135802,0.01242350117717269,0.20393403758312587,0.8923209697938271,1000,0,0.3367654320987654,0.3155802469135802,0.3476543209876543
none,2,initial,10,81000,0.3095432098765432,0.010237036153300735,0.20379581984212125,0.8927708442482496,1000,0,0.3518024691358025,0.3095432098765432,0.3386543209876543
none,2,initial,11,81000,0.3178395061728395,0.008005364986940709,0.20382155591141493,0.8921252915493284,1000,0,0.34512345679012346,0.3178395061728395,0.337037037037037
none,2,initial,12,82000,0.319109756097561,0.006389091390159315,0.20589172646728343,0.8920984960934762,1000,0,0.3254756097560976,0.319109756097561,0.35541463414634145
none,2,initial,13,81000,0.31895061728395063,0.0047372756722028845,0.20163374161430306,0.8934421356081639,1000,0,0.32880246913580247,0.31895061728395063,0.3522469135802469
none,2,initial,14,82000,0.31447560975609756,0.003983322449331006,0.20543009654938707,0.892017619477957,1000,0,0.34748780487804876,0.31447560975609756,0.3380365853658537
none,2,initial,15,80000,0.312125,0.003302256932876681,0.20619005578565713,0.8912768234862865,1000,0,0.34305,0.312125,0.344825
none,2,final,0,90000,0.11097777777777777,0.20353275200104815,0.3443828583467337,0.8199608809768789,1000,0,0.6533777777777777,0.11097777777777777,0.23564444444444443
none,2,final,1,79000,0.2915949367088608,0.08636646099924734,0.22345361141139086,0.8790200027774395,1000,0,0.3534177215189873,0.2915949367088608,0.3549873417721519
none,2,final,2,82000,0.30721951219512195,0.07971955684730289,0.22222704799372206,0.8832497217427995,1000,0,0.3584634146341463,0.30721951219512195,0.3343170731707317
none,2,final,3,80000,0.3235125,0.05894749864654031,0.21755275765372054,0.8861918688286019,1000,0,0.325375,0.3235125,0.3511125
none,2,final,4,82000,0.3069878048780488,0.04829170709364677,0.2034079017871818,0.8921399809896213,1000,0,0.3348536585365854,0.3069878048780488,0.35815853658536584
none,2,final,5,80000,0.312075,0.042030850048006975,0.21104245404610333,0.8878529425648156,1000,0,0.36025,0.312075,0.327675
none,2,final,6,82000,0.3186829268292683,0.032815395686641484,0.20780627206893923,0.8899300875155863,1000,0,0.35217073170731705,0.3186829268292683,0.32914634146341465
none,2,final,7,81000,0.31609876543209875,0.025422916344480993,0.20693141691735095,0.8907880261300863,1000,0,0.3218395061728395,0.31609876543209875,0.36206172839506173
none,2,final,8,81000,0.31153086419753084,0.019920800917717228,0.20211076277087708,0.8926528359993721,1000,0,0.36377777777777776,0.31153086419753084,0.32469135802469135
none,2,final,9,81000,0.31506172839506175,0.016993411661760573,0.20790303781305997,0.890637902513427,1000,0,0.34182716049382716,0.31506172839506175,0.3431111111111111
none,2,final,10,81000,0.3045925925925926,0.014404923672560625,0.20264725520950924,0.892951724769459,1000,0,0.3548641975308642,0.3045925925925926,0.3405432098765432
none,2,final,11,81000,0.3114074074074074,0.012072370166342116,0.20467652372127726,0.8922854756497226,1000,0,0.3499753086419753,0.3114074074074074,0.3386172839506173
none,2,final,12,82000,0.3196341463414634,0.009137056163056578,0.2048253480293843,0.8914692415717437,1000,0,0.3343170731707317,0.3196341463414634,0.34604878048780485
none,2,final,13,81000,0.3224444444444444,0.006888956104729079,0.20579709174041166,0.8922183661482325,1000,0,0.3364320987654321,0.3224444444444444,0.34112345679012346
none,2,final,14,82000,0.31797560975609757,0.005512854143166954,0.20441024862358687,0.8916663342356552,1000,0,0.3500731707317073,0.31797560975609757,0.33195121951219514
none,2,final,15,80000,0.312225,0.004820264390856327,0.21040468273391227,0.8893947144511742,1000,0,0.3501625,0.312225,0.3376125
