condition,seed,stage,layer,count,mean,rms,median,p90,p99,max,zero_fraction
residual,0,initial,0,64,2.9272490739822388,3.5370267170611838,2.7546539306640625,5.720338439941408,7.8563438796997005,9.458099365234375,0.0
residual,0,initial,1,64,2.7791590690612793,3.4854668516517404,2.5917930603027344,6.0506935119628915,7.993303947448729,8.341754913330078,0.0
residual,0,initial,2,64,2.9050740003585815,3.659717639942273,2.3643436431884766,6.539383697509766,8.134013175964355,8.170242309570312,0.0
residual,0,initial,3,64,2.994430184364319,3.741774829394297,2.7102203369140625,5.7369640350341795,8.425633087158193,11.030448913574219,0.0
residual,0,initial,4,64,2.935684323310852,3.7197517803903484,2.4115962982177734,6.370515060424805,8.243472404479977,9.155891418457031,0.0
residual,0,initial,5,64,2.321656107902527,2.7686100412325327,1.9074592590332031,4.441843414306641,5.600570983886717,5.8807525634765625,0.0
residual,0,initial,6,64,2.4810059666633606,3.167046873849292,2.0857696533203125,5.1689285278320325,7.223531494140624,7.6006317138671875,0.0
residual,0,initial,7,64,2.212847650051117,2.7343840506640733,1.9607810974121094,4.672916793823244,6.015462493896484,6.033775329589844,0.0
residual,0,initial,8,64,1.954022467136383,2.451826846957575,1.804229736328125,4.43519401550293,5.245157012939451,5.786399841308594,0.0
residual,0,initial,9,64,1.634128987789154,1.9556256488303494,1.3910026550292969,3.187348175048829,4.505462188720702,4.784297943115234,0.0
residual,0,initial,10,64,1.6709833145141602,1.9872752851555957,1.4090232849121094,3.2220813751220705,4.105035934448241,4.2466888427734375,0.0
residual,0,initial,11,64,1.257226824760437,1.516437590084587,1.1231536865234375,2.4175148010253906,3.1363042068481435,3.364635467529297,0.0
residual,0,initial,12,64,1.007341980934143,1.241217046212189,0.7486858367919922,2.185785293579102,2.4935802841186523,2.514495849609375,0.0
residual,0,initial,13,64,0.7174520492553711,0.9283592182403686,0.6575126647949219,1.4461200714111329,2.4444718170166,2.7833938598632812,0.0
residual,0,initial,14,64,0.35629433393478394,0.44914123941537265,0.3211803436279297,0.7709121704101564,0.9946162796020505,1.0824241638183594,0.0
residual,0,initial,15,64,0.8386567234992981,1.0599456452869198,0.6601638793945312,1.963219833374024,2.3435076522827143,2.462543487548828,0.0
residual,0,final,0,64,1.51772540807724,1.9398533125884607,1.30560302734375,3.079253578186036,5.068394470214843,5.379640579223633,0.0
residual,0,final,1,64,1.7523780465126038,2.184287423978021,1.6035079956054688,3.2524005889892584,5.811580257415768,6.632373809814453,0.0
residual,0,final,2,64,1.3766696453094482,1.7604840232530878,1.1963653564453125,2.762081146240235,4.591175727844238,4.646308898925781,0.0
residual,0,final,3,64,1.6689868867397308,2.1186090122217043,1.3409910202026367,3.684958076477051,4.916313571929932,5.031949996948242,0.0
residual,0,final,4,64,1.6298238039016724,1.958190256389541,1.5523042678833008,3.184214401245119,4.095201625823974,4.221986770629883,0.0
residual,0,final,5,64,1.4334282577037811,1.8046013267684866,1.2885704040527344,2.8308485031127932,4.409862918853756,5.220401763916016,0.0
residual,0,final,6,64,1.4573020040988922,1.7578430214546394,1.3389101028442383,2.6745494842529296,4.151015377044674,5.153312683105469,0.0
residual,0,final,7,64,1.101925551891327,1.435930467621484,0.9528369903564453,2.218791770935059,3.859092121124265,4.560047149658203,0.0
residual,0,final,8,64,1.1630174815654755,1.4895477071108132,0.9820957183837891,2.4817016601562503,3.8893212699890136,3.9484786987304688,0.0
residual,0,final,9,64,0.9445711374282837,1.2145285414178941,0.7738380432128906,2.014153861999512,3.3002770805358863,3.9108142852783203,0.0
residual,0,final,10,64,1.0531137585639954,1.3510404703374446,0.7416753768920898,2.3528684616088866,3.373925075531004,3.8165321350097656,0.0
residual,0,final,11,64,0.8527381420135498,1.033182062950991,0.8306541442871094,1.5925025939941406,2.1255216598510733,2.336467742919922,0.0
residual,0,final,12,64,0.6989831030368805,0.8747007211776743,0.5972185134887695,1.4717258453369144,2.068278827667236,2.148813247680664,0.0
residual,0,final,13,64,0.42149364948272705,0.5406944107780631,0.3527231216430664,0.8735992431640626,1.2808880805969236,1.3235759735107422,0.0
residual,0,final,14,64,0.2998814284801483,0.3706813498810705,0.2490692138671875,0.5750137329101563,0.9386911392211906,1.1384620666503906,0.0
residual,0,final,15,64,0.4108137786388397,0.4907161596047271,0.40769386291503906,0.7478513717651368,1.1245811271667474,1.283853530883789,0.0
residual,2,initial,0,64,3.352305054664612,4.0987559090194,2.8263721466064453,5.838984680175782,10.36212368011474,12.003826141357422,0.0
residual,2,initial,1,64,2.854341745376587,3.448260138915871,2.596586227416992,5.264370346069336,7.854519424438475,8.066299438476562,0.0
residual,2,initial,2,64,2.744891583919525,3.4587314485059943,2.330018997192383,5.208765029907227,9.57931869506835,11.694705963134766,0.0
residual,2,initial,3,64,2.282321572303772,2.9732345105425013,1.7886924743652344,4.7154895782470705,8.605521850585934,9.500534057617188,0.0
residual,2,initial,4,64,2.30824613571167,2.8633573672086876,1.9907493591308594,4.544523239135742,6.469799537658688,7.151481628417969,0.0
residual,2,initial,5,64,2.262310564517975,2.9254582756622836,1.7155780792236328,4.382289886474609,7.702490501403805,8.711357116699219,0.0
residual,2,initial,6,64,2.4486553072929382,3.0609787656492586,2.0363197326660156,5.038092422485353,6.636134071350096,7.076000213623047,0.0
residual,2,initial,7,64,2.0993287563323975,2.8194745722213477,1.8163566589355469,4.593850326538088,7.772403602600087,10.496932983398438,0.0
residual,2,initial,8,64,1.9314579963684082,2.463026646581348,1.4863967895507812,3.965791320800782,5.8434774017333915,7.63616943359375,0.0
residual,2,initial,9,64,1.358464777469635,1.7686339853168331,1.0556068420410156,2.7613544464111333,4.9602527618408185,5.464817047119141,0.0
residual,2,initial,10,64,1.5852059721946716,2.0015641118928698,1.3889694213867188,3.027561187744141,5.1113106155395505,5.1370086669921875,0.0
residual,2,initial,11,64,1.2392268776893616,1.5589401804152392,1.0125484466552734,2.4210910797119145,3.950237770080564,4.467777252197266,0.0
residual,2,initial,12,64,1.203091323375702,1.4747519423900424,1.0063304901123047,2.581842041015625,2.9429882049560536,3.1542587280273438,0.0
residual,2,initial,13,64,0.7108221650123596,0.9096712958569454,0.5937328338623047,1.5279872894287112,2.1431819152832023,2.3016624450683594,0.0
residual,2,initial,14,64,0.4214637875556946,0.5342645402570182,0.33942222595214844,0.8300071716308595,1.286870002746582,1.2869300842285156,0.0
residual,2,initial,15,64,0.879193902015686,1.1576980456949648,0.6077136993408203,1.7802146911621095,3.1129926300048827,3.1828842163085938,0.0
residual,2,final,0,64,1.7076898515224457,2.101464424191622,1.4226350784301758,3.6523340225219734,4.846834697723387,5.335142135620117,0.0
residual,2,final,1,64,1.4600060880184174,1.8888347036641806,1.2622270584106445,2.954907989501953,5.143125209808349,5.256990432739258,0.0
residual,2,final,2,64,1.2629513442516327,1.5778294522233525,1.0924253463745117,2.7098409652709967,3.432549419403076,3.44219970703125,0.0
residual,2,final,3,64,1.2673456072807312,1.6547958345291085,0.8443984985351562,2.6337486267089854,4.288625831604,5.252618789672852,0.0
residual,2,final,4,64,1.7564089894294739,2.1777148957910164,1.591843605041504,3.399918556213379,5.133804645538323,6.9326934814453125,0.0
residual,2,final,5,64,1.60947984457016,1.921732721078259,1.4138832092285156,2.8277076721191405,4.459516277313231,4.944795608520508,0.0
residual,2,final,6,64,1.2822923958301544,1.5994128132502967,1.1248512268066406,2.4635610580444336,4.456464099884033,4.593624114990234,0.0
residual,2,final,7,64,1.1676895022392273,1.5004743754733,0.9584207534790039,2.6403821945190433,3.9571089553832963,5.062009811401367,0.0
residual,2,final,8,64,1.1777508556842804,1.5643625818694598,1.0242033004760742,2.6580104827880864,4.01194215774536,4.369726181030273,0.0
residual,2,final,9,64,0.9480661749839783,1.1544918255867107,0.8361454010009766,1.7536968231201173,2.421915054321289,2.4279232025146484,0.0
residual,2,final,10,64,0.9556733220815659,1.1930212492991978,0.871300220489502,1.9141712188720705,2.6012705230712876,2.9234466552734375,0.0
residual,2,final,11,64,0.7524479627609253,0.9446228594234218,0.6876564025878906,1.3993606567382812,2.3776074600219705,2.8834190368652344,0.0
residual,2,final,12,64,0.6391292214393616,0.8263495811497229,0.5174074172973633,1.39464282989502,2.015505084991455,2.0158042907714844,0.0
residual,2,final,13,64,0.5061278343200684,0.6303160762077663,0.44889068603515625,1.0735868453979494,1.3554050636291504,1.3631591796875,0.0
residual,2,final,14,64,0.2530919909477234,0.31319451153291916,0.22615432739257812,0.5001588821411134,0.8192987060546875,0.8196640014648438,0.0
residual,2,final,15,64,0.3716280460357666,0.47001664549657485,0.2985267639160156,0.7994087219238282,1.114663391113281,1.1401042938232422,0.0
residual,1,initial,0,64,2.8140615820884705,3.584171887349943,2.054718017578125,6.187502288818361,7.945210571289062,8.068122863769531,0.0
residual,1,initial,1,64,2.6703805327415466,3.328108163119754,2.129169464111328,5.1653991699218755,8.183240051269529,8.793052673339844,0.0
residual,1,initial,2,64,2.520995080471039,3.313105173028408,1.9363822937011719,5.892453002929687,7.22846954345703,7.442638397216797,0.0
residual,1,initial,3,64,2.535286068916321,3.0554257697256335,2.1111106872558594,4.954026412963867,6.6602012634277346,6.704998016357422,0.0
residual,1,initial,4,64,2.2017181515693665,2.8239354993164825,1.5918235778808594,4.724079132080078,7.028041572570799,7.509868621826172,0.0
residual,1,initial,5,64,2.260862708091736,2.8023477134175745,2.003143310546875,4.8012741088867195,5.863445739746091,6.603111267089844,0.0
residual,1,initial,6,64,2.1781721115112305,2.8314273284009066,1.7146148681640625,4.787880325317383,7.111778450012203,8.214069366455078,0.0
residual,1,initial,7,64,1.881676197052002,2.3875203551437663,1.4460830688476562,3.508484268188477,6.487454452514642,7.967376708984375,0.0
residual,1,initial,8,64,2.013242185115814,2.5872994360271657,1.7353401184082031,3.9618373870849615,6.555103454589843,6.6310272216796875,0.0
residual,1,initial,9,64,1.7795588970184326,2.2821641528510974,1.503183364868164,3.3934997558593754,5.796509895324707,5.798473358154297,0.0
residual,1,initial,10,64,1.5223891735076904,1.9385767497684516,1.1537933349609375,3.2277698516845703,4.831233329772948,5.144279479980469,0.0
residual,1,initial,11,64,1.5195552110671997,1.8270666159880902,1.5070514678955078,2.9711536407470702,3.5756968307495116,3.606292724609375,0.0
residual,1,initial,12,64,0.9203096032142639,1.1928847199510226,0.6361427307128906,2.096695709228516,2.8150939178466787,3.0074844360351562,0.0
residual,1,initial,13,64,0.5202139616012573,0.6622340528069721,0.3953437805175781,1.058864974975586,1.6801502609252925,1.7922935485839844,0.0
residual,1,initial,14,64,0.3897366523742676,0.5013145549653031,0.28814697265625,0.8307685852050782,1.2323974609374997,1.2941131591796875,0.0
residual,1,initial,15,64,0.7105805277824402,0.8695933362276217,0.5825977325439453,1.449241638183594,1.8372304534912103,2.0118560791015625,0.0
residual,1,final,0,64,1.9881389737129211,2.5240374542870985,1.7514362335205078,3.768687820434571,7.679153251647945,8.773801803588867,0.0
residual,1,final,1,64,1.6997441351413727,2.1637843612592196,1.3046655654907227,3.6721300125122083,5.253384685516356,5.518362045288086,0.0
residual,1,final,2,64,1.860892117023468,2.2426232140777937,1.8931074142456055,3.3632537841796877,4.942746486663816,5.30418586730957,0.0
residual,1,final,3,64,1.6655042171478271,2.11056319295673,1.5437288284301758,3.647488021850586,4.623836288452147,4.9974517822265625,0.0
residual,1,final,4,64,1.435697615146637,1.7336386840812616,1.1085758209228516,2.7029111862182624,4.028616218566891,4.786029815673828,0.0
residual,1,final,5,64,1.3649763762950897,1.7171791099111389,1.3607864379882812,2.7081251144409193,4.412386779785155,4.769405364990234,0.0
residual,1,final,6,64,1.2008377313613892,1.506868157389672,1.0734796524047852,2.5850980758666995,3.680467529296874,3.925008773803711,0.0
residual,1,final,7,64,1.4112432897090912,1.7286874258951586,1.1806354522705078,2.7977727890014656,4.228805484771725,4.92152214050293,0.0
residual,1,final,8,64,1.2935055792331696,1.5376704995311674,1.1151609420776367,2.5164213180542,3.3859792709350582,3.4563827514648438,0.0
residual,1,final,9,64,1.004481166601181,1.2880652097678513,0.7854719161987305,2.1997198104858406,3.087996006011962,3.2751197814941406,0.0
residual,1,final,10,64,1.066722720861435,1.2759785482328054,0.9223794937133789,1.8863307952880861,2.5263606834411623,2.5273303985595703,0.0
residual,1,final,11,64,0.7610810995101929,0.9957692007230544,0.5965757369995117,1.5815019607543948,2.4881118774414044,2.926298141479492,0.0
residual,1,final,12,64,0.6510586738586426,0.791263827510311,0.65838623046875,1.1971235275268557,1.6725012207031227,2.2436790466308594,0.0
residual,1,final,13,64,0.43602344393730164,0.5634185093715699,0.317413330078125,0.9102254867553711,1.45531970977783,1.9186897277832031,0.0
residual,1,final,14,64,0.2705046534538269,0.34355693209176885,0.21999359130859375,0.5996660232543946,0.8043262100219726,0.8108558654785156,0.0
residual,1,final,15,64,0.3698844611644745,0.46952109125987096,0.3340911865234375,0.7335908889770508,1.294232349395752,1.2948055267333984,0.0
rmsnorm,1,initial,0,64,0.08314938470721245,0.09981738116980617,0.07662177085876465,0.15627443790435794,0.21868528842926022,0.22911453247070312,0.0
rmsnorm,1,initial,1,64,0.07483512908220291,0.08943926278445291,0.06422436237335205,0.14973733425140381,0.19903371572494502,0.2108461856842041,0.0
rmsnorm,1,initial,2,64,0.09472665190696716,0.11478099317188215,0.08920848369598389,0.16669592857360843,0.2615953993797302,0.2692556381225586,0.0
rmsnorm,1,initial,3,64,0.0803816206753254,0.10023111212847607,0.0644986629486084,0.14945378303527834,0.26942949056625354,0.3015110492706299,0.0
rmsnorm,1,initial,4,64,0.0870310440659523,0.10261175910897215,0.08756446838378906,0.165097451210022,0.21420485496520994,0.22176671028137207,0.0
rmsnorm,1,initial,5,64,0.07861374691128731,0.09402523321792597,0.06668388843536377,0.16293947696685795,0.1845999455451965,0.19504165649414062,0.0
rmsnorm,1,initial,6,64,0.08966869115829468,0.10904527462191023,0.08240485191345215,0.16616609096527102,0.2580311942100524,0.2851536273956299,0.0
rmsnorm,1,initial,7,64,0.07083530351519585,0.08962980463930136,0.060073137283325195,0.13866376876831057,0.22471678256988512,0.26015734672546387,0.0
rmsnorm,1,initial,8,64,0.07091164588928223,0.0916512532086242,0.06375324726104736,0.15413246154785157,0.2337158179283142,0.23581671714782715,0.0
rmsnorm,1,initial,9,64,0.056971900165081024,0.0726037511506817,0.04598808288574219,0.0988135576248169,0.2030096197128293,0.27521824836730957,0.0
rmsnorm,1,initial,10,64,0.053853824734687805,0.06729447392392372,0.04593515396118164,0.10295858383178712,0.18216432809829705,0.19863581657409668,0.0
rmsnorm,1,initial,11,64,0.04478207230567932,0.05431672764951514,0.03892362117767334,0.0906364440917969,0.12244045257568359,0.12455892562866211,0.0
rmsnorm,1,initial,12,64,0.036765675991773605,0.04390028639839653,0.0359342098236084,0.0647613525390625,0.10033393383026118,0.1147453784942627,0.0
rmsnorm,1,initial,13,64,0.019002854824066162,0.024616267640880478,0.015388846397399902,0.041544246673583994,0.06424855232238766,0.0725409984588623,0.0
rmsnorm,1,initial,14,64,0.013399619609117508,0.016250997507828803,0.011950016021728516,0.026697707176208497,0.031111340522766113,0.031526803970336914,0.0
rmsnorm,1,initial,15,64,0.013176172971725464,0.01574560119716237,0.010555624961853027,0.024938654899597172,0.034458858966827384,0.036980628967285156,0.0
rmsnorm,1,final,0,64,0.07572372630238533,0.09425581731634994,0.0581669807434082,0.1666810512542725,0.21485629558563227,0.22717690467834473,0.0
rmsnorm,1,final,1,64,0.08991895988583565,0.11344349950171799,0.08352243900299072,0.1781095266342163,0.28879600763320923,0.2905421257019043,0.0
rmsnorm,1,final,2,64,0.05993661284446716,0.07941577641198526,0.04309535026550293,0.12588067054748536,0.21277737617492676,0.2152707576751709,0.0
rmsnorm,1,final,3,64,0.07839591056108475,0.10365958748887143,0.05975937843322754,0.17165997028350832,0.29154540061950684,0.29355692863464355,0.0
rmsnorm,1,final,4,64,0.07847471162676811,0.09316716592774503,0.07284796237945557,0.15171539783477783,0.20635190725326533,0.21968984603881836,0.0
rmsnorm,1,final,5,64,0.0574747733771801,0.07376856512832211,0.04226088523864746,0.1212578058242798,0.1899828505516052,0.19736671447753906,0.0
rmsnorm,1,final,6,64,0.06840301305055618,0.0852373225868476,0.061222195625305176,0.1447988510131836,0.18119912147521972,0.18156862258911133,0.0
rmsnorm,1,final,7,64,0.060071930289268494,0.07968926283359909,0.04682445526123047,0.13593785762786867,0.21660728216171263,0.21926093101501465,0.0
rmsnorm,1,final,8,64,0.05605266988277435,0.07399364494187664,0.04076993465423584,0.1265365839004517,0.18364098548889146,0.21843957901000977,0.0
rmsnorm,1,final,9,64,0.05991809070110321,0.07593717553986443,0.04311370849609375,0.13744909763336183,0.1754053211212158,0.18562698364257812,0.0
rmsnorm,1,final,10,64,0.04845248907804489,0.05890667971400468,0.04288661479949951,0.09507410526275635,0.12578925132751462,0.13016438484191895,0.0
rmsnorm,1,final,11,64,0.045668825507164,0.05434743840229723,0.041480422019958496,0.08650355339050295,0.10718855381011963,0.10804080963134766,0.0
rmsnorm,1,final,12,64,0.03407810628414154,0.04042042999987147,0.0337146520614624,0.059040641784667974,0.08407592058181758,0.0944070816040039,0.0
rmsnorm,1,final,13,64,0.022094566375017166,0.026926465558126732,0.02022087574005127,0.04127168655395508,0.07105122804641723,0.07331705093383789,0.0
rmsnorm,1,final,14,64,0.011474307626485825,0.014406499003354887,0.00952303409576416,0.023708105087280273,0.03661927938461303,0.0388944149017334,0.0
rmsnorm,1,final,15,64,0.013850349932909012,0.017110797698178234,0.012077808380126953,0.03000054359436036,0.03969105243682859,0.0454862117767334,0.0
rmsnorm,2,initial,0,64,0.06884909048676491,0.09343006887880091,0.05712318420410156,0.14639158248901368,0.28519992828369134,0.29576826095581055,0.0
rmsnorm,2,initial,1,64,0.07376385852694511,0.0920715041650461,0.06536316871643066,0.15417723655700685,0.21841744661331175,0.2210221290588379,0.0
rmsnorm,2,initial,2,64,0.08178562298417091,0.09850369904631923,0.06615042686462402,0.15237734317779542,0.24990355014801022,0.2615680694580078,0.0
rmsnorm,2,initial,3,64,0.06237189471721649,0.08760379289581013,0.035443782806396484,0.14655704498291017,0.26554096698760976,0.2962789535522461,0.0
rmsnorm,2,initial,4,64,0.07214564085006714,0.09043923527106626,0.0630563497543335,0.1483494281768799,0.2018808245658874,0.21047472953796387,0.0
rmsnorm,2,initial,5,64,0.0693385936319828,0.08752833534585039,0.052936434745788574,0.148361873626709,0.17637386560440058,0.1900954246520996,0.0
rmsnorm,2,initial,6,64,0.08965763822197914,0.11086760124989253,0.08547842502593994,0.17960255146026613,0.2207455229759216,0.23322129249572754,0.0
rmsnorm,2,initial,7,64,0.07742865011096,0.09818817312492766,0.0661928653717041,0.15500469207763673,0.2180125522613523,0.27802133560180664,0.0
rmsnorm,2,initial,8,64,0.06732862815260887,0.0813673361348073,0.0594104528427124,0.13347945213317874,0.1810017991065979,0.18671870231628418,0.0
rmsnorm,2,initial,9,64,0.058805644512176514,0.0735891643460335,0.04882800579071045,0.11351213455200196,0.21418273687362663,0.23476409912109375,0.0
rmsnorm,2,initial,10,64,0.059384070336818695,0.06967008829678221,0.04967367649078369,0.11016891002655031,0.14861317396163937,0.1612391471862793,0.0
rmsnorm,2,initial,11,64,0.043036941438913345,0.05624983849874728,0.03406989574432373,0.0925955057144165,0.13846075296401966,0.16648530960083008,0.0
rmsnorm,2,initial,12,64,0.03342914581298828,0.04225925192546709,0.02629256248474121,0.0742691516876221,0.09985538959503171,0.1064760684967041,0.0
rmsnorm,2,initial,13,64,0.020450841635465622,0.024788049742160312,0.017429471015930176,0.04254484176635743,0.05503563165664671,0.05870676040649414,0.0
rmsnorm,2,initial,14,64,0.010566439479589462,0.01362919957934759,0.007077574729919434,0.02122635841369629,0.03199465751647948,0.035169363021850586,0.0
rmsnorm,2,initial,15,64,0.01368742436170578,0.01769394411919044,0.010796904563903809,0.029449152946472167,0.044760775566101044,0.051473379135131836,0.0
rmsnorm,2,final,0,64,0.07086381688714027,0.09104713388271493,0.05697476863861084,0.17170071601867676,0.2128519511222839,0.22531390190124512,0.0
rmsnorm,2,final,1,64,0.06997978314757347,0.0913773477713943,0.05676114559173584,0.1369405746459961,0.23783933162689186,0.29776430130004883,0.0
rmsnorm,2,final,2,64,0.06167919933795929,0.07773126015152153,0.052545785903930664,0.1304419994354248,0.18250896692276,0.18268275260925293,0.0
rmsnorm,2,final,3,64,0.07309101521968842,0.09119550426611064,0.06231081485748291,0.1392863273620606,0.2546948790550232,0.2568390369415283,0.0
rmsnorm,2,final,4,64,0.0588616319000721,0.07559431873276495,0.046326398849487305,0.1327293395996094,0.17344789266586302,0.1802051067352295,0.0
rmsnorm,2,final,5,64,0.0708484873175621,0.08830425182454128,0.0623936653137207,0.14019212722778324,0.19673233985900873,0.21296215057373047,0.0
rmsnorm,2,final,6,64,0.07853654026985168,0.09129167925264983,0.06747400760650635,0.14033331871032714,0.20568872213363634,0.23833084106445312,0.0
rmsnorm,2,final,7,64,0.06337804719805717,0.08373078734571131,0.04883384704589844,0.13265147209167483,0.26314978599548333,0.28519368171691895,0.0
rmsnorm,2,final,8,64,0.05968068167567253,0.07205466273650571,0.05067110061645508,0.11322884559631348,0.15086729764938347,0.16840553283691406,0.0
rmsnorm,2,final,9,64,0.05907544493675232,0.07237100648570874,0.047997355461120605,0.12175326347351076,0.16699680566787706,0.19871997833251953,0.0
rmsnorm,2,final,10,64,0.06093910336494446,0.07253078058790337,0.061290860176086426,0.11446349620819092,0.148484251499176,0.1597280502319336,0.0
rmsnorm,2,final,11,64,0.040356993675231934,0.04941036034942044,0.03669619560241699,0.07641820907592774,0.11230983734130859,0.1153860092163086,0.0
rmsnorm,2,final,12,64,0.034701403230428696,0.04466615388731802,0.028933048248291016,0.07909703254699707,0.09909853935241697,0.1046590805053711,0.0
rmsnorm,2,final,13,64,0.018491458147764206,0.024851740723946192,0.015135526657104492,0.043383574485778814,0.06772048473358151,0.07554459571838379,0.0
rmsnorm,2,final,14,64,0.010413102805614471,0.012670519712041353,0.0087510347366333,0.02050046920776367,0.028753044605255126,0.029274702072143555,0.0
rmsnorm,2,final,15,64,0.015290282666683197,0.018092043085161682,0.012604594230651855,0.02884066104888916,0.03776751995086665,0.050047874450683594,0.0
rmsnorm,0,initial,0,64,0.07826453447341919,0.09750926707934057,0.06133413314819336,0.14677979946136474,0.24767637252807614,0.2567787170410156,0.0
rmsnorm,0,initial,1,64,0.08461428061127663,0.10469695119529375,0.07489573955535889,0.15917315483093264,0.26633644819259644,0.268967866897583,0.0
rmsnorm,0,initial,2,64,0.07711703330278397,0.09442154784385201,0.0644228458404541,0.1586336374282837,0.1851521348953247,0.18765783309936523,0.0
rmsnorm,0,initial,3,64,0.0798245407640934,0.09561275215567172,0.06775212287902832,0.1592416524887085,0.21623202800750727,0.23266100883483887,0.0
rmsnorm,0,initial,4,64,0.0790182538330555,0.09967048067792961,0.06806051731109619,0.16276319026947023,0.24655683517456034,0.2964599132537842,0.0
rmsnorm,0,initial,5,64,0.06649326533079147,0.0810905970099368,0.06567347049713135,0.12210226058959962,0.1670700907707214,0.17208313941955566,0.0
rmsnorm,0,initial,6,64,0.06835320964455605,0.08536986427985926,0.06378686428070068,0.1333593606948853,0.21653088092803943,0.2486867904663086,0.0
rmsnorm,0,initial,7,64,0.08086445182561874,0.10073411495154094,0.07177674770355225,0.15171713829040528,0.2391633868217467,0.2664756774902344,0.0
rmsnorm,0,initial,8,64,0.055646862834692,0.07252300662909242,0.05018758773803711,0.09696991443634034,0.22276404857635485,0.2548959255218506,0.0
rmsnorm,0,initial,9,64,0.06984617933630943,0.0881472246623567,0.06011807918548584,0.14205198287963872,0.20335533618926993,0.22842884063720703,0.0
rmsnorm,0,initial,10,64,0.05226820707321167,0.06505590349245399,0.04625380039215088,0.09626843929290771,0.17219682216644278,0.19570159912109375,0.0
rmsnorm,0,initial,11,64,0.05162438377737999,0.061803928073953886,0.046155333518981934,0.09724774360656738,0.12096631050109861,0.12682485580444336,0.0
rmsnorm,0,initial,12,64,0.03378194570541382,0.04076335166413879,0.03266775608062744,0.06401703357696534,0.09605086088180535,0.11206603050231934,0.0
rmsnorm,0,initial,13,64,0.024950575083494186,0.0303354592933626,0.019998788833618164,0.0509486198425293,0.06875241041183472,0.06887602806091309,0.0
rmsnorm,0,initial,14,64,0.011786539107561111,0.014415248930104901,0.010780096054077148,0.022952365875244143,0.03408488273620604,0.038054466247558594,0.0
rmsnorm,0,initial,15,64,0.012948065996170044,0.016047593729717174,0.010477542877197266,0.0273763656616211,0.036707363128662095,0.03985142707824707,0.0
rmsnorm,0,final,0,64,0.07376105338335037,0.0939224463676584,0.051581382751464844,0.16641218662261964,0.22443294286727905,0.22632956504821777,0.0
rmsnorm,0,final,1,64,0.07483100891113281,0.09657766024055153,0.05116593837738037,0.14439308643341064,0.25285714626312245,0.27750587463378906,0.0
rmsnorm,0,final,2,64,0.07375137135386467,0.09627558594319541,0.06431686878204346,0.149956488609314,0.2861559748649596,0.31484413146972656,0.0
rmsnorm,0,final,3,64,0.07527031004428864,0.09746809926722173,0.05751931667327881,0.15822429656982423,0.24563166379928586,0.2526388168334961,0.0
rmsnorm,0,final,4,64,0.0710458979010582,0.08363624696197791,0.06731820106506348,0.1330521821975708,0.16778590440750113,0.18712568283081055,0.0
rmsnorm,0,final,5,64,0.08188796043395996,0.10055494175936004,0.07276320457458496,0.15981457233428956,0.22049832344055176,0.22168493270874023,0.0
rmsnorm,0,final,6,64,0.04888097941875458,0.06934231616954845,0.03338289260864258,0.10037381649017334,0.2064774966239926,0.28978753089904785,0.0
rmsnorm,0,final,7,64,0.06658190488815308,0.08589413035533189,0.057338595390319824,0.16533222198486336,0.2085121941566467,0.21468091011047363,0.0
rmsnorm,0,final,8,64,0.05470672622323036,0.06710955380488068,0.03951728343963623,0.1095811367034912,0.15658846855163575,0.15898752212524414,0.0
rmsnorm,0,final,9,64,0.06181805208325386,0.07628855913043701,0.052127838134765625,0.12456490993499758,0.17148361682891836,0.1945047378540039,0.0
rmsnorm,0,final,10,64,0.05484268441796303,0.06639405764670288,0.049407243728637695,0.09810605049133302,0.14608624696731554,0.18080568313598633,0.0
rmsnorm,0,final,11,64,0.044125065207481384,0.05478082145187917,0.04226696491241455,0.08397078514099124,0.13581763982772826,0.13726425170898438,0.0
rmsnorm,0,final,12,64,0.03660045191645622,0.04510658390707525,0.03297221660614014,0.06936712265014648,0.10375329732894888,0.12926554679870605,0.0
rmsnorm,0,final,13,64,0.01856962963938713,0.02450847355828609,0.01382458209991455,0.03768625259399415,0.07586438894271849,0.07946372032165527,0.0
rmsnorm,0,final,14,64,0.011615753173828125,0.014552716901183165,0.009917020797729492,0.022972512245178225,0.03549821376800537,0.036818504333496094,0.0
rmsnorm,0,final,15,64,0.01408836618065834,0.018864733007607874,0.008675217628479004,0.03234987258911134,0.04860810279846188,0.05733013153076172,0.0
lloyd,2,initial,0,64,0.00914561003446579,0.011816478092127079,0.007352948188781738,0.020416593551635748,0.028771281242370605,0.0288238525390625,0.0
lloyd,2,initial,1,64,0.00954524427652359,0.012383623697762924,0.0074651241302490234,0.02035839557647705,0.03191431999206542,0.035057783126831055,0.0
lloyd,2,initial,2,64,0.00991830974817276,0.012110874563347435,0.008472919464111328,0.02029550075531006,0.024879040718078612,0.025254249572753906,0.0
lloyd,2,initial,3,64,0.00921231135725975,0.011677086684664563,0.0067206621170043945,0.019155454635620118,0.026102094650268547,0.027765750885009766,0.0
lloyd,2,initial,4,64,0.008896257728338242,0.011135507741637346,0.0075179338455200195,0.018693733215332034,0.0273179817199707,0.02796626091003418,0.0
lloyd,2,initial,5,64,0.009117208421230316,0.01144531561409851,0.0080718994140625,0.017643570899963382,0.027626197338104223,0.03361797332763672,0.0
lloyd,2,initial,6,64,0.008022461086511612,0.010031309390188276,0.006372213363647461,0.01811039447784424,0.022111716270446773,0.023207902908325195,0.0
lloyd,2,initial,7,64,0.00852622464299202,0.010946758890030281,0.006983518600463867,0.017998147010803222,0.02887197971343993,0.03139209747314453,0.0
lloyd,2,initial,8,64,0.006931539624929428,0.008792539133248069,0.006074190139770508,0.015723776817321778,0.018430547714233397,0.019156932830810547,0.0
lloyd,2,initial,9,64,0.00822412595152855,0.010001615475948845,0.0063016414642333984,0.015524864196777345,0.022662429809570304,0.024220943450927734,0.0
lloyd,2,initial,10,64,0.0069752037525177,0.008636827833799359,0.006318807601928711,0.01401939392089844,0.019206428527832026,0.02016472816467285,0.0
lloyd,2,initial,11,64,0.00610814243555069,0.0077295565980693625,0.0050389766693115234,0.012464356422424317,0.01683519124984741,0.017682790756225586,0.0
lloyd,2,initial,12,64,0.0053904689848423,0.0062433890164803425,0.00521087646484375,0.008658456802368165,0.013268334865570063,0.014626026153564453,0.0
lloyd,2,initial,13,64,0.004212081432342529,0.005123260131876505,0.003626108169555664,0.008291411399841308,0.009861321449279783,0.010533332824707031,0.0
lloyd,2,initial,14,64,0.0017160214483737946,0.002200442984828638,0.001328110694885254,0.003850817680358887,0.005734617710113525,0.005814075469970703,0.0
lloyd,2,initial,15,64,0.0018286891281604767,0.0024282727876131444,0.0015020370483398438,0.0041365385055541996,0.00601692914962768,0.007467746734619141,0.0
lloyd,2,final,0,64,0.011728659272193909,0.014374693728678238,0.010383129119873047,0.021776485443115237,0.03531300067901611,0.03620791435241699,0.0
lloyd,2,final,1,64,0.012899596244096756,0.016288429842309073,0.010696053504943848,0.0283482313156128,0.03902796030044555,0.04086780548095703,0.0
lloyd,2,final,2,64,0.009450510144233704,0.011644987800838284,0.007620334625244141,0.01852259635925293,0.02537794351577758,0.027032136917114258,0.0
lloyd,2,final,3,64,0.013369321823120117,0.015702462084190186,0.010091543197631836,0.024349212646484375,0.03041394233703613,0.03114032745361328,0.0
lloyd,2,final,4,64,0.010237999260425568,0.013549811093094251,0.007286190986633301,0.02313752174377442,0.0357209515571594,0.04074811935424805,0.0
lloyd,2,final,5,64,0.01351998746395111,0.017207039791323146,0.01233828067779541,0.026342940330505372,0.046932826042175295,0.0471644401550293,0.0
lloyd,2,final,6,64,0.012057196348905563,0.0150233488632049,0.010523796081542969,0.02421262264251709,0.03100487709045409,0.03456830978393555,0.0
lloyd,2,final,7,64,0.010920047760009766,0.013551355190897238,0.009134411811828613,0.021696448326110843,0.030949735641479487,0.032749176025390625,0.0
lloyd,2,final,8,64,0.011685285717248917,0.014488198906073165,0.0105360746383667,0.02381913661956788,0.03324840068817138,0.035767316818237305,0.0
lloyd,2,final,9,64,0.00994877889752388,0.012500832783868382,0.007595181465148926,0.02160971164703369,0.027686278820037838,0.028345823287963867,0.0
lloyd,2,final,10,64,0.009767547249794006,0.012086424767621177,0.00823354721069336,0.020566821098327637,0.02696162700653076,0.02699136734008789,0.0
lloyd,2,final,11,64,0.007416084408760071,0.008660604404342683,0.006531834602355957,0.0127286434173584,0.019357066154479977,0.020328283309936523,0.0
lloyd,2,final,12,64,0.005914092063903809,0.007562993803852354,0.004380702972412109,0.0120802640914917,0.019171214103698726,0.020308256149291992,0.0
lloyd,2,final,13,64,0.004183460026979446,0.00545658939645104,0.0032657384872436523,0.007874035835266115,0.015887763500213616,0.01755547523498535,0.0
lloyd,2,final,14,64,0.001893840730190277,0.002393228446987374,0.0014865398406982422,0.00404033660888672,0.006096971035003659,0.006685018539428711,0.0
lloyd,2,final,15,64,0.0029537156224250793,0.0036241414312069118,0.0025960206985473633,0.005255293846130372,0.009061391353607177,0.009358644485473633,0.0
lloyd,0,initial,0,64,0.00715908408164978,0.009176284176461894,0.0049343109130859375,0.014139318466186523,0.02527234077453613,0.025516271591186523,0.0
lloyd,0,initial,1,64,0.00868978351354599,0.010885273626588178,0.006662845611572266,0.019006037712097173,0.024811134338378903,0.025398731231689453,0.0
lloyd,0,initial,2,64,0.009578682482242584,0.011554334828405318,0.009196162223815918,0.01723217964172364,0.02962551116943358,0.03314328193664551,0.0
lloyd,0,initial,3,64,0.008757006376981735,0.010714398793978026,0.007596135139465332,0.017434692382812506,0.024651951789855953,0.02526688575744629,0.0
lloyd,0,initial,4,64,0.008946627378463745,0.011478255922507369,0.007107377052307129,0.018669748306274415,0.028504996299743634,0.03334546089172363,0.0
lloyd,0,initial,5,64,0.00790271908044815,0.010107347388803672,0.006175398826599121,0.01664848327636719,0.026639506816863997,0.03108358383178711,0.0
lloyd,0,initial,6,64,0.007395487278699875,0.008750281825099718,0.006293535232543945,0.014625716209411622,0.016997947692871086,0.018648386001586914,0.0
lloyd,0,initial,7,64,0.00868586078286171,0.010954618847248264,0.006741523742675781,0.0179724931716919,0.025830595493316642,0.027452945709228516,0.0
lloyd,0,initial,8,64,0.007928770035505295,0.010140474950581858,0.007100105285644531,0.017773222923278813,0.024491908550262433,0.02942204475402832,0.0
lloyd,0,initial,9,64,0.00842839851975441,0.010654480442950911,0.007443070411682129,0.015786194801330568,0.02597041606903076,0.026043415069580078,0.0
lloyd,0,initial,10,64,0.006181877106428146,0.0074821487341227115,0.005585312843322754,0.012964797019958497,0.01589824914932251,0.016402482986450195,0.0
lloyd,0,initial,11,64,0.006519816815853119,0.007751435708927648,0.005814909934997559,0.012751364707946779,0.01623683214187622,0.016316890716552734,0.0
lloyd,0,initial,12,64,0.0046334899961948395,0.006023611127274308,0.0030699968338012695,0.010447192192077638,0.01649097919464111,0.017123937606811523,0.0
lloyd,0,initial,13,64,0.0028525441884994507,0.0036465168481241896,0.0023266077041625977,0.006076240539550781,0.008086161613464355,0.008249282836914062,0.0
lloyd,0,initial,14,64,0.0015936195850372314,0.0020566259636620042,0.0013606548309326172,0.003515458106994629,0.004977023601531978,0.005907535552978516,0.0
lloyd,0,initial,15,64,0.0013820677995681763,0.0017357838420690142,0.001195669174194336,0.0027486324310302735,0.0042818999290466266,0.005379438400268555,0.0
lloyd,0,final,0,64,0.008860934525728226,0.010495936508479282,0.008432626724243164,0.016569900512695312,0.02135535478591918,0.023519039154052734,0.0
lloyd,0,final,1,64,0.009504474699497223,0.011897160753245364,0.007550358772277832,0.019112777709960938,0.02696635484695434,0.027740955352783203,0.0
lloyd,0,final,2,64,0.010009672492742538,0.01256671219835056,0.00854957103729248,0.020142745971679688,0.03077345848083494,0.035527706146240234,0.0
lloyd,0,final,3,64,0.010275270789861679,0.012813355131615686,0.00859522819519043,0.020752453804016115,0.027917320728301994,0.029769182205200195,0.0
lloyd,0,final,4,64,0.008454803377389908,0.010693793975098963,0.0076520442962646484,0.018395280838012697,0.02336181402206421,0.023514270782470703,0.0
lloyd,0,final,5,64,0.01000867411494255,0.01259621643200749,0.008080840110778809,0.022106003761291505,0.029613366127014155,0.03059840202331543,0.0
lloyd,0,final,6,64,0.010356079787015915,0.012262414109354781,0.009340167045593262,0.01913437843322754,0.02758886337280272,0.031101226806640625,0.0
lloyd,0,final,7,64,0.008389625698328018,0.010642119392880185,0.006815552711486816,0.017713189125061035,0.026741256713867182,0.028439760208129883,0.0
lloyd,0,final,8,64,0.0080934539437294,0.00998972188857807,0.006564736366271973,0.01580479145050049,0.023423905372619624,0.024678707122802734,0.0
lloyd,0,final,9,64,0.008119668811559677,0.009463337049025558,0.00808262825012207,0.01393122673034668,0.020489804744720442,0.024865388870239258,0.0
lloyd,0,final,10,64,0.007137298583984375,0.008892985677089883,0.006029009819030762,0.014633584022521979,0.019925897121429434,0.02230978012084961,0.0
lloyd,0,final,11,64,0.004588361829519272,0.005838452874804789,0.003999114036560059,0.009408020973205568,0.01548464775085448,0.018674373626708984,0.0
lloyd,0,final,12,64,0.00452052429318428,0.00583193548608251,0.004255533218383789,0.010690331459045412,0.012988922595977783,0.013120651245117188,0.0
lloyd,0,final,13,64,0.003211129456758499,0.004209572876551511,0.002621173858642578,0.007497715950012208,0.009057404994964597,0.009631633758544922,0.0
lloyd,0,final,14,64,0.001582220196723938,0.002065453069624474,0.001343846321105957,0.002786087989807129,0.005702722072601313,0.00702977180480957,0.0
lloyd,0,final,15,64,0.0015971958637237549,0.0020153573556028607,0.001385331153869629,0.003271150588989258,0.005014131069183347,0.005609989166259766,0.0
lloyd,1,initial,0,64,0.008044712245464325,0.01027353501159915,0.006675243377685547,0.01751866340637207,0.02195298433303833,0.021994590759277344,0.0
lloyd,1,initial,1,64,0.010071922093629837,0.012325280566446844,0.00954580307006836,0.01893773078918457,0.027686004638671855,0.03229665756225586,0.0
lloyd,1,initial,2,64,0.008851062506437302,0.01066939141864282,0.007718443870544434,0.017141270637512206,0.02918714523315429,0.03147745132446289,0.0
lloyd,1,initial,3,64,0.0072956085205078125,0.009408079388720961,0.00604248046875,0.014102077484130861,0.02554975986480712,0.027345895767211914,0.0
lloyd,1,initial,4,64,0.008384253829717636,0.011402546428294857,0.006709456443786621,0.018506264686584478,0.0326792812347412,0.034937143325805664,0.0
lloyd,1,initial,5,64,0.008109640330076218,0.010047046218207976,0.006739020347595215,0.017614197731018067,0.022935063838958727,0.02635955810546875,0.0
lloyd,1,initial,6,64,0.006116319447755814,0.007173948097648068,0.006187915802001953,0.01117846965789795,0.014440574645996091,0.014901399612426758,0.0
lloyd,1,initial,7,64,0.007123563438653946,0.00830901971919634,0.006360530853271484,0.013950014114379884,0.016139264106750484,0.017078638076782227,0.0
lloyd,1,initial,8,64,0.006873913109302521,0.009347707534317358,0.005017518997192383,0.01583213806152344,0.02794932603836058,0.03239250183105469,0.0
lloyd,1,initial,9,64,0.005406998097896576,0.0069848606814785,0.0040361881256103516,0.012632942199707033,0.015912938117980956,0.015944480895996094,0.0
lloyd,1,initial,10,64,0.0049244314432144165,0.006345940187438151,0.004072070121765137,0.009551382064819336,0.01671734333038328,0.021918296813964844,0.0
lloyd,1,initial,11,64,0.005798991769552231,0.007030852303278951,0.0052956342697143555,0.011100125312805178,0.014768123626708984,0.014828205108642578,0.0
lloyd,1,initial,12,64,0.003653198480606079,0.004547861539830315,0.003493666648864746,0.006339526176452639,0.0121453547477722,0.01618027687072754,0.0
lloyd,1,initial,13,64,0.002682957798242569,0.003579181485361846,0.0020281076431274414,0.0051986932754516605,0.010702836513519281,0.011984825134277344,0.0
lloyd,1,initial,14,64,0.001201622188091278,0.0015272075114104839,0.0009834766387939453,0.0026708602905273437,0.0032469582557678213,0.0035066604614257812,0.0
lloyd,1,initial,15,64,0.001449737697839737,0.0018219877055249793,0.0012297630310058594,0.0030287504196166992,0.004569020271301265,0.005557060241699219,0.0
lloyd,1,final,0,64,0.009473443031311035,0.011671871560481283,0.008661150932312012,0.01958234310150147,0.02852347373962402,0.029676437377929688,0.0
lloyd,1,final,1,64,0.008502613753080368,0.010656756124765177,0.006936788558959961,0.017851591110229492,0.02354820013046264,0.02555537223815918,0.0
lloyd,1,final,2,64,0.008159879595041275,0.010469243031484889,0.0072820186614990234,0.017428302764892583,0.02668420314788818,0.026972293853759766,0.0
lloyd,1,final,3,64,0.008281905204057693,0.009957795867653236,0.007320284843444824,0.016950845718383793,0.01980536937713622,0.02229905128479004,0.0
lloyd,1,final,4,64,0.008492805063724518,0.010895409641152508,0.00841224193572998,0.017296314239501957,0.02709274530410766,0.028584718704223633,0.0
lloyd,1,final,5,64,0.007463295012712479,0.009394260044503805,0.006323456764221191,0.015406727790832526,0.023595280647277825,0.02500629425048828,0.0
lloyd,1,final,6,64,0.006803639233112335,0.008634876665059991,0.00580441951751709,0.014506769180297854,0.020003249645233152,0.020331144332885742,0.0
lloyd,1,final,7,64,0.006606932729482651,0.00829544379752054,0.006024956703186035,0.013384652137756348,0.019251127243041986,0.02049541473388672,0.0
lloyd,1,final,8,64,0.006131939589977264,0.008134697017837481,0.004466056823730469,0.012170839309692384,0.02295272350311279,0.023975610733032227,0.0
lloyd,1,final,9,64,0.007522955536842346,0.009044114673640028,0.006331324577331543,0.014628148078918457,0.019388647079467775,0.01939225196838379,0.0
lloyd,1,final,10,64,0.005353227257728577,0.006616632574384164,0.004826903343200684,0.010621070861816406,0.014416081905364989,0.014677286148071289,0.0
lloyd,1,final,11,64,0.005585972219705582,0.007039668624945973,0.00438845157623291,0.011724710464477544,0.015084297657012939,0.015091657638549805,0.0
lloyd,1,final,12,64,0.0037569813430309296,0.004961858370847678,0.00321197509765625,0.00860223770141602,0.01204264640808105,0.013033390045166016,0.0
lloyd,1,final,13,64,0.003116406500339508,0.003790017991326098,0.002842426300048828,0.005990123748779298,0.008367285728454583,0.010028839111328125,0.0
lloyd,1,final,14,64,0.0012885704636573792,0.0015786807725964094,0.0010297298431396484,0.002336406707763672,0.004096124172210693,0.004148244857788086,0.0
lloyd,1,final,15,64,0.0013547353446483612,0.0017271542126058726,0.0010190010070800781,0.0026895523071289065,0.0041226625442504885,0.004154205322265625,0.0
none,0,initial,0,64,0.0077876560389995575,0.009907355426955436,0.006427168846130371,0.01807839870452881,0.021244425773620602,0.02212071418762207,0.0
none,0,initial,1,64,0.007713701575994492,0.010173742710880158,0.0050811767578125,0.01753795146942139,0.027604341506958008,0.027619361877441406,0.0
none,0,initial,2,64,0.007673859596252441,0.00942443475137973,0.006837725639343262,0.014741587638854982,0.023718612194061274,0.024771690368652344,0.0
none,0,initial,3,64,0.0075279101729393005,0.00909094663963592,0.006314396858215332,0.01398301124572754,0.022482776641845698,0.024011850357055664,0.0
none,0,initial,4,64,0.007906604558229446,0.009794860347851006,0.0072585344314575195,0.01608459949493408,0.022667040824890135,0.02293109893798828,0.0
none,0,initial,5,64,0.0059037841856479645,0.007758036839638174,0.004596590995788574,0.012344574928283692,0.01913226842880249,0.019179582595825195,0.0
none,0,initial,6,64,0.006209574639797211,0.007921766486849245,0.005692243576049805,0.011638569831848146,0.021061305999755836,0.026813507080078125,0.0
none,0,initial,7,64,0.008000243455171585,0.010045553356398968,0.006597399711608887,0.016116666793823245,0.02368911504745483,0.0246737003326416,0.0
none,0,initial,8,64,0.005403049290180206,0.0070352440911180675,0.0046263933181762695,0.010415601730346682,0.018949658870697002,0.023710966110229492,0.0
none,0,initial,9,64,0.006320327520370483,0.008121995732636297,0.0058023929595947266,0.014100337028503421,0.018804929256439198,0.021810054779052734,0.0
none,0,initial,10,64,0.004999890923500061,0.006115153160707021,0.0047065019607543945,0.009440302848815918,0.015375258922576891,0.01880335807800293,0.0
none,0,initial,11,64,0.0049872733652591705,0.005927196273425706,0.005043148994445801,0.009253978729248047,0.012469902038574208,0.015111684799194336,0.0
none,0,initial,12,64,0.0029590167105197906,0.0037507828891246964,0.002307295799255371,0.006442046165466309,0.00862463235855102,0.009767532348632812,0.0
none,0,initial,13,64,0.00248149037361145,0.0032311421390405015,0.0018286705017089844,0.004680633544921875,0.009269108772277832,0.009458065032958984,0.0
none,0,initial,14,64,0.001097254455089569,0.00137917390816854,0.0009361505508422852,0.0022554874420166017,0.0032665109634399388,0.003927707672119141,0.0
none,0,initial,15,64,0.0010755956172943115,0.001322592644025391,0.0009402036666870117,0.0021935701370239258,0.003169562816619873,0.0031850337982177734,0.0
none,0,final,0,64,0.009650584310293198,0.012277022023108963,0.007920145988464355,0.018111324310302736,0.03357167482376096,0.04045295715332031,0.0
none,0,final,1,64,0.009223703294992447,0.011651528675269151,0.006801605224609375,0.019492244720458986,0.026672382354736318,0.029283523559570312,0.0
none,0,final,2,64,0.008711080998182297,0.011563179239257558,0.005964040756225586,0.019436693191528326,0.029692120552062978,0.03233480453491211,0.0
none,0,final,3,64,0.00875367596745491,0.010664325498786539,0.007091045379638672,0.018341565132141115,0.021260559558868408,0.02151966094970703,0.0
none,0,final,4,64,0.00782683864235878,0.010093857270298136,0.005934238433837891,0.016853308677673342,0.023666524887084935,0.030077219009399414,0.0
none,0,final,5,64,0.008612565696239471,0.010891681158940378,0.007167220115661621,0.019073915481567387,0.025041375160217275,0.02777838706970215,0.0
none,0,final,6,64,0.007373645901679993,0.008970192426767517,0.00587308406829834,0.014278459548950196,0.020705471038818354,0.022251367568969727,0.0
none,0,final,7,64,0.006930571049451828,0.00841784519950168,0.005945801734924316,0.013257193565368657,0.019095356464385968,0.02354574203491211,0.0
none,0,final,8,64,0.007296524941921234,0.00964098735871777,0.005092501640319824,0.017618799209594728,0.025527775287628167,0.027063608169555664,0.0
none,0,final,9,64,0.006830431520938873,0.008865355929658732,0.005630612373352051,0.015175914764404299,0.022207407951354976,0.02341294288635254,0.0
none,0,final,10,64,0.006543442606925964,0.007986882829959031,0.00578618049621582,0.012265753746032716,0.01780394554138183,0.019436359405517578,0.0
none,0,final,11,64,0.004921868443489075,0.006443662721542819,0.003729104995727539,0.010443377494812011,0.017867555618286124,0.02040719985961914,0.0
none,0,final,12,64,0.0033370032906532288,0.004318043247709462,0.0025446414947509766,0.006695175170898439,0.010651817321777342,0.011073589324951172,0.0
none,0,final,13,64,0.002602163702249527,0.0030390443325306396,0.0023587942123413086,0.004561042785644532,0.006400420665740965,0.0067102909088134766,0.0
none,0,final,14,64,0.0012474916875362396,0.0014755847264592435,0.0012145042419433594,0.0022644281387329103,0.003028862476348876,0.0033113956451416016,0.0
none,0,final,15,64,0.0015502162277698517,0.0019142190686594646,0.0014089345932006836,0.0030752897262573244,0.003960881233215331,0.004159450531005859,0.0
none,1,initial,0,64,0.007124427706003189,0.008885819948657631,0.006294846534729004,0.015134072303771973,0.019773249626159662,0.02114701271057129,0.0
none,1,initial,1,64,0.006745781749486923,0.00829931409966329,0.0058051347732543945,0.012228083610534669,0.021582279205322262,0.022509336471557617,0.0
none,1,initial,2,64,0.008180331438779831,0.010011229409542952,0.007961511611938477,0.014887118339538576,0.023721225261688222,0.02609729766845703,0.0
none,1,initial,3,64,0.006597559899091721,0.008602864980470215,0.005552411079406738,0.015343832969665532,0.02190321445465088,0.021903514862060547,0.0
none,1,initial,4,64,0.007623393088579178,0.009055434192984477,0.007027268409729004,0.014347934722900395,0.019358456134796143,0.01976776123046875,0.0
none,1,initial,5,64,0.0072935037314891815,0.008977809541596805,0.0064046382904052734,0.014771533012390137,0.019368188381195067,0.020195960998535156,0.0
none,1,initial,6,64,0.007679566740989685,0.009165785215586425,0.006879210472106934,0.01354837417602539,0.020250282287597655,0.02048039436340332,0.0
none,1,initial,7,64,0.0061040520668029785,0.007731846075017126,0.0046138763427734375,0.012511634826660158,0.01928306818008422,0.021741151809692383,0.0
none,1,initial,8,64,0.00602138414978981,0.007645410800014032,0.00475919246673584,0.012748742103576667,0.018905639648437493,0.020978450775146484,0.0
none,1,initial,9,64,0.004432864487171173,0.005704858685131835,0.0036270618438720703,0.0091691255569458,0.014541645050048806,0.019841432571411133,0.0
none,1,initial,10,64,0.004376240074634552,0.005742481330754002,0.003511667251586914,0.007954287528991702,0.016394050121307353,0.021350622177124023,0.0
none,1,initial,11,64,0.003830350935459137,0.004761878706603498,0.003276228904724121,0.007742381095886231,0.010041584968566894,0.010095357894897461,0.0
none,1,initial,12,64,0.002819482237100601,0.00362355985906146,0.002153754234313965,0.005901432037353516,0.009670860767364502,0.009681224822998047,0.0
none,1,initial,13,64,0.00186162069439888,0.002508683475855006,0.0014652013778686523,0.0042115688323974615,0.006613969802856437,0.00877690315246582,0.0
none,1,initial,14,64,0.001027483493089676,0.0013025668330012598,0.0008232593536376953,0.0021524906158447267,0.003056554794311522,0.003443479537963867,0.0
none,1,initial,15,64,0.0010963864624500275,0.0013335057431349622,0.001087784767150879,0.002312898635864258,0.0027558064460754387,0.002971649169921875,0.0
none,1,final,0,64,0.007551912218332291,0.00969538856837748,0.0055315494537353516,0.016129732131958008,0.026342790126800512,0.03203415870666504,0.0
none,1,final,1,64,0.008200619369745255,0.010012961879832754,0.006778120994567871,0.015534591674804693,0.02474828481674194,0.02589869499206543,0.0
none,1,final,2,64,0.008614365011453629,0.010346414590741326,0.007426261901855469,0.017518019676208495,0.020222909450531,0.022103309631347656,0.0
none,1,final,3,64,0.007672719657421112,0.00931591331260728,0.006848931312561035,0.014961671829223639,0.021749384403228742,0.026265859603881836,0.0
none,1,final,4,64,0.00818273052573204,0.010098178803589522,0.006916046142578125,0.016017580032348634,0.024852094650268546,0.026737451553344727,0.0
none,1,final,5,64,0.006665684282779694,0.008411788129421735,0.0048770904541015625,0.013669872283935548,0.019367504119873046,0.019857168197631836,0.0
none,1,final,6,64,0.0062929801642894745,0.007752587599044683,0.005736589431762695,0.013886666297912601,0.016797785758972165,0.01760077476501465,0.0
none,1,final,7,64,0.0052781179547309875,0.006673262639764841,0.0045500993728637695,0.011432218551635741,0.014435935020446777,0.014482498168945312,0.0
none,1,final,8,64,0.0070020891726017,0.008455500621523,0.006135702133178711,0.012844085693359377,0.021317551136016827,0.025841236114501953,0.0
none,1,final,9,64,0.005774088203907013,0.007645600496510783,0.004103899002075195,0.0132277250289917,0.018557734489440918,0.01879715919494629,0.0
none,1,final,10,64,0.004442822188138962,0.005707993219978723,0.003710508346557617,0.009938430786132815,0.01343967676162719,0.015340805053710938,0.0
none,1,final,11,64,0.004561226814985275,0.005771381838960382,0.0036951303482055664,0.009668040275573732,0.015059356689453123,0.015869855880737305,0.0
none,1,final,12,64,0.003292243927717209,0.004003478926128689,0.002789020538330078,0.006841707229614258,0.008257043361663819,0.008289337158203125,0.0
none,1,final,13,64,0.001802876591682434,0.002278992880130979,0.0015674829483032227,0.003426289558410645,0.0059790396690368635,0.006481170654296875,0.0
none,1,final,14,64,0.0010481737554073334,0.0013080201117831843,0.0008803606033325195,0.002074384689331055,0.0031107068061828583,0.0038955211639404297,0.0
none,1,final,15,64,0.00129033625125885,0.001579639035256203,0.001186370849609375,0.0025041818618774417,0.003374719619750976,0.0034317970275878906,0.0
none,2,initial,0,64,0.007747761905193329,0.010123300586648395,0.006508350372314453,0.015105152130126955,0.028346035480499264,0.029096603393554688,0.0
none,2,initial,1,64,0.007700849324464798,0.009447868319349174,0.0056504011154174805,0.016958570480346682,0.020079460144042965,0.020909786224365234,0.0
none,2,initial,2,64,0.008682213723659515,0.010570002619411711,0.007633090019226074,0.017250990867614748,0.0231770849227905,0.029711246490478516,0.0
none,2,initial,3,64,0.006725214421749115,0.009049613670739512,0.005190372467041016,0.01490161418914795,0.024231066703796385,0.024765491485595703,0.0
none,2,initial,4,64,0.007525846362113953,0.009326643444015634,0.007378816604614258,0.015074753761291505,0.019204933643341065,0.019461631774902344,0.0
none,2,initial,5,64,0.007829450070858002,0.00984593539976537,0.007338404655456543,0.015616178512573242,0.02325333833694458,0.023743152618408203,0.0
none,2,initial,6,64,0.009710676968097687,0.012046341476068681,0.008075952529907227,0.01997380256652832,0.02444566249847412,0.025142908096313477,0.0
none,2,initial,7,64,0.008688200265169144,0.010862636799061841,0.008606433868408203,0.017885136604309085,0.023547861576080322,0.023712635040283203,0.0
none,2,initial,8,64,0.00710519403219223,0.008836988245714087,0.006152987480163574,0.014992642402648927,0.02001494169235229,0.020807266235351562,0.0
none,2,initial,9,64,0.005946878343820572,0.007728774112557327,0.004869699478149414,0.012067842483520509,0.020822355747222878,0.0263974666595459,0.0
none,2,initial,10,64,0.00627821683883667,0.007475449401903281,0.005708217620849609,0.011807084083557129,0.015591404438018798,0.016005516052246094,0.0
none,2,initial,11,64,0.004582744091749191,0.005955308065184267,0.0032193660736083984,0.011104178428649903,0.013874375820159912,0.014122962951660156,0.0
none,2,initial,12,64,0.003309689462184906,0.004193892781920019,0.0025850534439086914,0.007076239585876465,0.009734551906585693,0.009793281555175781,0.0
none,2,initial,13,64,0.001999281346797943,0.002526274010333662,0.0017794370651245117,0.004477930068969726,0.005474395751953124,0.00567626953125,0.0
none,2,initial,14,64,0.0012258291244506836,0.0015060516971371154,0.0010399818420410156,0.0025339603424072267,0.0031465268135070787,0.0034584999084472656,0.0
none,2,initial,15,64,0.0014509782195091248,0.0018172077178713192,0.0013518333435058594,0.0029876232147216797,0.00454355239868164,0.0047075748443603516,0.0
none,2,final,0,64,0.010811660438776016,0.012550054137844087,0.009838223457336426,0.019885849952697758,0.027552232742309564,0.029266357421875,0.0
none,2,final,1,64,0.008146010339260101,0.010854377619842611,0.0057830810546875,0.016974639892578126,0.02837709188461303,0.03007364273071289,0.0
none,2,final,2,64,0.008969832211732864,0.011666854895027695,0.006189584732055664,0.01922082901000977,0.028547608852386448,0.03542017936706543,0.0
none,2,final,3,64,0.008501242846250534,0.01097385123968539,0.00645899772644043,0.021257162094116214,0.02537894487380981,0.02677178382873535,0.0
none,2,final,4,64,0.007910873740911484,0.009615802343569992,0.006298542022705078,0.015838050842285158,0.022031466960906982,0.022450685501098633,0.0
none,2,final,5,64,0.009934954345226288,0.012423314396882042,0.00819098949432373,0.021994829177856445,0.027130424976348863,0.03084421157836914,0.0
none,2,final,6,64,0.00710199773311615,0.009271488278202424,0.005860328674316406,0.014156198501586918,0.025651941299438458,0.030637502670288086,0.0
none,2,final,7,64,0.007852643728256226,0.009659447155683547,0.007110238075256348,0.016383647918701172,0.020867760181426998,0.02181839942932129,0.0
none,2,final,8,64,0.007423102855682373,0.009427815159144285,0.005967974662780762,0.017071604728698734,0.022415802478790277,0.02366805076599121,0.0
none,2,final,9,64,0.007680874317884445,0.009179667198621903,0.006310820579528809,0.014163637161254882,0.02212876796722411,0.02499675750732422,0.0
none,2,final,10,64,0.006268512457609177,0.007956505507236533,0.005023479461669922,0.012820363044738775,0.019708700180053707,0.020571470260620117,0.0
none,2,final,11,64,0.005408432334661484,0.006963671999902559,0.004164934158325195,0.011336231231689455,0.018542423248290994,0.023782730102539062,0.0
none,2,final,12,64,0.0037527158856391907,0.004669167379434301,0.00351560115814209,0.0074043512344360365,0.01037980318069457,0.01277780532836914,0.0
none,2,final,13,64,0.002927977591753006,0.003607682335464773,0.0023643970489501953,0.006055378913879395,0.007957494258880614,0.00830221176147461,0.0
none,2,final,14,64,0.0014718882739543915,0.0018095449521048407,0.0013637542724609375,0.0030733585357666025,0.0042886567115783675,0.004647493362426758,0.0
none,2,final,15,64,0.0017849244177341461,0.002209087152281565,0.0015069246292114258,0.003579068183898926,0.00499020338058471,0.0067234039306640625,0.0
