condition,seed,stage,layer,mean_abs_y,sample_std_abs_y
E18a,0,initial,0,0.00808875635266304,0.006902372299530123
E18a,0,initial,1,0.009179405868053436,0.006617215561038768
E18a,0,initial,2,0.007859371602535248,0.006106085795333037
E18a,0,initial,3,0.00687788799405098,0.00507300519265611
E18a,0,initial,4,0.009049862623214722,0.007505526897470125
E18a,0,initial,5,0.006129678338766098,0.00500661287769537
E18a,0,initial,6,0.007546164095401764,0.006048910502134258
E18a,0,initial,7,0.006020590662956238,0.004997850702691831
E18a,0,initial,8,0.0049896202981472015,0.004559649338306633
E18a,0,initial,9,0.004095491021871567,0.0028707748888123917
E18a,0,initial,10,0.004782665520906448,0.004491876798290758
E18a,0,initial,11,0.003809254616498947,0.003193623802213637
E18a,0,initial,12,0.00391150638461113,0.0032011465578271783
E18a,0,initial,13,0.0035819709300994873,0.0022512235886038012
E18a,0,initial,14,0.0032732710242271423,0.0023635463497508145
E18a,0,initial,15,0.003981336951255798,0.0034957564882617644
E18a,0,initial,16,0.003352805972099304,0.0025385653301242014
E18a,0,initial,17,0.0032882504165172577,0.002811333188091093
E18a,0,initial,18,0.004679389297962189,0.0035315222458279323
E18a,0,initial,19,0.0037307627499103546,0.0029780416004552748
E18a,0,initial,20,0.0031270645558834076,0.002578530533240516
E18a,0,initial,21,0.0029711946845054626,0.002198649581567754
E18a,0,initial,22,0.003178425133228302,0.0026994491371452206
E18a,0,initial,23,0.0033484958112239838,0.0025734629433705664
E18a,0,initial,24,0.004311215132474899,0.003008791654900624
E18a,0,initial,25,0.003210596740245819,0.003443848227239851
E18a,0,initial,26,0.0030789822340011597,0.002458487810310683
E18a,0,initial,27,0.003276500850915909,0.0025464461109160753
E18a,0,initial,28,0.003624655306339264,0.002575362793348351
E18a,0,initial,29,0.003008916974067688,0.0027816325447534646
E18a,0,initial,30,0.003214489668607712,0.0026138329197147245
E18a,0,initial,31,0.0034312307834625244,0.0028674601658961545
E18a,0,initial,32,0.004148948937654495,0.0027592725478190927
E18a,0,initial,33,0.036895446479320526,0.024524490675792987
E18a,0,final,0,0.005684415344148874,0.004258015375738841
E18a,0,final,1,0.0045214369893074036,0.003554078646024538
E18a,0,final,2,0.0037021362222731113,0.002742853386008208
E18a,0,final,3,0.003094709012657404,0.0025128019435948384
E18a,0,final,4,0.0035245930776000023,0.0028651407730543184
E18a,0,final,5,0.002763428259640932,0.0023736259232556723
E18a,0,final,6,0.0023793792352080345,0.00194336108112312
E18a,0,final,7,0.0018944719340652227,0.0013723551396736266
E18a,0,final,8,0.0023802078794687986,0.0016873724075756275
E18a,0,final,9,0.0013808212243020535,0.0013459438015086418
E18a,0,final,10,0.0020433752797544003,0.0016052584254797654
E18a,0,final,11,0.0018596174195408821,0.001227354767907507
E18a,0,final,12,0.0014704195782542229,0.001092547334075484
E18a,0,final,13,0.0013547302223742008,0.0010868420128699503
E18a,0,final,14,0.0012107323855161667,0.0008301620159135149
E18a,0,final,15,0.0014828210696578026,0.001203931703644167
E18a,0,final,16,0.001268231077119708,0.0012274962323746326
E18a,0,final,17,0.0010563021060079336,0.0007953784329227629
E18a,0,final,18,0.001233682269230485,0.0009773492011528823
E18a,0,final,19,0.0011705360375344753,0.0009512274490189425
E18a,0,final,20,0.0010473623406141996,0.0009651585798729932
E18a,0,final,21,0.0012176912277936935,0.0012656856829539596
E18a,0,final,22,0.0008810574654489756,0.0007742752626261502
E18a,0,final,23,0.0009459252469241619,0.0007247421715967347
E18a,0,final,24,0.0010602856054902077,0.0007303111757730332
E18a,0,final,25,0.0011378414928913116,0.0008468727409599876
E18a,0,final,26,0.0009863569866865873,0.0006995576594870684
E18a,0,final,27,0.0007839514873921871,0.0005930282199961162
E18a,0,final,28,0.0008225482888519764,0.0006482729092276246
E18a,0,final,29,0.0007536718621850014,0.0005936187584432997
E18a,0,final,30,0.0007843873463571072,0.0006121979808025884
E18a,0,final,31,0.0007123816758394241,0.0006310355193988639
E18a,0,final,32,0.0006935561541467905,0.00046997177860796393
E18a,0,final,33,0.005487659480422735,0.004123099141878408
E18a,1,initial,0,0.007653072476387024,0.006752310329155958
E18a,1,initial,1,0.005299024283885956,0.0036199468815102743
E18a,1,initial,2,0.007435128092765808,0.005995855153281186
E18a,1,initial,3,0.004818033427000046,0.0032667139650507655
E18a,1,initial,4,0.005057796835899353,0.004622783849388493
E18a,1,initial,5,0.005229126662015915,0.004283184332210401
E18a,1,initial,6,0.005559414625167847,0.004402043544077421
E18a,1,initial,7,0.0030620917677879333,0.0029595642915195906
E18a,1,initial,8,0.0038714371621608734,0.003261028085936927
E18a,1,initial,9,0.0037698261439800262,0.0030427926632952897
E18a,1,initial,10,0.004371233284473419,0.003960894502975958
E18a,1,initial,11,0.0033780187368392944,0.0027977335080957982
E18a,1,initial,12,0.004049811512231827,0.0028737997237601614
E18a,1,initial,13,0.0038362182676792145,0.002769644868174484
E18a,1,initial,14,0.0029391124844551086,0.0022738846196180126
E18a,1,initial,15,0.003683924674987793,0.003026664037575963
E18a,1,initial,16,0.0026738718152046204,0.0026781732021075814
E18a,1,initial,17,0.002931889146566391,0.002581891593476644
E18a,1,initial,18,0.0028128139674663544,0.0025325449165305184
E18a,1,initial,19,0.0033478103578090668,0.0023919845830686405
E18a,1,initial,20,0.002704910933971405,0.0024863826722623166
E18a,1,initial,21,0.00273856520652771,0.0019286945707321507
E18a,1,initial,22,0.002926573157310486,0.002264090916974744
E18a,1,initial,23,0.0024124830961227417,0.0019178712039072032
E18a,1,initial,24,0.0031783953309059143,0.0021672371382891816
E18a,1,initial,25,0.0026099905371665955,0.0022202881749619117
E18a,1,initial,26,0.0034628398716449738,0.0025296500730317244
E18a,1,initial,27,0.002276826649904251,0.0022534714591835652
E18a,1,initial,28,0.0028485655784606934,0.002019096616113681
E18a,1,initial,29,0.0026705414056777954,0.0022438871130016345
E18a,1,initial,30,0.0029543451964855194,0.0022101903089571866
E18a,1,initial,31,0.0026053115725517273,0.0018163589570508731
E18a,1,initial,32,0.0029961690306663513,0.0020863025368420326
E18a,1,initial,33,0.02777082845568657,0.020327924662822124
E18a,1,final,0,0.004818175453692675,0.003640970511355623
E18a,1,final,1,0.0042243474163115025,0.0028654331557701612
E18a,1,final,2,0.003914173226803541,0.0032226138356029185
E18a,1,final,3,0.003645530203357339,0.0038164591706801054
E18a,1,final,4,0.0025842003524303436,0.001999311522472606
E18a,1,final,5,0.0026152869686484337,0.002108706146308284
E18a,1,final,6,0.002542064758017659,0.0022989283658675173
E18a,1,final,7,0.0022927336394786835,0.0018774292133172368
E18a,1,final,8,0.0018112787511199713,0.0018052514635935378
E18a,1,final,9,0.0016855576541274786,0.0014558376228880736
E18a,1,final,10,0.0018066568300127983,0.0013432816923332183
E18a,1,final,11,0.0016220072284340858,0.0013664159357585695
E18a,1,final,12,0.001799468183889985,0.0013874144232515942
E18a,1,final,13,0.0014974107034504414,0.001139386517411904
E18a,1,final,14,0.00149556715041399,0.0011826711151741512
E18a,1,final,15,0.0013252971693873405,0.0013100892614895427
E18a,1,final,16,0.0010878776665776968,0.0010501307651187425
E18a,1,final,17,0.0012032249942421913,0.0011234240862269913
E18a,1,final,18,0.0009928792715072632,0.0008208759563762995
E18a,1,final,19,0.00104206008836627,0.0008533890012894072
E18a,1,final,20,0.001167011447250843,0.0007725677657631301
E18a,1,final,21,0.001050261314958334,0.0007768423546151592
E18a,1,final,22,0.0007605981081724167,0.000636427609326836
E18a,1,final,23,0.0009881937876343727,0.0008636210886562387
E18a,1,final,24,0.0010227435268461704,0.0008718117580886804
E18a,1,final,25,0.0007865941151976585,0.0006217007731044419
E18a,1,final,26,0.0008466532453894615,0.0006896153812218317
E18a,1,final,27,0.0007873484864830971,0.0006223030955826189
E18a,1,final,28,0.0007524301763623953,0.0006384317388934537
E18a,1,final,29,0.0007872914429754019,0.0006459982845655305
E18a,1,final,30,0.0007592872716486454,0.0006042641528370102
E18a,1,final,31,0.0007766420021653175,0.0005940226674427334
E18a,1,final,32,0.0005929782055318356,0.00048633982888169773
E18a,1,final,33,0.005308536812663078,0.003926180811279585
E18a,2,initial,0,0.011400170624256134,0.009879374828358985
E18a,2,initial,1,0.007447049021720886,0.0060783532024937924
E18a,2,initial,2,0.008640199899673462,0.006142017242031628
E18a,2,initial,3,0.0056854113936424255,0.003851322102416721
E18a,2,initial,4,0.0066416822373867035,0.005192047424890016
E18a,2,initial,5,0.006002180278301239,0.004926852637047726
E18a,2,initial,6,0.0056161098182201385,0.0050217281994272
E18a,2,initial,7,0.0048345476388931274,0.003867359362412031
E18a,2,initial,8,0.004332482814788818,0.0033676457224497227
E18a,2,initial,9,0.0037409253418445587,0.002702138289596733
E18a,2,initial,10,0.004534024745225906,0.003323706005950228
E18a,2,initial,11,0.004449870437383652,0.0033859058496985726
E18a,2,initial,12,0.004875499755144119,0.003630551139719412
E18a,2,initial,13,0.00453629344701767,0.00316895938257061
E18a,2,initial,14,0.004706379026174545,0.0036771666485012735
E18a,2,initial,15,0.004829566925764084,0.004381636464757252
E18a,2,initial,16,0.004022222012281418,0.0028809748196802565
E18a,2,initial,17,0.0037870295345783234,0.0029767003479531837
E18a,2,initial,18,0.003376733511686325,0.0024699320457810784
E18a,2,initial,19,0.0029927678406238556,0.002944943044422843
E18a,2,initial,20,0.003831520676612854,0.003230986034267101
E18a,2,initial,21,0.003384985029697418,0.002691740643289533
E18a,2,initial,22,0.0036374442279338837,0.002840861394250753
E18a,2,initial,23,0.0031632892787456512,0.0028969083572237507
E18a,2,initial,24,0.0038450956344604492,0.0026019963936443047
E18a,2,initial,25,0.0032327622175216675,0.002587296902218815
E18a,2,initial,26,0.0034543946385383606,0.002661603669490884
E18a,2,initial,27,0.0032282881438732147,0.0029234663500647853
E18a,2,initial,28,0.0035332366824150085,0.002508557085303464
E18a,2,initial,29,0.003130100667476654,0.0027125666546418993
E18a,2,initial,30,0.0036494843661785126,0.00252548552358752
E18a,2,initial,31,0.0035118795931339264,0.002851091030955226
E18a,2,initial,32,0.0038019195199012756,0.002561777473902107
E18a,2,initial,33,0.03881817311048508,0.0316953278454677
E18a,2,final,0,0.005341562442481518,0.0037805007574474095
E18a,2,final,1,0.004186045378446579,0.0035585821593760985
E18a,2,final,2,0.003286316990852356,0.0029075538853870334
E18a,2,final,3,0.0026141544803977013,0.0022266346481751406
E18a,2,final,4,0.002696213312447071,0.002377822805226258
E18a,2,final,5,0.002627454698085785,0.0017750077741681732
E18a,2,final,6,0.002645724918693304,0.0021767380601975146
E18a,2,final,7,0.002423439174890518,0.0017252438162242564
E18a,2,final,8,0.002063351683318615,0.001599742560096564
E18a,2,final,9,0.001796984113752842,0.001012722032870695
E18a,2,final,10,0.001555462833493948,0.0014692230800568483
E18a,2,final,11,0.001967836171388626,0.001441547233863099
E18a,2,final,12,0.001475689234212041,0.0011702215748157457
E18a,2,final,13,0.0013770963996648788,0.0010141893996091099
E18a,2,final,14,0.0012489501386880875,0.0009146736254787534
E18a,2,final,15,0.0013940362259745598,0.0010826800220463254
E18a,2,final,16,0.0012149126268923283,0.0009084539038833863
E18a,2,final,17,0.000980712240561843,0.0007447162241596931
E18a,2,final,18,0.0012957723811268806,0.0010564862026227104
E18a,2,final,19,0.0009975847788155079,0.0009170528675692675
E18a,2,final,20,0.0010041501373052597,0.000929045375550232
E18a,2,final,21,0.0013113953173160553,0.0009678182321248153
E18a,2,final,22,0.0009122267365455627,0.0007852908048581109
E18a,2,final,23,0.0007537296041846275,0.0006732653937495448
E18a,2,final,24,0.0008919306565076113,0.000679183729431179
E18a,2,final,25,0.0006824503652751446,0.0005095349234040336
E18a,2,final,26,0.0007522613741457462,0.0006875367533448763
E18a,2,final,27,0.0008872570469975471,0.0006451952029258716
E18a,2,final,28,0.0008568759076297283,0.0006600849349107607
E18a,2,final,29,0.0008499221876263618,0.000762834688352143
E18a,2,final,30,0.0008092192001640797,0.0005728946729361236
E18a,2,final,31,0.0006633768789470196,0.0004613784080465145
E18a,2,final,32,0.0007536285556852818,0.000509967172003326
E18a,2,final,33,0.00609053997322917,0.004308077560863676
E18b,0,initial,0,0.006989635527133942,0.007002614404900859
E18b,0,initial,1,0.0059554800391197205,0.004308063501847005
E18b,0,initial,2,0.006351098418235779,0.004743979211672255
E18b,0,initial,3,0.004685409367084503,0.0036065153234140306
E18b,0,initial,4,0.0035545416176319122,0.0028097937074446086
E18b,0,initial,5,0.004264071583747864,0.0034938758207863855
E18b,0,initial,6,0.004333782941102982,0.0031628924284996564
E18b,0,initial,7,0.004297405481338501,0.002785412834803409
E18b,0,initial,8,0.003915473818778992,0.0028819359868400285
E18b,0,initial,9,0.0033999495208263397,0.0025942589332681293
E18b,0,initial,10,0.0035361647605895996,0.003050159117082335
E18b,0,initial,11,0.0035601183772087097,0.0027170074192161687
E18b,0,initial,12,0.0032896995544433594,0.002672977206829909
E18b,0,initial,13,0.002773001790046692,0.002581744476443451
E18b,0,initial,14,0.0023490265011787415,0.0020593707644511014
E18b,0,initial,15,0.0027835965156555176,0.0019287017229421208
E18b,0,initial,16,0.0025922320783138275,0.001958109589959945
E18b,0,initial,17,0.0034024566411972046,0.0024409359595631455
E18b,0,initial,18,0.0031592324376106262,0.002471842384501689
E18b,0,initial,19,0.002751898020505905,0.0020572499807636284
E18b,0,initial,20,0.0022433921694755554,0.0018162563047164084
E18b,0,initial,21,0.0025529712438583374,0.0020396167970108065
E18b,0,initial,22,0.0019047372043132782,0.001472811925554867
E18b,0,initial,23,0.0027780532836914062,0.0022807555037265264
E18b,0,initial,24,0.0022658444941043854,0.0017271201215105026
E18b,0,initial,25,0.0025192052125930786,0.0022734480707450396
E18b,0,initial,26,0.0025795623660087585,0.001880611325282109
E18b,0,initial,27,0.0024119652807712555,0.0017994469389969586
E18b,0,initial,28,0.0021828562021255493,0.002045537048648576
E18b,0,initial,29,0.0021964088082313538,0.0017677307924534947
E18b,0,initial,30,0.0025271177291870117,0.0021708910212407243
E18b,0,initial,31,0.002095106989145279,0.001606186804590728
E18b,0,initial,32,0.0024480707943439484,0.0017992206928621678
E18b,0,initial,33,0.002047453075647354,0.001554305812276496
E18b,0,initial,34,0.002380896359682083,0.0015451760305744081
E18b,0,initial,35,0.0019436478614807129,0.0014522811819728345
E18b,0,initial,36,0.0022829584777355194,0.0019168720992958843
E18b,0,initial,37,0.0017141886055469513,0.0012873587874937269
E18b,0,initial,38,0.001622665673494339,0.0013420711558530388
E18b,0,initial,39,0.0022495314478874207,0.0018363505294898862
E18b,0,initial,40,0.0022638067603111267,0.0016886485488725085
E18b,0,initial,41,0.0015897899866104126,0.0012115146958873932
E18b,0,initial,42,0.0018720999360084534,0.0014976579161558494
E18b,0,initial,43,0.0020518749952316284,0.0016792028113921335
E18b,0,initial,44,0.0017810463905334473,0.0014432200532329081
E18b,0,initial,45,0.0020917989313602448,0.0014952842024702393
E18b,0,initial,46,0.0019577927887439728,0.0014519468345033663
E18b,0,initial,47,0.0018686093389987946,0.001384471180087202
E18b,0,initial,48,0.0021301396191120148,0.001982687066629139
E18b,0,initial,49,0.02974434569478035,0.02508997867462135
E18b,0,final,0,0.005558563396334648,0.004401518222412361
E18b,0,final,1,0.004730114247649908,0.0035844097835144163
E18b,0,final,2,0.0053365277126431465,0.0036854343788445872
E18b,0,final,3,0.0030401782132685184,0.0028226653366785724
E18b,0,final,4,0.0034201364032924175,0.002797483049455953
E18b,0,final,5,0.002476668218150735,0.00198280353236508
E18b,0,final,6,0.0022812094539403915,0.0018622020006714855
E18b,0,final,7,0.0023075409699231386,0.001686129789818371
E18b,0,final,8,0.002046620473265648,0.0016190246380293168
E18b,0,final,9,0.001923305680975318,0.0016507860536581795
E18b,0,final,10,0.0017214040271937847,0.0015421071399314517
E18b,0,final,11,0.0018664319068193436,0.0014685891992066535
E18b,0,final,12,0.0017644334584474564,0.001311430809012779
E18b,0,final,13,0.0017421282827854156,0.0013266977857151962
E18b,0,final,14,0.0012969099916517735,0.000960067891668604
E18b,0,final,15,0.001436151098459959,0.0011141344502790362
E18b,0,final,16,0.0013591512106359005,0.0010034246943775346
E18b,0,final,17,0.0015382538549602032,0.001124573046817479
E18b,0,final,18,0.001644387375563383,0.0013475314840198677
E18b,0,final,19,0.0015070769004523754,0.0011837512359496381
E18b,0,final,20,0.0012240461073815823,0.0009195932449235715
E18b,0,final,21,0.00122741237282753,0.0009347089322077448
E18b,0,final,22,0.0009741880930960178,0.0008787924493132847
E18b,0,final,23,0.0011903569102287292,0.0007998252594627832
E18b,0,final,24,0.0009073452092707157,0.0006678013809604254
E18b,0,final,25,0.0009856382384896278,0.000779867657061702
E18b,0,final,26,0.0010373336263000965,0.0006787212438637493
E18b,0,final,27,0.0009565246291458607,0.0007453192698672773
E18b,0,final,28,0.0012433454394340515,0.0009085682356716948
E18b,0,final,29,0.000918517354875803,0.0006878587977772463
E18b,0,final,30,0.00109470309689641,0.0008612819829406609
E18b,0,final,31,0.0009367736056447029,0.0006605961436861111
E18b,0,final,32,0.0008865939453244209,0.0007420537834504933
E18b,0,final,33,0.0008452646434307098,0.0006131539171717735
E18b,0,final,34,0.00089227594435215,0.0005870158417744088
E18b,0,final,35,0.000835285522043705,0.0006675627665017884
E18b,0,final,36,0.0006402006838470697,0.0004500741575064983
E18b,0,final,37,0.0007559794466942549,0.0006234819881141552
E18b,0,final,38,0.0007584462873637676,0.0006697285473965819
E18b,0,final,39,0.0008115163072943687,0.0006116645755222038
E18b,0,final,40,0.0004895871970802546,0.0004345112952018869
E18b,0,final,41,0.0008028941228985786,0.0006656941398568124
E18b,0,final,42,0.0006459709256887436,0.0005008714961164464
E18b,0,final,43,0.0006238846108317375,0.00042617777950195037
E18b,0,final,44,0.000713014043867588,0.0004628060296918636
E18b,0,final,45,0.0007256325334310532,0.0005284564029099753
E18b,0,final,46,0.0006374740041792393,0.0004587870753960525
E18b,0,final,47,0.0006070379167795181,0.0005981274965183771
E18b,0,final,48,0.0006812228821218014,0.0005841849959116823
E18b,0,final,49,0.005585796665400267,0.003866984395694579
E18b,1,initial,0,0.00965406745672226,0.007126102651600143
E18b,1,initial,1,0.005448766052722931,0.003991757159836917
E18b,1,initial,2,0.00724019855260849,0.005686260686919277
E18b,1,initial,3,0.0055481791496276855,0.004144321843283364
E18b,1,initial,4,0.007236748933792114,0.005574758770252384
E18b,1,initial,5,0.004753362387418747,0.003594993061069253
E18b,1,initial,6,0.005238007754087448,0.004186319970572058
E18b,1,initial,7,0.0037458501756191254,0.0030452114113842478
E18b,1,initial,8,0.0061935558915138245,0.004006988172687322
E18b,1,initial,9,0.0040302760899066925,0.0032681041423059166
E18b,1,initial,10,0.004783108830451965,0.00410353705185203
E18b,1,initial,11,0.003752436488866806,0.002396203300939583
E18b,1,initial,12,0.00432562455534935,0.003581726117172716
E18b,1,initial,13,0.003505408763885498,0.002803922436465216
E18b,1,initial,14,0.004726625978946686,0.003331478903001964
E18b,1,initial,15,0.003302615135908127,0.0026034189150160184
E18b,1,initial,16,0.0038775913417339325,0.0031882535443329535
E18b,1,initial,17,0.0030283331871032715,0.0021771559220297534
E18b,1,initial,18,0.0032726414501667023,0.0023777313170926535
E18b,1,initial,19,0.0028141923248767853,0.0020480565767642066
E18b,1,initial,20,0.003438863903284073,0.0026328266376356027
E18b,1,initial,21,0.002973664551973343,0.00225168122274634
E18b,1,initial,22,0.002731386572122574,0.0018942298567943185
E18b,1,initial,23,0.0028282366693019867,0.0022905841064581253
E18b,1,initial,24,0.004359390586614609,0.0035038131308716947
E18b,1,initial,25,0.002255186438560486,0.0018121164044964887
E18b,1,initial,26,0.0036324188113212585,0.002761051200049212
E18b,1,initial,27,0.0026685893535614014,0.0019074427450421298
E18b,1,initial,28,0.0034326426684856415,0.0026316494596238193
E18b,1,initial,29,0.0022895447909832,0.001922903926313939
E18b,1,initial,30,0.002848450094461441,0.0027736457729648687
E18b,1,initial,31,0.002772461622953415,0.00222634133386927
E18b,1,initial,32,0.003736063838005066,0.002976615203649005
E18b,1,initial,33,0.0028698332607746124,0.00210665816665591
E18b,1,initial,34,0.003515981137752533,0.0029492362658823427
E18b,1,initial,35,0.003556571900844574,0.0025035882174735445
E18b,1,initial,36,0.0027647316455841064,0.002180423058472496
E18b,1,initial,37,0.0024233274161815643,0.00190347629692144
E18b,1,initial,38,0.0036099180579185486,0.0031622921311647762
E18b,1,initial,39,0.0025153420865535736,0.002156530914002521
E18b,1,initial,40,0.0031195469200611115,0.0024545386205014133
E18b,1,initial,41,0.002746179699897766,0.002282106159000591
E18b,1,initial,42,0.0024461597204208374,0.0019627789481914976
E18b,1,initial,43,0.0027789920568466187,0.0021847756246131146
E18b,1,initial,44,0.003120478242635727,0.0026157524299228727
E18b,1,initial,45,0.0023390352725982666,0.0016692372569704654
E18b,1,initial,46,0.002710692584514618,0.0020440078410803456
E18b,1,initial,47,0.0019191913306713104,0.0013881206262817173
E18b,1,initial,48,0.002259768545627594,0.0016366511747621275
E18b,1,initial,49,0.04436590149998665,0.031180041588223278
E18b,1,final,0,0.0058514950796961784,0.0056599896448081026
E18b,1,final,1,0.0037424080073833466,0.0036666765345718904
E18b,1,final,2,0.004170928616076708,0.0028402669135466274
E18b,1,final,3,0.0033090701326727867,0.003024187509278409
E18b,1,final,4,0.003984420094639063,0.002970354722185835
E18b,1,final,5,0.0025737914256751537,0.002011147879116455
E18b,1,final,6,0.0028612385503947735,0.0022129305015590674
E18b,1,final,7,0.0022667236626148224,0.001650531079553828
E18b,1,final,8,0.0022815456613898277,0.0016205489868078983
E18b,1,final,9,0.0021772654727101326,0.0019088872675560953
E18b,1,final,10,0.0022007329389452934,0.0018364523042597332
E18b,1,final,11,0.0019758022390305996,0.0015084752743917587
E18b,1,final,12,0.0017546331509947777,0.0015922058910494978
E18b,1,final,13,0.002143976278603077,0.0016948519961668522
E18b,1,final,14,0.002502094954252243,0.0024521753817352207
E18b,1,final,15,0.0020129294134676456,0.001448547138779879
E18b,1,final,16,0.0014724042266607285,0.001274465768889468
E18b,1,final,17,0.0014720847830176353,0.0012179598803048293
E18b,1,final,18,0.0015138187445700169,0.0012518611324606511
E18b,1,final,19,0.001615411601960659,0.00130389805745038
E18b,1,final,20,0.001359801273792982,0.0011987471218121194
E18b,1,final,21,0.0012399908155202866,0.0009967857430588103
E18b,1,final,22,0.0013221995905041695,0.0010812102747550496
E18b,1,final,23,0.0012911157682538033,0.001098369143468198
E18b,1,final,24,0.001570544671267271,0.0017110571719850787
E18b,1,final,25,0.0011185635812580585,0.0008081303285406254
E18b,1,final,26,0.0012899604625999928,0.0008799331248261301
E18b,1,final,27,0.0011744615621864796,0.0008791218152777128
E18b,1,final,28,0.0012533487752079964,0.0011683014330840151
E18b,1,final,29,0.00092715909704566,0.0007333407702858606
E18b,1,final,30,0.0010969843715429306,0.0008519050022647637
E18b,1,final,31,0.0009901649318635464,0.0007147435792678516
E18b,1,final,32,0.0009124968200922012,0.0006260618532228702
E18b,1,final,33,0.00100353779271245,0.0009220021487146811
E18b,1,final,34,0.0009416830725967884,0.0006983543850382658
E18b,1,final,35,0.0009307647123932838,0.0007206137445506154
E18b,1,final,36,0.0007198965176939964,0.0006695827983909584
E18b,1,final,37,0.0007920027710497379,0.0005791952104399474
E18b,1,final,38,0.00077821034938097,0.000501246978661679
E18b,1,final,39,0.0007681860588490963,0.0005352483999789636
E18b,1,final,40,0.0007428633980453014,0.0006118356517265735
E18b,1,final,41,0.0006893731188029051,0.0005357720173573482
E18b,1,final,42,0.0006639673374593258,0.0004717069237467316
E18b,1,final,43,0.0007954812608659267,0.0006247432695579091
E18b,1,final,44,0.0006964071653783321,0.0005107959302240599
E18b,1,final,45,0.0006168358959257603,0.0004689062954486249
E18b,1,final,46,0.0007255938835442066,0.0005485170909974834
E18b,1,final,47,0.000630856491625309,0.0005086293611353105
E18b,1,final,48,0.0005493033677339554,0.0003905357121683429
E18b,1,final,49,0.006108333356678486,0.004896998134568
E18b,2,initial,0,0.007794149219989777,0.005654326631797902
E18b,2,initial,1,0.006262071430683136,0.00484128338932918
E18b,2,initial,2,0.005641505122184753,0.0048868921396598855
E18b,2,initial,3,0.00494060292840004,0.0043421734892273725
E18b,2,initial,4,0.007352080196142197,0.005215048878905875
E18b,2,initial,5,0.0037756189703941345,0.0031210889190229816
E18b,2,initial,6,0.005490750074386597,0.0039354044637932885
E18b,2,initial,7,0.004716400057077408,0.003923777925980811
E18b,2,initial,8,0.003890193998813629,0.0032258312996308355
E18b,2,initial,9,0.004483640193939209,0.003052428631328379
E18b,2,initial,10,0.004012007266283035,0.0029434101456311075
E18b,2,initial,11,0.004321880638599396,0.0035639313857969445
E18b,2,initial,12,0.004265245050191879,0.0032407128200771843
E18b,2,initial,13,0.0036188364028930664,0.0030194218628717007
E18b,2,initial,14,0.004307206720113754,0.004201039602302957
E18b,2,initial,15,0.003235824406147003,0.0031124699073933415
E18b,2,initial,16,0.0037882253527641296,0.003478866872043559
E18b,2,initial,17,0.003295343369245529,0.002991279675882272
E18b,2,initial,18,0.003618694841861725,0.0026655306765367335
E18b,2,initial,19,0.0026742443442344666,0.002185640730715139
E18b,2,initial,20,0.003508932888507843,0.0027620048389543246
E18b,2,initial,21,0.002815231680870056,0.0022745090206210696
E18b,2,initial,22,0.0028079189360141754,0.0022112622818301064
E18b,2,initial,23,0.003168199211359024,0.0023366784857790468
E18b,2,initial,24,0.0028631985187530518,0.002312888999826752
E18b,2,initial,25,0.00279984250664711,0.0024327159438408347
E18b,2,initial,26,0.0028640441596508026,0.002041477667770544
E18b,2,initial,27,0.0025165751576423645,0.0019342932833103933
E18b,2,initial,28,0.003251168876886368,0.002775442756583623
E18b,2,initial,29,0.0023177601397037506,0.001917012791728793
E18b,2,initial,30,0.003093574196100235,0.0022204640532728004
E18b,2,initial,31,0.0027786456048488617,0.0019333701393872823
E18b,2,initial,32,0.0025583505630493164,0.00194518382806654
E18b,2,initial,33,0.0038185231387615204,0.003245658877608606
E18b,2,initial,34,0.0031256787478923798,0.0020957051386615525
E18b,2,initial,35,0.0027832165360450745,0.002213993678321511
E18b,2,initial,36,0.002747155725955963,0.002206251043099239
E18b,2,initial,37,0.003115139901638031,0.002004555497234363
E18b,2,initial,38,0.0023843981325626373,0.001962220767612816
E18b,2,initial,39,0.0024456530809402466,0.002053789303141688
E18b,2,initial,40,0.0030603408813476562,0.0022269073102859187
E18b,2,initial,41,0.0026103034615516663,0.002242913345394292
E18b,2,initial,42,0.0024858564138412476,0.001938754287284788
E18b,2,initial,43,0.0026400648057460785,0.0019211836116719352
E18b,2,initial,44,0.0022966936230659485,0.002041708978045176
E18b,2,initial,45,0.0021419674158096313,0.001874137351026062
E18b,2,initial,46,0.003629099577665329,0.003084025997992052
E18b,2,initial,47,0.002666376531124115,0.0026176329790793622
E18b,2,initial,48,0.0034002214670181274,0.0026018552613287873
E18b,2,initial,49,0.03688989207148552,0.0319470084136319
E18b,2,final,0,0.005408576689660549,0.0045596868519083
E18b,2,final,1,0.004382807295769453,0.0033838274416201305
E18b,2,final,2,0.004885579459369183,0.003829988349666478
E18b,2,final,3,0.003089785110205412,0.0025371104460346398
E18b,2,final,4,0.003242777194827795,0.003177077495488491
E18b,2,final,5,0.0029998021200299263,0.0024846210634485036
E18b,2,final,6,0.0023742015473544598,0.0026597209264190326
E18b,2,final,7,0.0023908251896500587,0.001731023518152192
E18b,2,final,8,0.002167206723242998,0.001797851136295926
E18b,2,final,9,0.00221833772957325,0.001987476331439916
E18b,2,final,10,0.002132285851985216,0.001979939515248026
E18b,2,final,11,0.0017682947218418121,0.0012533040613717725
E18b,2,final,12,0.0020388904958963394,0.0015011803925587348
E18b,2,final,13,0.0017631985247135162,0.0013698995445127812
E18b,2,final,14,0.0021033226512372494,0.0015679139703123287
E18b,2,final,15,0.0016097384504973888,0.00119939756752863
E18b,2,final,16,0.0019885366782546043,0.0015478016130321581
E18b,2,final,17,0.0015424606390297413,0.0011897080394513285
E18b,2,final,18,0.0016302368603646755,0.0013172852067990946
E18b,2,final,19,0.0013746097683906555,0.0012210500470305283
E18b,2,final,20,0.0014682626351714134,0.0011817464165958266
E18b,2,final,21,0.0013090954162180424,0.0009074736102358475
E18b,2,final,22,0.0012390343472361565,0.0009090664102876743
E18b,2,final,23,0.0013128258287906647,0.0009439951836284714
E18b,2,final,24,0.0010382793843746185,0.0007426423603938285
E18b,2,final,25,0.0010281824506819248,0.0008116492306569663
E18b,2,final,26,0.0012383791618049145,0.0009838820164191373
E18b,2,final,27,0.0012375232763588428,0.0009704909586793041
E18b,2,final,28,0.0012192230205982924,0.0009404231136979267
E18b,2,final,29,0.0009795972146093845,0.0007677815994761823
E18b,2,final,30,0.0010385503992438316,0.0008203234288846351
E18b,2,final,31,0.0009297910146415234,0.000724862154162606
E18b,2,final,32,0.0010160165838897228,0.0009741310441251647
E18b,2,final,33,0.0008257990702986717,0.0005926161096936165
E18b,2,final,34,0.0008255122229456902,0.0007064874391816655
E18b,2,final,35,0.0009090662933886051,0.0006947181099018727
E18b,2,final,36,0.0008165421895682812,0.0006206871436875625
E18b,2,final,37,0.0008850432932376862,0.0007659642480372365
E18b,2,final,38,0.000924648717045784,0.0007717274771153957
E18b,2,final,39,0.0007071066647768021,0.0005796949001308966
E18b,2,final,40,0.0008578007109463215,0.0006227994651026231
E18b,2,final,41,0.000723663717508316,0.0005636997782138257
E18b,2,final,42,0.0007096948102116585,0.0005468705686061841
E18b,2,final,43,0.0006768079474568367,0.0004875955188488567
E18b,2,final,44,0.0006757224909961224,0.0005546705092092849
E18b,2,final,45,0.0005819476209580898,0.00045523406141488576
E18b,2,final,46,0.0006457902491092682,0.0004092614156153378
E18b,2,final,47,0.000573478639125824,0.0003698775184309204
E18b,2,final,48,0.0006444817408919334,0.00043019246433921994
E18b,2,final,49,0.006327919661998749,0.00424698738862908
E18c,0,initial,0,0.0073997750878334045,0.0059435496855013165
E18c,0,initial,1,0.00650622695684433,0.005488996483953971
E18c,0,initial,2,0.006231006234884262,0.005299612257968469
E18c,0,initial,3,0.005044221878051758,0.004084304923337369
E18c,0,initial,4,0.005339507013559341,0.004640219509371738
E18c,0,initial,5,0.005051787942647934,0.003772225080398473
E18c,0,initial,6,0.005371309816837311,0.003710492369230121
E18c,0,initial,7,0.004367515444755554,0.0033308095731616606
E18c,0,initial,8,0.004885055124759674,0.0038594327406405674
E18c,0,initial,9,0.0034647174179553986,0.0026631673122010616
E18c,0,initial,10,0.00440211221575737,0.0034450554582901535
E18c,0,initial,11,0.004091653972864151,0.002882667931729639
E18c,0,initial,12,0.004065193235874176,0.0031664907598750415
E18c,0,initial,13,0.003829546272754669,0.0026809189432130125
E18c,0,initial,14,0.0034046731889247894,0.002740879715478038
E18c,0,initial,15,0.004030086100101471,0.0034126817557722598
E18c,0,initial,16,0.003539111465215683,0.0029688144047381264
E18c,0,initial,17,0.003479495644569397,0.0024443625482600618
E18c,0,initial,18,0.004470661282539368,0.0026603883023806657
E18c,0,initial,19,0.003250621259212494,0.002922188140733352
E18c,0,initial,20,0.0029137544333934784,0.002127395991786525
E18c,0,initial,21,0.003420017659664154,0.002795588072758293
E18c,0,initial,22,0.003515426069498062,0.0022135212177897515
E18c,0,initial,23,0.002866256982088089,0.0020175686867743774
E18c,0,initial,24,0.0036195963621139526,0.0030421575131842453
E18c,0,initial,25,0.002538517117500305,0.001849320503768086
E18c,0,initial,26,0.003046933561563492,0.002576923601487587
E18c,0,initial,27,0.002103786915540695,0.0017045158550450241
E18c,0,initial,28,0.0037281475961208344,0.0029855800260334634
E18c,0,initial,29,0.003199685364961624,0.0020843566421507266
E18c,0,initial,30,0.0022351741790771484,0.001662188138448766
E18c,0,initial,31,0.0024657733738422394,0.0021274979147273684
E18c,0,initial,32,0.0026545673608779907,0.0020781515433810427
E18c,0,initial,33,0.0023805536329746246,0.0018377822894732538
E18c,0,initial,34,0.0026199817657470703,0.0021662691342398746
E18c,0,initial,35,0.002617534250020981,0.0019086183446045185
E18c,0,initial,36,0.0029763728380203247,0.0025838790566344158
E18c,0,initial,37,0.0019700787961483,0.0014354792054459232
E18c,0,initial,38,0.002525169402360916,0.002272246312155536
E18c,0,initial,39,0.0028129294514656067,0.0020362163640542654
E18c,0,initial,40,0.00322510302066803,0.0023948885332122456
E18c,0,initial,41,0.002147182822227478,0.0015552816353817515
E18c,0,initial,42,0.002462826669216156,0.0018654972913035369
E18c,0,initial,43,0.002506844699382782,0.002139334667885074
E18c,0,initial,44,0.002649877220392227,0.0020787818359317076
E18c,0,initial,45,0.0024219676852226257,0.0017904314588912532
E18c,0,initial,46,0.0023753084242343903,0.0018891016203710538
E18c,0,initial,47,0.0027744807302951813,0.002163456206371496
E18c,0,initial,48,0.0029091499745845795,0.0020634876058826827
E18c,0,initial,49,0.002285432070493698,0.0014874314445176486
E18c,0,initial,50,0.0022381655871868134,0.001892949719718124
E18c,0,initial,51,0.0023519694805145264,0.002029999142695515
E18c,0,initial,52,0.0025826729834079742,0.0018448402247816726
E18c,0,initial,53,0.00177060067653656,0.0014566078876540026
E18c,0,initial,54,0.0019125789403915405,0.0014619487081305128
E18c,0,initial,55,0.001803286373615265,0.0012515242752719827
E18c,0,initial,56,0.0022653862833976746,0.0018811001536720912
E18c,0,initial,57,0.002191629260778427,0.0015681165018344614
E18c,0,initial,58,0.002168167382478714,0.0015883214465858334
E18c,0,initial,59,0.002122674137353897,0.00157803477016752
E18c,0,initial,60,0.0025927089154720306,0.001984020171824643
E18c,0,initial,61,0.002241913229227066,0.0016857137251546706
E18c,0,initial,62,0.0021071545779705048,0.0019030595303497833
E18c,0,initial,63,0.0024004094302654266,0.0018999682877507188
E18c,0,initial,64,0.0019817911088466644,0.0017560897704459615
E18c,0,initial,65,0.033805910497903824,0.027937572532575776
E18c,0,final,0,0.005888666957616806,0.004593076485221781
E18c,0,final,1,0.004610427189618349,0.0037761165194825324
E18c,0,final,2,0.004285980947315693,0.003437425878447942
E18c,0,final,3,0.0042922617867589,0.0029767731365187033
E18c,0,final,4,0.0034507056698203087,0.0026857065933213018
E18c,0,final,5,0.002947388682514429,0.0024524907084166694
E18c,0,final,6,0.0038403524085879326,0.003282139101075537
E18c,0,final,7,0.0024443278089165688,0.0017469021583908135
E18c,0,final,8,0.0028992900624871254,0.0024358685707531187
E18c,0,final,9,0.003085861448198557,0.0022204750498075487
E18c,0,final,10,0.0028263735584914684,0.002023829518287133
E18c,0,final,11,0.002204739488661289,0.001678581694113067
E18c,0,final,12,0.002173562068492174,0.0015857975916697242
E18c,0,final,13,0.0018412196077406406,0.0015384700637552534
E18c,0,final,14,0.002125660888850689,0.0015402606624035449
E18c,0,final,15,0.0020934762433171272,0.0019270117489291266
E18c,0,final,16,0.0021823649294674397,0.0018052749021172751
E18c,0,final,17,0.0019488208927214146,0.001458727881449027
E18c,0,final,18,0.0017941384576261044,0.0012838456322130896
E18c,0,final,19,0.0015990282408893108,0.0011806724357518263
E18c,0,final,20,0.0012758760713040829,0.0009577574908343402
E18c,0,final,21,0.0016535245813429356,0.001299492270754923
E18c,0,final,22,0.00158259691670537,0.0013104407947564017
E18c,0,final,23,0.001613579224795103,0.0012309479556752083
E18c,0,final,24,0.001452358439564705,0.0011504487702234758
E18c,0,final,25,0.0013979831710457802,0.0011040677260979286
E18c,0,final,26,0.0012684944085776806,0.0011482681279274074
E18c,0,final,27,0.0013994923792779446,0.0012572348405556345
E18c,0,final,28,0.001267372164875269,0.0010760127197811805
E18c,0,final,29,0.001351919025182724,0.001067115763170518
E18c,0,final,30,0.0013292091898620129,0.0011169160969047866
E18c,0,final,31,0.0012059658765792847,0.0009732626471618175
E18c,0,final,32,0.0009588380344212055,0.000597004429220772
E18c,0,final,33,0.001188362017273903,0.0008578722469669824
E18c,0,final,34,0.0009774239733815193,0.0006767706349402163
E18c,0,final,35,0.001032582949846983,0.0008688080999783637
E18c,0,final,36,0.0009369407780468464,0.00079554741631627
E18c,0,final,37,0.000929772388190031,0.0006492129652547054
E18c,0,final,38,0.0008759079501032829,0.0006863914621452952
E18c,0,final,39,0.001040036790072918,0.0007546673443275186
E18c,0,final,40,0.0011006440035998821,0.0008493226984840243
E18c,0,final,41,0.0008856598287820816,0.0006827918175347356
E18c,0,final,42,0.0010191951878368855,0.0006653071522905238
E18c,0,final,43,0.001009537372738123,0.0007798362333843396
E18c,0,final,44,0.000943321269005537,0.0006931137758027363
E18c,0,final,45,0.0008294591680169106,0.0006202536037260268
E18c,0,final,46,0.0006708092987537384,0.0005262001348971726
E18c,0,final,47,0.0009592766873538494,0.0006984842797797268
E18c,0,final,48,0.0007557845674455166,0.0005267126888478387
E18c,0,final,49,0.0008078250102698803,0.0006873663792461039
E18c,0,final,50,0.0007804799824953079,0.0007041038456273505
E18c,0,final,51,0.0007663769647479057,0.0006191110542870009
E18c,0,final,52,0.0007825302891433239,0.0006103478496337636
E18c,0,final,53,0.000712790060788393,0.0005366475967719933
E18c,0,final,54,0.0006592827849090099,0.0005024664813381862
E18c,0,final,55,0.0007009576074779034,0.0005268435863094782
E18c,0,final,56,0.0008304850198328495,0.0006428616575836966
E18c,0,final,57,0.000689065083861351,0.0005637117770660191
E18c,0,final,58,0.0007351581007242203,0.0005085750661694172
E18c,0,final,59,0.0007035098969936371,0.000509577504970782
E18c,0,final,60,0.0005925968289375305,0.00042608234965476856
E18c,0,final,61,0.0006480040028691292,0.0004962324748548123
E18c,0,final,62,0.0006587072275578976,0.0004984611425352482
E18c,0,final,63,0.0005795792676508427,0.0004668175050428532
E18c,0,final,64,0.0005233436822891235,0.00041809069961605506
E18c,0,final,65,0.006502053700387478,0.005092024758338361
E18c,1,initial,0,0.007171183824539185,0.0055248392107902925
E18c,1,initial,1,0.003839239478111267,0.0033185300066725775
E18c,1,initial,2,0.005575399845838547,0.004564404286459901
E18c,1,initial,3,0.00452059879899025,0.002938819710952224
E18c,1,initial,4,0.0055622681975364685,0.004757668767232457
E18c,1,initial,5,0.0035753250122070312,0.002618124797413662
E18c,1,initial,6,0.004921186715364456,0.0035710382590753388
E18c,1,initial,7,0.004122540354728699,0.0030570942131359965
E18c,1,initial,8,0.0039857663214206696,0.0033019091837953513
E18c,1,initial,9,0.0036896876990795135,0.00289026125331234
E18c,1,initial,10,0.003526166081428528,0.0025030498341809754
E18c,1,initial,11,0.0029052458703517914,0.002233648593942531
E18c,1,initial,12,0.0028960630297660828,0.0021882259876869533
E18c,1,initial,13,0.002965923398733139,0.0022119473043758432
E18c,1,initial,14,0.0027807988226413727,0.002274634489670036
E18c,1,initial,15,0.0024336427450180054,0.0018998480998761427
E18c,1,initial,16,0.0027720630168914795,0.001888377427989211
E18c,1,initial,17,0.002433549612760544,0.0018350299729609344
E18c,1,initial,18,0.00212005153298378,0.0014640241668136087
E18c,1,initial,19,0.0025080591440200806,0.0019485237590824455
E18c,1,initial,20,0.0019720718264579773,0.0016108421324368312
E18c,1,initial,21,0.002546589821577072,0.0017873392351343972
E18c,1,initial,22,0.0023344047367572784,0.0019213482604146066
E18c,1,initial,23,0.00255715474486351,0.0018373792266439472
E18c,1,initial,24,0.003024633973836899,0.0024274363117931137
E18c,1,initial,25,0.0026080161333084106,0.002177283186080144
E18c,1,initial,26,0.0031920745968818665,0.0026024105155240448
E18c,1,initial,27,0.002089783549308777,0.0017375657957441587
E18c,1,initial,28,0.0026583001017570496,0.002130550062295042
E18c,1,initial,29,0.0023953206837177277,0.001922236435152344
E18c,1,initial,30,0.002402752637863159,0.0018440185692097366
E18c,1,initial,31,0.0024070851504802704,0.0016726088139540672
E18c,1,initial,32,0.0023452825844287872,0.0018847741880436764
E18c,1,initial,33,0.002010021358728409,0.0015179581613481363
E18c,1,initial,34,0.002233758568763733,0.001908468876302299
E18c,1,initial,35,0.0019128844141960144,0.0015599759129656262
E18c,1,initial,36,0.0017722435295581818,0.0015383662905495443
E18c,1,initial,37,0.002171911299228668,0.0016229223762810419
E18c,1,initial,38,0.002093270421028137,0.0018078498691095205
E18c,1,initial,39,0.002191822975873947,0.0019059127181162852
E18c,1,initial,40,0.002404008060693741,0.0018780285767178485
E18c,1,initial,41,0.001937415450811386,0.0014804537720349256
E18c,1,initial,42,0.0020163431763648987,0.0016703644226439191
E18c,1,initial,43,0.0017804279923439026,0.0011280995753407041
E18c,1,initial,44,0.0019199848175048828,0.0015797039244354874
E18c,1,initial,45,0.0017286613583564758,0.0015849527797965185
E18c,1,initial,46,0.0018543750047683716,0.00147552117925931
E18c,1,initial,47,0.0012953802943229675,0.0010673758094319752
E18c,1,initial,48,0.0016483180224895477,0.0013707678989238765
E18c,1,initial,49,0.0013357438147068024,0.001124702774459876
E18c,1,initial,50,0.0015960447490215302,0.001183823266018797
E18c,1,initial,51,0.0015035830438137054,0.0011991049064081208
E18c,1,initial,52,0.0013654232025146484,0.001086208833383515
E18c,1,initial,53,0.001682516187429428,0.0012647935717075636
E18c,1,initial,54,0.0019044503569602966,0.0016385821270941455
E18c,1,initial,55,0.0014045760035514832,0.0011639919784161234
E18c,1,initial,56,0.0015132129192352295,0.0014200804581574735
E18c,1,initial,57,0.001910865306854248,0.0015826165874690448
E18c,1,initial,58,0.0017052479088306427,0.0016978728444680738
E18c,1,initial,59,0.0020294226706027985,0.0019352726219569098
E18c,1,initial,60,0.0015239603817462921,0.0011747776203379734
E18c,1,initial,61,0.001953601837158203,0.0015828135363563295
E18c,1,initial,62,0.001798883080482483,0.0015509086225552202
E18c,1,initial,63,0.0014499388635158539,0.0012539240885141236
E18c,1,initial,64,0.0019264556467533112,0.001608967883124418
E18c,1,initial,65,0.030995171517133713,0.023403221294765377
E18c,1,final,0,0.006430938374251127,0.005274195755151064
E18c,1,final,1,0.005512915551662445,0.004465776548062237
E18c,1,final,2,0.0055596246384084225,0.0038912598441372013
E18c,1,final,3,0.004301015753298998,0.003463091873540477
E18c,1,final,4,0.004011280369013548,0.003012030612058659
E18c,1,final,5,0.0038111237809062004,0.0027737116239425993
E18c,1,final,6,0.003597430419176817,0.0029171469531151426
E18c,1,final,7,0.002695654984563589,0.0023407842753225072
E18c,1,final,8,0.003046132158488035,0.0019882626482536758
E18c,1,final,9,0.0024486659094691277,0.002033618043815298
E18c,1,final,10,0.002020258456468582,0.0017144869413334579
E18c,1,final,11,0.002039914019405842,0.0019200890011306143
E18c,1,final,12,0.002365383319556713,0.0016592761012601352
E18c,1,final,13,0.0025191623717546463,0.0020427304958341203
E18c,1,final,14,0.0026698745787143707,0.002044967982571692
E18c,1,final,15,0.0021191867999732494,0.0016992388975887245
E18c,1,final,16,0.0020781569182872772,0.001560059801799116
E18c,1,final,17,0.002018094528466463,0.0016665411004305433
E18c,1,final,18,0.00167111586779356,0.0013687088500085856
E18c,1,final,19,0.001942833885550499,0.0013290362577791873
E18c,1,final,20,0.0017020078375935555,0.0012194925978065894
E18c,1,final,21,0.001611987128853798,0.001234778454553337
E18c,1,final,22,0.001545473001897335,0.0014384663204385563
E18c,1,final,23,0.001686185598373413,0.001652410873890213
E18c,1,final,24,0.0020050620660185814,0.0014333462692065855
E18c,1,final,25,0.0016407161019742489,0.0014352744324352357
E18c,1,final,26,0.0016799219883978367,0.0013351014612560193
E18c,1,final,27,0.001457052305340767,0.0011530815548344894
E18c,1,final,28,0.0015311329625546932,0.0011017430200289753
E18c,1,final,29,0.0013332180678844452,0.0010091291515067647
E18c,1,final,30,0.0012179813347756863,0.0010109105135465365
E18c,1,final,31,0.0011857422068715096,0.0010634341012588666
E18c,1,final,32,0.0011719907633960247,0.0011008807134195763
E18c,1,final,33,0.0012295739725232124,0.001030257062702251
E18c,1,final,34,0.0012916447594761848,0.0009630846671850039
E18c,1,final,35,0.0009942981414496899,0.0007263188937167281
E18c,1,final,36,0.0010700109414756298,0.0008745393905037794
E18c,1,final,37,0.0012985640205442905,0.0009623854636965119
E18c,1,final,38,0.0011843950487673283,0.0008748752889471869
E18c,1,final,39,0.001197928562760353,0.0010462196628750868
E18c,1,final,40,0.0009684315882623196,0.0007575420408568557
E18c,1,final,41,0.000983234029263258,0.0006802015394014942
E18c,1,final,42,0.0009585674852132797,0.0007773368437523541
E18c,1,final,43,0.000982463825494051,0.0006778011843596926
E18c,1,final,44,0.0008193128742277622,0.000735625646024009
E18c,1,final,45,0.0008534369990229607,0.0006345960150608593
E18c,1,final,46,0.0009061405435204506,0.0006670544707283911
E18c,1,final,47,0.0009141247719526291,0.0008083161957818917
E18c,1,final,48,0.0007741418667137623,0.0005895787510297011
E18c,1,final,49,0.0006780363619327545,0.0005197900000795377
E18c,1,final,50,0.0007345429621636868,0.0005341112478928155
E18c,1,final,51,0.0007718494161963463,0.000568388542148091
E18c,1,final,52,0.0007574139162898064,0.0006070357318023323
E18c,1,final,53,0.0006435774266719818,0.00047906841931518536
E18c,1,final,54,0.0006145020015537739,0.0005075087320880621
E18c,1,final,55,0.0005609104409813881,0.0004679675247002162
E18c,1,final,56,0.000647679902613163,0.0005276317681445289
E18c,1,final,57,0.0006428230553865433,0.0004897546665283362
E18c,1,final,58,0.0005968366749584675,0.0005545858583874336
E18c,1,final,59,0.0006246757693588734,0.0005696595516671125
E18c,1,final,60,0.0005466346628963947,0.00038674769648055677
E18c,1,final,61,0.0005850503221154213,0.0005658426122812239
E18c,1,final,62,0.0005449396558105946,0.0004356086662466185
E18c,1,final,63,0.0004650433547794819,0.0003700308046382127
E18c,1,final,64,0.0005875499919056892,0.00048639905447627466
E18c,1,final,65,0.007219346705824137,0.0055904656183665006
E18c,2,initial,0,0.005787331610918045,0.004556467842051241
E18c,2,initial,1,0.0074583999812603,0.00516049044260565
E18c,2,initial,2,0.005713295191526413,0.004161923430730594
E18c,2,initial,3,0.005413990467786789,0.0034374563420932775
E18c,2,initial,4,0.006896805018186569,0.0063960860272982735
E18c,2,initial,5,0.0043520741164684296,0.003565652523047702
E18c,2,initial,6,0.004842519760131836,0.0031509157331544614
E18c,2,initial,7,0.0038243085145950317,0.003037585714560222
E18c,2,initial,8,0.003847610205411911,0.003183660332553146
E18c,2,initial,9,0.00401981920003891,0.0027688167083077244
E18c,2,initial,10,0.004038199782371521,0.0030766125493243315
E18c,2,initial,11,0.003899257630109787,0.002902218535667967
E18c,2,initial,12,0.003953579813241959,0.0035182492748876454
E18c,2,initial,13,0.0032482855021953583,0.0023244655666098788
E18c,2,initial,14,0.0043157003819942474,0.003589865864708585
E18c,2,initial,15,0.004592876881361008,0.0034571603579590794
E18c,2,initial,16,0.00351734459400177,0.0028100934902724538
E18c,2,initial,17,0.0029036104679107666,0.0024276846488031447
E18c,2,initial,18,0.0025588013231754303,0.0022608433814209706
E18c,2,initial,19,0.0032494179904460907,0.0026977231729215217
E18c,2,initial,20,0.0035920292139053345,0.0027176051777172716
E18c,2,initial,21,0.003046691417694092,0.002374863829538044
E18c,2,initial,22,0.0029532015323638916,0.0031283713173133514
E18c,2,initial,23,0.0028375275433063507,0.002276450221164289
E18c,2,initial,24,0.0026722662150859833,0.0021402212582086653
E18c,2,initial,25,0.003182295709848404,0.0024882567431514934
E18c,2,initial,26,0.002827294170856476,0.002131436207149312
E18c,2,initial,27,0.002921268343925476,0.0020869912605196604
E18c,2,initial,28,0.0030663013458251953,0.0024780553021158925
E18c,2,initial,29,0.002331700176000595,0.0016994015390266585
E18c,2,initial,30,0.0029286257922649384,0.0019507555124049856
E18c,2,initial,31,0.0025634579360485077,0.0018492800632812791
E18c,2,initial,32,0.002404693514108658,0.0015422165017699569
E18c,2,initial,33,0.0025381557643413544,0.0017391195325921066
E18c,2,initial,34,0.0025145448744297028,0.0023752241224761082
E18c,2,initial,35,0.0023548156023025513,0.0021439597183796543
E18c,2,initial,36,0.0023785941302776337,0.001775444495976112
E18c,2,initial,37,0.0023135654628276825,0.0017739067761188207
E18c,2,initial,38,0.0018612928688526154,0.0015398856112504545
E18c,2,initial,39,0.002466142177581787,0.001983908954884588
E18c,2,initial,40,0.002635389566421509,0.0018606181948753256
E18c,2,initial,41,0.0023803412914276123,0.0019435542457178503
E18c,2,initial,42,0.00190025195479393,0.0014418765110837113
E18c,2,initial,43,0.0020214468240737915,0.0013984673530556518
E18c,2,initial,44,0.002300228923559189,0.0018881470781012468
E18c,2,initial,45,0.002111922949552536,0.0018262518350772603
E18c,2,initial,46,0.0023560896515846252,0.0018768110840728775
E18c,2,initial,47,0.002313286066055298,0.0015417553658210392
E18c,2,initial,48,0.0023879632353782654,0.0017744968237818307
E18c,2,initial,49,0.002371210604906082,0.001727010651062864
E18c,2,initial,50,0.0025163404643535614,0.001956400423381073
E18c,2,initial,51,0.0019607916474342346,0.0016953960139631625
E18c,2,initial,52,0.0022536516189575195,0.00195594684151991
E18c,2,initial,53,0.0024479441344738007,0.0021690897117047766
E18c,2,initial,54,0.0019404217600822449,0.0016372979297970475
E18c,2,initial,55,0.0018550194799900055,0.0016615881835548507
E18c,2,initial,56,0.0017016157507896423,0.0014032844271928975
E18c,2,initial,57,0.0022707805037498474,0.0016432107424115803
E18c,2,initial,58,0.002199579030275345,0.0015562682595864072
E18c,2,initial,59,0.001837611198425293,0.001403925318516341
E18c,2,initial,60,0.001653287559747696,0.0014391208690350025
E18c,2,initial,61,0.002390798181295395,0.0017626798025471666
E18c,2,initial,62,0.0019373819231987,0.0014810766114483381
E18c,2,initial,63,0.0018699243664741516,0.00165320403640571
E18c,2,initial,64,0.0019863396883010864,0.0017804966838845307
E18c,2,initial,65,0.031836751848459244,0.02387846386427365
E18c,2,final,0,0.005478020291775465,0.004393894123993555
E18c,2,final,1,0.0040436675772070885,0.0032012486273041464
E18c,2,final,2,0.004531472455710173,0.0032182702970233864
E18c,2,final,3,0.0032534822821617126,0.002570493813884295
E18c,2,final,4,0.0047043245285749435,0.003974638046187599
E18c,2,final,5,0.0030614035204052925,0.0021121780650247383
E18c,2,final,6,0.0032694735564291477,0.002816264755931401
E18c,2,final,7,0.0027318554930388927,0.002022618750199491
E18c,2,final,8,0.0023442571982741356,0.0018953882403123213
E18c,2,final,9,0.002561138477176428,0.0020353506586317017
E18c,2,final,10,0.0019540516659617424,0.0016328037352937752
E18c,2,final,11,0.0023314161226153374,0.0013973183742719303
E18c,2,final,12,0.001874143723398447,0.00182709315861326
E18c,2,final,13,0.002220852766185999,0.001697223241208394
E18c,2,final,14,0.002384856343269348,0.0017277541580757838
E18c,2,final,15,0.0017664735205471516,0.0012350493707396634
E18c,2,final,16,0.0020320690236985683,0.001858719300447432
E18c,2,final,17,0.0019512465223670006,0.0013125455159980477
E18c,2,final,18,0.0018980186432600021,0.0017122149396116856
E18c,2,final,19,0.001932594459503889,0.0014121058362795275
E18c,2,final,20,0.0016339304856956005,0.0012800589349584075
E18c,2,final,21,0.0014430289156734943,0.00115602006540804
E18c,2,final,22,0.0013576583005487919,0.001023316068497092
E18c,2,final,23,0.001479285303503275,0.0011496228380138732
E18c,2,final,24,0.001316150650382042,0.001135687691669005
E18c,2,final,25,0.0011521722190082073,0.0010489665905927302
E18c,2,final,26,0.0014134100638329983,0.001092335513555452
E18c,2,final,27,0.0012271092273294926,0.0008984495767354196
E18c,2,final,28,0.001677726861089468,0.001278476398884337
E18c,2,final,29,0.0012968024238944054,0.0011152202812078338
E18c,2,final,30,0.0014277747832238674,0.0009442868677608903
E18c,2,final,31,0.0013457462191581726,0.0010325306528216841
E18c,2,final,32,0.0014003422111272812,0.0010842019911588513
E18c,2,final,33,0.001060588750988245,0.0008023581328571384
E18c,2,final,34,0.0010367119684815407,0.0007983001033865777
E18c,2,final,35,0.0010144449770450592,0.0007429120171750354
E18c,2,final,36,0.0010523977689445019,0.0009450299247151579
E18c,2,final,37,0.0008651278913021088,0.0006324830450966911
E18c,2,final,38,0.0008500972762703896,0.00066587300322855
E18c,2,final,39,0.0009465990588068962,0.000634757247056171
E18c,2,final,40,0.0009841099381446838,0.0006066577185635447
E18c,2,final,41,0.0007784180343151093,0.0005906160193190634
E18c,2,final,42,0.0008305031806230545,0.000627346769874075
E18c,2,final,43,0.0008454830385744572,0.000624735876706099
E18c,2,final,44,0.0008987593464553356,0.0006433937134592437
E18c,2,final,45,0.0008246949873864651,0.0007441660503558926
E18c,2,final,46,0.0009267558343708515,0.000782663529894307
E18c,2,final,47,0.0009239055216312408,0.0006686337535845117
E18c,2,final,48,0.0008925795555114746,0.00067335299004323
E18c,2,final,49,0.0007407222874462605,0.000560412248412819
E18c,2,final,50,0.0009124488569796085,0.0006993200441408865
E18c,2,final,51,0.000726010650396347,0.0005886122244825386
E18c,2,final,52,0.000757977832108736,0.0005893663095647406
E18c,2,final,53,0.0006943754851818085,0.00044082244693145767
E18c,2,final,54,0.0006689964793622494,0.0005072228524627418
E18c,2,final,55,0.0006292462348937988,0.0005191311754616255
E18c,2,final,56,0.0007041133940219879,0.0005762868019663183
E18c,2,final,57,0.0005124951712787151,0.0003135061007954935
E18c,2,final,58,0.0006492361426353455,0.00046534319496059027
E18c,2,final,59,0.0005297977477312088,0.00039412155745241674
E18c,2,final,60,0.0005557718686759472,0.0004632288386196098
E18c,2,final,61,0.0005342853255569935,0.00036028761953668187
E18c,2,final,62,0.0006081098690629005,0.0005381842909661431
E18c,2,final,63,0.0007587885484099388,0.0005344690436412744
E18c,2,final,64,0.0006270576268434525,0.000579487770114096
E18c,2,final,65,0.00562742305919528,0.004604605473975169
E18d,0,initial,0,0.006485119462013245,0.0041926282690392756
E18d,0,initial,1,0.0059228502213954926,0.0053836327752220916
E18d,0,initial,2,0.007451493293046951,0.006190120389933553
E18d,0,initial,3,0.004660729318857193,0.004055971167456864
E18d,0,initial,4,0.006285924464464188,0.004656055420080372
E18d,0,initial,5,0.004840578883886337,0.0035486683272000067
E18d,0,initial,6,0.0061814263463020325,0.005050243818280452
E18d,0,initial,7,0.0035054832696914673,0.002971831274729863
E18d,0,initial,8,0.005088638514280319,0.004668178907314157
E18d,0,initial,9,0.003939356654882431,0.002989694298684214
E18d,0,initial,10,0.0037486106157302856,0.0027089619890421795
E18d,0,initial,11,0.0032667964696884155,0.002513614433860875
E18d,0,initial,12,0.0032566487789154053,0.0023867781617800603
E18d,0,initial,13,0.0036159977316856384,0.0027103689825128084
E18d,0,initial,14,0.0038404203951358795,0.002951295304222258
E18d,0,initial,15,0.0032282844185829163,0.002301142744377347
E18d,0,initial,16,0.0032130517065525055,0.002454657451556155
E18d,0,initial,17,0.003570549190044403,0.002833626509828153
E18d,0,initial,18,0.003820165991783142,0.0031497620229091507
E18d,0,initial,19,0.0034381337463855743,0.0023553986778995415
E18d,0,initial,20,0.0027301162481307983,0.0020421770551692676
E18d,0,initial,21,0.0026818402111530304,0.0019177387181134747
E18d,0,initial,22,0.003586176782846451,0.0025033045833086675
E18d,0,initial,23,0.0028537996113300323,0.0021891147862518417
E18d,0,initial,24,0.0035766959190368652,0.0026828975964268607
E18d,0,initial,25,0.0030335597693920135,0.0022488287174095315
E18d,0,initial,26,0.0029940344393253326,0.0028020426055893567
E18d,0,initial,27,0.0032606013119220734,0.0022604727071358376
E18d,0,initial,28,0.0028167106211185455,0.0024115532443983708
E18d,0,initial,29,0.0030234307050704956,0.0024255215775051886
E18d,0,initial,30,0.002587921917438507,0.0020868469071536238
E18d,0,initial,31,0.002762462943792343,0.002458475151091638
E18d,0,initial,32,0.003241155296564102,0.0025282357901273427
E18d,0,initial,33,0.028243649750947952,0.018663502962707534
E18d,0,final,0,0.0078014894388616085,0.007226336274461731
E18d,0,final,1,0.006349773611873388,0.005229422332735671
E18d,0,final,2,0.007066794205456972,0.004752796880088314
E18d,0,final,3,0.006187192630022764,0.005250044315778585
E18d,0,final,4,0.006101150531321764,0.006042295794534774
E18d,0,final,5,0.004254904575645924,0.0038704791805717824
E18d,0,final,6,0.0037348135374486446,0.003157220120919687
E18d,0,final,7,0.0033513051457703114,0.0026488862394558983
E18d,0,final,8,0.004609553841874003,0.003416885513898127
E18d,0,final,9,0.002908838912844658,0.0021881328319136462
E18d,0,final,10,0.0027504772879183292,0.002464578380908325
E18d,0,final,11,0.0027185119688510895,0.0023435596133712143
E18d,0,final,12,0.0028452053666114807,0.0019469222758770586
E18d,0,final,13,0.0024757888168096542,0.0018307122642220958
E18d,0,final,14,0.0024844976142048836,0.0020783805087490658
E18d,0,final,15,0.0023276139982044697,0.0016208577059883852
E18d,0,final,16,0.0027610191609710455,0.001778473911275736
E18d,0,final,17,0.0022742673754692078,0.0019029330011257179
E18d,0,final,18,0.002016316633671522,0.001380524584286225
E18d,0,final,19,0.0016705519519746304,0.0014992414588225911
E18d,0,final,20,0.0018594837747514248,0.001404043486733327
E18d,0,final,21,0.0016822009347379208,0.0012459442746592451
E18d,0,final,22,0.0017938660457730293,0.0013593093243726955
E18d,0,final,23,0.0012389528565108776,0.0009327948772027817
E18d,0,final,24,0.0011666575446724892,0.0011254751274003786
E18d,0,final,25,0.0014179833233356476,0.0010751828033573598
E18d,0,final,26,0.0010762016754597425,0.0008592444648265627
E18d,0,final,27,0.0014028893783688545,0.0010100950657456432
E18d,0,final,28,0.001111485529690981,0.0009036414886536963
E18d,0,final,29,0.0010520834475755692,0.0007710580754140887
E18d,0,final,30,0.0010475767776370049,0.0009701981653885016
E18d,0,final,31,0.0008835741318762302,0.0006290723615611783
E18d,0,final,32,0.0008819154463708401,0.0006554594057420767
E18d,0,final,33,0.006991154747083783,0.005310685120009606
E18d,1,initial,0,0.0055489689111709595,0.004599275451170435
E18d,1,initial,1,0.006609972566366196,0.004347462001352962
E18d,1,initial,2,0.007076393812894821,0.006283972158241259
E18d,1,initial,3,0.004820220172405243,0.004631070774891725
E18d,1,initial,4,0.006703376770019531,0.004651051524040865
E18d,1,initial,5,0.004784964025020599,0.004236623115280986
E18d,1,initial,6,0.008012566715478897,0.0074287052454952845
E18d,1,initial,7,0.004168517887592316,0.0031544062944562157
E18d,1,initial,8,0.004099149256944656,0.0032451779872868544
E18d,1,initial,9,0.003862999379634857,0.0026919807408633824
E18d,1,initial,10,0.004339046776294708,0.0029470320761954914
E18d,1,initial,11,0.003536708652973175,0.0027441903696435203
E18d,1,initial,12,0.004846792668104172,0.004051570371578667
E18d,1,initial,13,0.00391831248998642,0.0029433884341308345
E18d,1,initial,14,0.0047467052936553955,0.0034671661418441972
E18d,1,initial,15,0.004555057734251022,0.003473246371260319
E18d,1,initial,16,0.0039262957870960236,0.0034000882314357806
E18d,1,initial,17,0.004049312323331833,0.0030589913717789206
E18d,1,initial,18,0.002991165965795517,0.0027521535425590136
E18d,1,initial,19,0.0029862336814403534,0.002746056411992034
E18d,1,initial,20,0.004722606390714645,0.004301563764036188
E18d,1,initial,21,0.0027100220322608948,0.001788496977862142
E18d,1,initial,22,0.0038579218089580536,0.0026103922444788673
E18d,1,initial,23,0.0032120421528816223,0.0027979474612691234
E18d,1,initial,24,0.0041940100491046906,0.0033156528088060682
E18d,1,initial,25,0.0035683587193489075,0.0027094556856023604
E18d,1,initial,26,0.004129808396100998,0.0027897966709943024
E18d,1,initial,27,0.003405693918466568,0.0024600509918110804
E18d,1,initial,28,0.002685409039258957,0.0024110819932941616
E18d,1,initial,29,0.0033900514245033264,0.002631039519572789
E18d,1,initial,30,0.004620533436536789,0.0030577504008126913
E18d,1,initial,31,0.003168173134326935,0.0024284025220861426
E18d,1,initial,32,0.0030040666460990906,0.002686410342663237
E18d,1,initial,33,0.03141513466835022,0.02748731022074182
E18d,1,final,0,0.007890841457992792,0.007353872734834283
E18d,1,final,1,0.006326080299913883,0.005895809206974888
E18d,1,final,2,0.008217958500608802,0.0068517969730264305
E18d,1,final,3,0.005757700186222792,0.004213500042092901
E18d,1,final,4,0.0065724230371415615,0.005709888601527269
E18d,1,final,5,0.004695007111877203,0.0043090976247526225
E18d,1,final,6,0.005683583207428455,0.004534452304207707
E18d,1,final,7,0.0030948962084949017,0.0026042299012735835
E18d,1,final,8,0.004050266928970814,0.003631071034888313
E18d,1,final,9,0.0033669108524918556,0.0027477525754902653
E18d,1,final,10,0.003412534948438406,0.002641770621280301
E18d,1,final,11,0.0030152909457683563,0.002082071347472977
E18d,1,final,12,0.0027781501412391663,0.0027191227292241663
E18d,1,final,13,0.0027538216672837734,0.002210326194951791
E18d,1,final,14,0.003242315724492073,0.00255422168318638
E18d,1,final,15,0.0025028467644006014,0.0018355183846281995
E18d,1,final,16,0.002563981804996729,0.0024610369134442874
E18d,1,final,17,0.0019327481277287006,0.001341805696948554
E18d,1,final,18,0.001570061780512333,0.001171797382960246
E18d,1,final,19,0.0018385497387498617,0.0013542339221341221
E18d,1,final,20,0.0021704002283513546,0.0015491034232302588
E18d,1,final,21,0.0016017640009522438,0.0012586303709226203
E18d,1,final,22,0.001581784337759018,0.0011670897557386057
E18d,1,final,23,0.0013580159284174442,0.0011863606550453567
E18d,1,final,24,0.0016027004458010197,0.0012649878226549643
E18d,1,final,25,0.0013709254562854767,0.0011355111618002308
E18d,1,final,26,0.001357457134872675,0.0010298740304179668
E18d,1,final,27,0.0010678423568606377,0.0008321214024879284
E18d,1,final,28,0.001149035058915615,0.0010439091564457032
E18d,1,final,29,0.001237273681908846,0.0010822896977004336
E18d,1,final,30,0.0011134520173072815,0.0009765268196400455
E18d,1,final,31,0.0009912385139614344,0.0006854624636522766
E18d,1,final,32,0.0010457392781972885,0.0008466849259864826
E18d,1,final,33,0.007297183154150844,0.0053028182004370246
E18d,2,initial,0,0.01435159146785736,0.011395837990022738
E18d,2,initial,1,0.010002151131629944,0.008534413474717187
E18d,2,initial,2,0.011457942426204681,0.007446286041422577
E18d,2,initial,3,0.007630147039890289,0.0059847927956055294
E18d,2,initial,4,0.008962105959653854,0.006687091357919006
E18d,2,initial,5,0.007957421243190765,0.006283630815757948
E18d,2,initial,6,0.010654199868440628,0.007841792831728625
E18d,2,initial,7,0.008155569434165955,0.006684789145912947
E18d,2,initial,8,0.006739798933267593,0.006439191048384881
E18d,2,initial,9,0.006046578288078308,0.004296921901519089
E18d,2,initial,10,0.011636361479759216,0.008120756974444011
E18d,2,initial,11,0.007430698722600937,0.005728640693006198
E18d,2,initial,12,0.0074613019824028015,0.0059952695577897884
E18d,2,initial,13,0.007219035178422928,0.005535324983889629
E18d,2,initial,14,0.005617637187242508,0.00449071538502062
E18d,2,initial,15,0.006887417286634445,0.005319231312380449
E18d,2,initial,16,0.006401129066944122,0.005197652038905158
E18d,2,initial,17,0.004946921020746231,0.004799206168743989
E18d,2,initial,18,0.006640743464231491,0.004346068335624825
E18d,2,initial,19,0.004556506872177124,0.003103886610163575
E18d,2,initial,20,0.004324562847614288,0.004143766695727161
E18d,2,initial,21,0.004435207694768906,0.0037788247030524835
E18d,2,initial,22,0.008920975029468536,0.006791665831685884
E18d,2,initial,23,0.005669113248586655,0.004952310978997754
E18d,2,initial,24,0.005513042211532593,0.004304388947334487
E18d,2,initial,25,0.0057941339910030365,0.004908116394618522
E18d,2,initial,26,0.009364347904920578,0.0071536463834759294
E18d,2,initial,27,0.005528207868337631,0.004117967702743443
E18d,2,initial,28,0.0062715038657188416,0.0045550465085622965
E18d,2,initial,29,0.005129851400852203,0.003767008170225668
E18d,2,initial,30,0.006554894149303436,0.004647636265298237
E18d,2,initial,31,0.005900312215089798,0.004455407320934495
E18d,2,initial,32,0.007842909544706345,0.006052121785919468
E18d,2,initial,33,0.06488954275846481,0.05614453438058206
E18d,2,final,0,0.008742852369323373,0.006674144197483703
E18d,2,final,1,0.006868675351142883,0.004999660318450821
E18d,2,final,2,0.00662583950906992,0.005782430173172388
E18d,2,final,3,0.006126611493527889,0.005036926800817114
E18d,2,final,4,0.00477561354637146,0.0044016734851956025
E18d,2,final,5,0.004416747484356165,0.00337366290100962
E18d,2,final,6,0.004199166316539049,0.003350072480531135
E18d,2,final,7,0.0034774201922118664,0.0029773144855813876
E18d,2,final,8,0.002900383435189724,0.0020922784536369097
E18d,2,final,9,0.003101846668869257,0.0022200484067193453
E18d,2,final,10,0.002673206850886345,0.0021560507961844613
E18d,2,final,11,0.002965466817840934,0.002633860120769781
E18d,2,final,12,0.002587597817182541,0.0021227944565351594
E18d,2,final,13,0.002815429586917162,0.002391782789436804
E18d,2,final,14,0.002028073649853468,0.0018666506455949532
E18d,2,final,15,0.0023385044187307358,0.0018976228950299276
E18d,2,final,16,0.0018921177834272385,0.0016543993900073445
E18d,2,final,17,0.002256686333566904,0.001380069760585002
E18d,2,final,18,0.00168911786749959,0.0012310118967270452
E18d,2,final,19,0.0018330826424062252,0.0014003967298028067
E18d,2,final,20,0.0013095028698444366,0.001157436822875263
E18d,2,final,21,0.0013703173026442528,0.0012152280264689256
E18d,2,final,22,0.0016372832469642162,0.0011380868365370419
E18d,2,final,23,0.0014238031581044197,0.0010402184268441346
E18d,2,final,24,0.0011476920917630196,0.0008555117872802764
E18d,2,final,25,0.0012653665617108345,0.00101651210039451
E18d,2,final,26,0.0014237845316529274,0.0011883718502076004
E18d,2,final,27,0.0010996386408805847,0.000953290538823978
E18d,2,final,28,0.0010964623652398586,0.0010331067166226109
E18d,2,final,29,0.0009517320431768894,0.0007822619196914801
E18d,2,final,30,0.0009666015394032001,0.0006587026952209192
E18d,2,final,31,0.0009061838500201702,0.0007838803180086381
E18d,2,final,32,0.0010506422258913517,0.0007560621093914797
E18d,2,final,33,0.008318646345287561,0.006065085901672344
E19a,0,initial,0,0.02257475256919861,0.01950218318541852
E19a,0,initial,1,0.017277240753173828,0.013486851470520707
E19a,0,initial,2,0.02597583830356598,0.01943470015828776
E19a,0,initial,3,0.0205240361392498,0.013741947217982308
E19a,0,initial,4,0.018219277262687683,0.014333003001997743
E19a,0,initial,5,0.019056666642427444,0.015395280166657381
E19a,0,initial,6,0.018243618309497833,0.01475092517174445
E19a,0,initial,7,0.016315948218107224,0.011777170948205634
E19a,0,initial,8,0.015843719244003296,0.012815137496673174
E19a,0,initial,9,0.013612795621156693,0.01132275098208195
E19a,0,initial,10,0.01699906960129738,0.013782068299439704
E19a,0,initial,11,0.014106400310993195,0.009089397437259974
E19a,0,initial,12,0.010155122727155685,0.007492149250725742
E19a,0,initial,13,0.011698056012392044,0.009536042845759818
E19a,0,initial,14,0.007167614996433258,0.005154888780249036
E19a,0,initial,15,0.0068565793335437775,0.00574862210897579
E19a,0,initial,16,0.006044398993253708,0.006012119433688203
E19a,0,initial,17,0.04083453118801117,0.03330730724022956
E19a,0,final,0,0.019646478816866875,0.016156607458954378
E19a,0,final,1,0.018314740620553493,0.014133902935963137
E19a,0,final,2,0.015320554375648499,0.011713158070184325
E19a,0,final,3,0.01449517160654068,0.011954100793304038
E19a,0,final,4,0.013861013576388359,0.00975000076498255
E19a,0,final,5,0.01282238308340311,0.010393031070149009
E19a,0,final,6,0.013289926573634148,0.009446354269856613
E19a,0,final,7,0.011122163385152817,0.008619587080608558
E19a,0,final,8,0.009258643724024296,0.006532890405312703
E19a,0,final,9,0.010072729550302029,0.00787123977087472
E19a,0,final,10,0.009081391617655754,0.007005517629462837
E19a,0,final,11,0.00861072912812233,0.00727809708017493
E19a,0,final,12,0.0083349933847785,0.006016195600712467
E19a,0,final,13,0.007106540724635124,0.005731264632473233
E19a,0,final,14,0.005531907081604004,0.004230015764909109
E19a,0,final,15,0.005294608883559704,0.003802923699012985
E19a,0,final,16,0.002504408359527588,0.0018256260637952721
E19a,0,final,17,0.01095608714967966,0.008796339070134045
E19a,1,initial,0,0.02472645789384842,0.018277913381564592
E19a,1,initial,1,0.0191558375954628,0.015102830099597637
E19a,1,initial,2,0.018655769526958466,0.013988184989690068
E19a,1,initial,3,0.019153360277414322,0.012217975227127668
E19a,1,initial,4,0.013487432152032852,0.01071440343958403
E19a,1,initial,5,0.01672689989209175,0.013140951994979276
E19a,1,initial,6,0.013341698795557022,0.008782350545881085
E19a,1,initial,7,0.014644190669059753,0.010258697525706168
E19a,1,initial,8,0.016239799559116364,0.011622838079220597
E19a,1,initial,9,0.01233426108956337,0.009827613100983382
E19a,1,initial,10,0.011794500052928925,0.008988060181061328
E19a,1,initial,11,0.00964302197098732,0.0077625713737846476
E19a,1,initial,12,0.010012585669755936,0.0067683069421147395
E19a,1,initial,13,0.009677499532699585,0.0068843775494834315
E19a,1,initial,14,0.008109871298074722,0.006033759672954174
E19a,1,initial,15,0.007453713566064835,0.005327270265899159
E19a,1,initial,16,0.005137555301189423,0.00395671573303596
E19a,1,initial,17,0.04203582927584648,0.0316346534178757
E19a,1,final,0,0.014096635393798351,0.011843905700946919
E19a,1,final,1,0.015121974050998688,0.011386527280291126
E19a,1,final,2,0.016319728456437588,0.011113995343438371
E19a,1,final,3,0.015067311935126781,0.01025084724133503
E19a,1,final,4,0.012805012986063957,0.008963518564063857
E19a,1,final,5,0.012006962671875954,0.00902638846119077
E19a,1,final,6,0.013476596213877201,0.008337140966078726
E19a,1,final,7,0.011112355627119541,0.007343940411586569
E19a,1,final,8,0.009924238547682762,0.008362845128454324
E19a,1,final,9,0.010198337957262993,0.006452834738028052
E19a,1,final,10,0.008476617746055126,0.0064250739377487215
E19a,1,final,11,0.007895571179687977,0.005429165637663121
E19a,1,final,12,0.007046964950859547,0.005806647709831417
E19a,1,final,13,0.00606093555688858,0.00463577742260057
E19a,1,final,14,0.005026586353778839,0.004021686131901855
E19a,1,final,15,0.004527127370238304,0.0038158987907122182
E19a,1,final,16,0.002087182365357876,0.0017054726564770372
E19a,1,final,17,0.010571751743555069,0.007209633477111282
E19a,2,initial,0,0.02028215304017067,0.01451863817326362
E19a,2,initial,1,0.017039380967617035,0.0127666251573899
E19a,2,initial,2,0.019532646983861923,0.015152250440684831
E19a,2,initial,3,0.017469920217990875,0.01144483777855742
E19a,2,initial,4,0.01720631867647171,0.011932524897876396
E19a,2,initial,5,0.015624627470970154,0.01142976684048994
E19a,2,initial,6,0.012373991310596466,0.009888952722654602
E19a,2,initial,7,0.014863424003124237,0.010365566494077107
E19a,2,initial,8,0.013556655496358871,0.00926463635634722
E19a,2,initial,9,0.013611983507871628,0.009899647854495638
E19a,2,initial,10,0.011867672204971313,0.00800092185600553
E19a,2,initial,11,0.011685874313116074,0.009059868247718853
E19a,2,initial,12,0.009219445288181305,0.007632718342292184
E19a,2,initial,13,0.010240606963634491,0.006657926944119706
E19a,2,initial,14,0.008219700306653976,0.006498921765184385
E19a,2,initial,15,0.007210392504930496,0.00508455941994778
E19a,2,initial,16,0.003811359405517578,0.0034800053908444597
E19a,2,initial,17,0.027870792895555496,0.02182001248060251
E19a,2,final,0,0.019964865408837795,0.017346751018537
E19a,2,final,1,0.014755350537598133,0.010375106702676183
E19a,2,final,2,0.014459569938480854,0.009460115663183048
E19a,2,final,3,0.0138887669891119,0.011683393770402051
E19a,2,final,4,0.013135208748281002,0.010175795776486404
E19a,2,final,5,0.010446836240589619,0.00928193622608754
E19a,2,final,6,0.01175752468407154,0.008513231160539394
E19a,2,final,7,0.009674877859652042,0.00712271850315224
E19a,2,final,8,0.00836687907576561,0.007183359456147552
E19a,2,final,9,0.010217644274234772,0.00739865412049767
E19a,2,final,10,0.008792147040367126,0.006152127217172554
E19a,2,final,11,0.0082709901034832,0.006567947300527387
E19a,2,final,12,0.007607878185808659,0.005363130478766246
E19a,2,final,13,0.006449454464018345,0.004866309759705567
E19a,2,final,14,0.005224992521107197,0.0044292002519761295
E19a,2,final,15,0.005048672668635845,0.0036869488466176534
E19a,2,final,16,0.002522728405892849,0.002013942744708469
E19a,2,final,17,0.010875847190618515,0.008084976116328316
